course_url,category,type,title,duration,learners_amount,star_rating,star_num_ratings,description,tags
https://skills.yourlearning.ibm.com/activity/URL-077CD3DF921E,business,eLearning,E-commerce Business Blueprint,15 mins,373 learners have completed this activity in the past 12 months.,Average rating of 4.5 stars by 27 learners in the past 12 months.,27,"<h2 class=""FullPageDescription_title__WsNdH""><span dir=""ltr"" lang=""en"" translate=""yes"">About this learning activity</span></h2><div dir=""ltr"" lang=""en"" translate=""yes""><p>How to Build, Launch, and Grow a Profitable Online Store</p></div>","['Learning Domain', 'Workplace skills - Ways of working', 'Learning Domain Primary', 'Professional skills']"
https://skills.yourlearning.ibm.com/activity/ISG-DL35024G,business,eLearning,IBM RPA Business Operator Foundation,1 hr,8 learners have completed this activity in the past 12 months.,Average rating of 5 stars by 3 learners in the past 12 months.,3,"<h2 class=""FullPageDescription_title__WsNdH""><span dir=""ltr"" lang=""en"" translate=""yes"">About this learning activity</span></h2><div dir=""ltr"" lang=""en"" translate=""yes""><p>In this course, you will learn what is the business operator role, what is attended and unattended automation, how to create a launcher, schedule scripts and know the basic concepts of automation monitoring.</p>In this course, you will learn what is the business operator role and what are the role's permissions in the IBM Robotic Process Automation.
<p>This course requires you register for an IBMid to access.</p></div>","['Lightcast Skills Taxonomy', 'Automation Skill']"
https://skills.yourlearning.ibm.com/activity/URL-025EDDFC303B,business,eLearning,Business Writing | Coursera,15 mins,2652 learners have completed this activity in the past 12 months.,Average rating of 4 stars by 29 learners in the past 12 months.,29,"<h2 class=""FullPageDescription_title__WsNdH""><span dir=""ltr"" lang=""en"" translate=""yes"">About this learning activity</span></h2><div dir=""ltr"" lang=""en"" translate=""yes""><p>Writing well is one of the most important skills you can develop to be successful in the business world. Over seventy companies and thirty thousand students, from professional writers to new employees to non-native English speakers to seasoned executives, have used the techniques in Business Writing to power their ability to communicate and launch their ideas.<br/><br/>
 This course will teach you how to apply the top ten principles of good business writing to your work, how to deploy simple tools to dramatically improve your writing, and how to execute organization, structure, and revision to communicate more masterfully than ever. From the very first lesson, you'll be able to apply your new learning immediately to your work and improve your writing today. Your ideas are powerful. Learn how to deliver them with the clarity and impact they deserve.<br/><br/>
 This course is offered by Coursera and the University of Colorado Boulder. It is an online, self-paced course that is beginner level.<br/><br/><strong>Language</strong>: English<br/><strong>Duration</strong>: Approximately 11 hours<br/><strong>Important note</strong>: You can read and view the course content for free. You will be auditing the course or trying a free trial. You may not have access to certain assignments. You would need to enroll at a cost in order to be eligible to earn a certificate.<br/><br/>
 &gt; Return to this page to <strong>Mark complete </strong>to acknowledge that you finished reviewing the course information.</p></div>","['Learning Domain', 'Workplace skills - Ways of working', 'Learning Domain Primary', 'Professional skills', 'Lightcast Skills Taxonomy', 'Communications Skill', 'Auditing Skill', 'Business Writing Skill']"
https://skills.yourlearning.ibm.com/activity/ISG-DL70309G,business,eLearning,Business Transformation with SAP on IBM Cloud,36 mins,12 learners have completed this activity in the past 12 months.,Average rating of 3 stars by 2 learners in the past 12 months.,2,"<h2 class=""FullPageDescription_title__WsNdH""><span dir=""ltr"" lang=""en"" translate=""yes"">About this learning activity</span></h2><div dir=""ltr"" lang=""en"" translate=""yes""><p>This course presents different use cases for transforming a business using SAP on IBM Cloud. It explores use cases for when new implementations of SAP on IBM Cloud might be appropriate, as well as scenarios for migrating existing  SAP workloads to IBM Cloud.</p>This course presents different use cases for transforming a business using SAP on IBM Cloud. 
<p>This course requires you register for an IBMid to access.</p></div>","['Learning Domain', 'Technical Skills - Cloud', 'Lightcast Skills Taxonomy', 'SAP Applications Skill']"
https://skills.yourlearning.ibm.com/activity/URL-8E-OQAHDNB8,business,Video,The Secret to Business Writing: Crash Course Business - Soft Skills #3 | CrashCourse,11 mins,2735 learners have completed this activity in the past 12 months.,Average rating of 4.5 stars by 82 learners in the past 12 months.,82,"<h2 class=""FullPageDescription_title__WsNdH""><span dir=""ltr"" lang=""en"" translate=""yes"">About this learning activity</span></h2><div dir=""ltr"" lang=""en"" translate=""yes""><p>In business, you need to know how to write, and that involves learning a bunch of things like knowing who you're writing to and what you are writing. In this video, learn about writing for business.<br/><br/>
 This video is presented by CrashCourse.<br/><br/>
 After you complete this activity, return to this page to select <strong>Mark complete</strong> for completion credit.<br/><br/><strong>Note</strong>: On the video toolbar, go to <strong>Settings</strong>, select <strong>Subtitles</strong>, select <strong>English</strong>, and then select <strong>Auto-Translate</strong> to enable subtitles in a language of your choice from the drop-down.</p></div>","['Learning Domain', 'Workplace skills - Ways of working', 'Learning Domain Primary', 'Professional skills', 'Lightcast Skills Taxonomy', 'Writing Skill', 'Business Writing Skill']"
https://skills.yourlearning.ibm.com/activity/ISG-DL35020G,business,eLearning,IBM RPA Business User Foundation,1 hr,8 learners have completed this activity in the past 12 months.,Average rating of 5 stars by 1 learner in the past 12 months.,1,"<h2 class=""FullPageDescription_title__WsNdH""><span dir=""ltr"" lang=""en"" translate=""yes"">About this learning activity</span></h2><div dir=""ltr"" lang=""en"" translate=""yes""><p>This course offers texts, videos, and other support materials on the IBM Robotic Process Automation basics for Business User. Therefore, at the end of the course, you will be able to consume scripts in IBM RPA.</p>In this course, you learn the basic concepts and main features of the IBM Robotic Process Automation for Business User role. They own tasks and are the go-to reference when automation development is i
<p>This course requires you register for an IBMid to access.</p></div>","['Lightcast Skills Taxonomy', 'Automation Skill']"
https://skills.yourlearning.ibm.com/activity/ISG-DL19009G,business,eLearning,watsonx Orchestrate: Business Automation in the Age of Agentic AI,1 hr,6 learners have completed this activity in the past 12 months.,,,"<h2 class=""FullPageDescription_title__WsNdH""><span dir=""ltr"" lang=""en"" translate=""yes"">About this learning activity</span></h2><div dir=""ltr"" lang=""en"" translate=""yes""><p>During this course you will discover how to leverage your business automation capabilities in an agentic context. You will learn the power of AI assistants with agents and how to enrich them with business automation skills using watsonx Orchestrate.</p>This course shows you how to leverage your business automation capabilities in an agentic context. 
<p>This course requires you register for an IBMid to access.</p></div>",[]
https://skills.yourlearning.ibm.com/activity/URL-JTD_MVG6Z7O,business,Video,Marketing 101 - Marketing Tips for Small Business Owners,30 mins,139 learners have completed this activity in the past 12 months.,Average rating of 4 stars by 6 learners in the past 12 months.,6,"<h2 class=""FullPageDescription_title__WsNdH""><span dir=""ltr"" lang=""en"" translate=""yes"">About this learning activity</span></h2><div dir=""ltr"" lang=""en"" translate=""yes""><p>After you complete this activity, return to this page to select <strong>Mark complete</strong> for completion credit.</p></div>","['Learning Domain', 'Workplace skills - Ways of working', 'Learning Domain Primary', 'Professional skills', 'Lightcast Skills Taxonomy', 'Marketing Skill']"
https://skills.yourlearning.ibm.com/activity/URL-CF37ACEAA40F,business,eLearning,Construire son business plan | OpenClassrooms,10 hrs,277 learners have completed this activity in the past 12 months.,Average rating of 4 stars by 11 learners in the past 12 months.,11,"<h2 class=""FullPageDescription_title__WsNdH""><span dir=""ltr"" lang=""en"" translate=""yes"">About this learning activity</span></h2><div dir=""ltr"" lang=""fr"" translate=""yes"">Vous êtes étudiants et vous souhaitez maîtriser les enjeux et les fondamentaux d’un Business plan ? Vous êtes entrepreneurs ou futurs dirigeants, et vous devez rédiger votre Business plan afin de monter votre projet entrepreneurial ? Ou encore vous êtes cadres en entreprise, et vous souhaitez perfectionner vos compétences sur le Business plan ? Ce cours est fait pour vous ! Il existe de nombreux supports sur Internet, et conseils pour créer un Business plan mais comment construire et organiser un Business plan cohérent avec votre projet entrepreneurial ? Comment identifier les éléments de réflexion utiles dès la phase en amont qui vous permettront de prendre certaines décisions ? Dans ce cours, nous vous proposons de découvrir les éléments de base constituant un BP, et de construire pas à pas, un Business plan pertinent. Quels critères sont pris en compte lors de la lecture d’un Business plan ? Qu’est-ce qu’un bon Business plan ? Comment est-il organisé ? Comment identifier son offre ? Son marché ? Comment rédiger les éléments financiers ? Autant de questions auxquels nous vous proposons de répondre ! 
<br/>
<br/>
Ce MOOC est proposé par OpenClassrooms. 
<br/>
<br/>
Après avoir suivi cette activité, revenez sur cette page et sélectionnez "" <strong>Marquer terminé</strong>"" afin de prendre en compte ce parcours. 
<br/>
<br/>
Note : cette activité est uniquement disponible en français.</div>","['Areas of Interest', 'Professional skills > Problem solving', 'Professional skills > Leadership', 'Learning Domain', 'Workplace skills - Ways of working', 'Learning Domain Primary', 'Professional skills']"
https://skills.yourlearning.ibm.com/activity/ISG-DL70540G,business,eLearning,Business Continuity Planning for Power Virtual Server,36 mins,3 learners have completed this activity in the past 12 months.,Average rating of 4 stars by 1 learner in the past 12 months.,1,"<h2 class=""FullPageDescription_title__WsNdH""><span dir=""ltr"" lang=""en"" translate=""yes"">About this learning activity</span></h2><div dir=""ltr"" lang=""en"" translate=""yes""><p>This course explores the components included in business continuity planning for Power Virtual Server infrastructure. The lessons within focus on identifying and differentiating between available backup methods, as well as comparing and contrasting the disaster and high availability solutions for AIX and IBM i operating systems.</p>This course explores the components included in business continuity planning for Power Virtual Server infrastructure. It focuses on identifying and differentiating between available backup methods.
<p>This course requires you register for an IBMid to access.</p></div>",[]
https://skills.yourlearning.ibm.com/activity/URL-68640195FE8D,business,Video,Legal Questions and Considerations for the Small Business Owner (U.S.),53 mins,61 learners have completed this activity in the past 12 months.,Average rating of 4 stars by 6 learners in the past 12 months.,6,"<h2 class=""FullPageDescription_title__WsNdH""><span dir=""ltr"" lang=""en"" translate=""yes"">About this learning activity</span></h2><div dir=""ltr"" lang=""en"" translate=""yes"">This on-demand webinar, presented by lawyers from Jones Day and IBM, is part of a series of webinars covering legal education topics for small business owners and entrepreneurs in the United States. 
<br/>
<br/><strong>Webinar summary</strong>: 
<br/>
This seminar will highlight the legal issues that small business owners and nonprofits may encounter as they begin operations. While other Reignite seminars are designed to focus on specific legal issues in more detail, such as hiring employees and creating articles of incorporation, this program is intended to serve as an interactive overview of legal issues one may face or need to consider. The presentation will discuss spotting legal issues before they arise, outline considerations in assessing whether or not you need to consult with legal counsel, and direct you to support and resources. 
<br/>
<br/><strong>Language</strong>: English 
<br/>
<br/>
After you complete this activity, return to this page to select <strong>Mark complete</strong> for completion credit. 
<br/>
<br/><strong>Resources</strong>: 
<br/><a href=""https://ibm.box.com/s/jj76830yuwd25vu53p46csncsp70fbk0"" rel=""noopener noreferrer nofollow"" target=""_blank"">Takeaway checklist</a>
<br/><a href=""https://ibm.box.com/s/ih719nxgv1e9mzrtzgbwgf7x2d5y7ssq"" rel=""noopener noreferrer nofollow"" target=""_blank"">Presentation slides</a>
<br/>
<br/><strong>Disclaimer:</strong>  
<br/>
By clicking <strong>Go to this activity</strong>, you agree to the following:  
<br/>
Any presentation by the presenting lawyers and the firms and companies with which they work should not be considered or construed as legal advice on any individual matter or circumstance. The distribution of this presentation or its content is not intended to create, and receipt of it does not constitute, an attorney-client relationship. The contents of this document are intended for general information purposes only and may not be quoted or referred to in any other presentation, publication or proceeding without the prior written consent of the presenting lawyers and/or the firms and companies with which they work, which may be given or withheld at their discretion. The views set forth herein are the personal views of the authors and do not necessarily reflect those of the firms and companies with which they work. Any listener of any presentation pursuant to this program who needs legal advice should consult an attorney for that purpose.</div>","['Learning Domain', 'Workplace skills - Ways of working', 'Learning Domain Primary', 'Professional skills', 'Lightcast Skills Taxonomy', 'Operations Skill']"
https://skills.yourlearning.ibm.com/activity/URL-76718CD75F0F,business,Video,How to Start a Business – Part 1 (U.S.),43 mins,81 learners have completed this activity in the past 12 months.,Average rating of 4.5 stars by 7 learners in the past 12 months.,7,"<h2 class=""FullPageDescription_title__WsNdH""><span dir=""ltr"" lang=""en"" translate=""yes"">About this learning activity</span></h2><div dir=""ltr"" lang=""en"" translate=""yes"">This on-demand webinar, presented by lawyers from Jones Day and IBM, is part of a series of webinars covering legal education topics for small business owners and entrepreneurs in the United States. 
<br/>
<br/><strong>Webinar summary</strong>: 
<br/>
Now that you have decided to start a business, what are the next steps you should consider? This presentation is designed to help startups navigate the complexities of starting a business by covering topics ranging from preparing a business plan, choosing the right legal structure, determining your company’s management style, understanding fiduciary duties and evaluating options for raising capital. 
<br/>
<br/><strong>Language</strong>: English 
<br/>
<br/>
After you complete this activity, return to this page to select <strong>Mark complete</strong> for completion credit. 
<br/>
<br/><strong>Resources</strong>: 
<br/><a href=""https://ibm.box.com/s/m9626plheaudm1d29o41vcj26femmbbw"" rel=""noopener noreferrer nofollow"" target=""_blank"">Presentation slides</a>
<br/>
<br/><strong>Disclaimer:</strong>
<br/>
By clicking <strong>Go to this activity</strong>, you agree to the following:  
<br/>
Any presentation by the presenting lawyers and the firms and companies with which they work should not be considered or construed as legal advice on any individual matter or circumstance. The distribution of this presentation or its content is not intended to create, and receipt of it does not constitute, an attorney-client relationship. The contents of this document are intended for general information purposes only and may not be quoted or referred to in any other presentation, publication or proceeding without the prior written consent of the presenting lawyers and/or the firms and companies with which they work, which may be given or withheld at their discretion. The views set forth herein are the personal views of the authors and do not necessarily reflect those of the firms and companies with which they work. Any listener of any presentation pursuant to this program who needs legal advice should consult an attorney for that purpose.</div>","['Learning Domain', 'Workplace skills - Ways of working', 'Learning Domain Primary', 'Professional skills']"
https://skills.yourlearning.ibm.com/activity/URL-257E4C01E17D,business,Webpage,Three keys to competitiveness in an era of economic uncertainty | IBM Institute for Business Value,20 mins,1224 learners have completed this activity in the past 12 months.,Average rating of 4 stars by 33 learners in the past 12 months.,33,"<h2 class=""FullPageDescription_title__WsNdH""><span dir=""ltr"" lang=""en"" translate=""yes"">About this learning activity</span></h2><div dir=""ltr"" lang=""en"" translate=""yes"">Learn how public and private sector leaders can work together to foster national and regional economic competitiveness in an era of uncertainty. 
<br/>
<br/>
This report is presented by IBM Institute for Business Value. It is authored by Kazuaki Ikeda, Dave Zaharchuk, and Anthony Marshall. 
<br/>
<br/>
After you complete this activity, return to this page to select  <strong>Mark complete</strong> for completion credit.  
<br/>
<br/><strong>Note</strong>: This activity is available only in English.</div>","['Learning Domain', 'Workplace skills - Ways of working', 'Learning Domain Primary', 'Professional skills']"
https://skills.yourlearning.ibm.com/activity/URL-LU84BFFQKVI,business,Video,The Explainer: What It Takes to Be a Great Leader | Harvard Business Review,2 mins 24 s,425 learners have completed this activity in the past 12 months.,Average rating of 4.5 stars by 72 learners in the past 12 months.,72,"<h2 class=""FullPageDescription_title__WsNdH""><span dir=""ltr"" lang=""en"" translate=""yes"">About this learning activity</span></h2><div dir=""ltr"" lang=""en"" translate=""yes""><p>“Level 5” leadership is about combining fierce resolve with personal humility. “Level 5” refers to the highest level in a hierarchy of executive capabilities. Leaders at the other four levels in the hierarchy can produce high degrees of success but not enough to elevate companies from mediocrity to sustained excellence. Level 5 leaders blend extreme personal humility with intense professional will. Learn more in this video!<br/><br/>
 This video is presented by the Harvard Business Review.<br/><br/>
 After you complete this activity, return to this page to select <strong>Mark complete</strong> for completion credit.<br/><br/><strong>Note</strong>: On the video toolbar, go to <strong>Settings</strong>, select <strong>Subtitles</strong>, select <strong>English</strong>, and then select <strong>Auto-Translate</strong> to enable subtitles in a language of your choice from the drop-down.</p></div>","['Learning Domain', 'Workplace skills - Ways of working', 'Learning Domain Primary', 'Professional skills']"
https://skills.yourlearning.ibm.com/activity/URL-0B961B92F65F,business,Video,How to Start a Business – Part 2 (U.S.),17 mins,73 learners have completed this activity in the past 12 months.,Average rating of 3.5 stars by 5 learners in the past 12 months.,5,"<h2 class=""FullPageDescription_title__WsNdH""><span dir=""ltr"" lang=""en"" translate=""yes"">About this learning activity</span></h2><div dir=""ltr"" lang=""en"" translate=""yes"">This on-demand webinar, presented by lawyers from Jones Day and IBM, is part of a series of webinars covering legal education topics for small business owners and entrepreneurs in the United States. 
<br/>
<br/><strong>Webinar summary</strong>: 
<br/>
Now that you have decided to start a business, what are the next steps you should consider? This presentation is designed to help startups navigate the complexities of starting a business by covering topics ranging from preparing a business plan, choosing the right legal structure, determining your company’s management style, understanding fiduciary duties and evaluating options for raising capital. 
<br/>
<br/><strong>Language</strong>: English 
<br/>
<br/>
After you complete this activity, return to this page to select <strong>Mark complete</strong> for completion credit. 
<br/>
<br/><strong>Resources</strong>: 
<br/><a href=""https://ibm.box.com/s/m9626plheaudm1d29o41vcj26femmbbw"" rel=""noopener noreferrer nofollow"" target=""_blank"">Presentation slides</a>
<br/>
<br/><strong>Disclaimer:</strong>
<br/>
By clicking <strong>Go to this activity</strong>, you agree to the following:  
<br/>
Any presentation by the presenting lawyers and the firms and companies with which they work should not be considered or construed as legal advice on any individual matter or circumstance. The distribution of this presentation or its content is not intended to create, and receipt of it does not constitute, an attorney-client relationship. The contents of this document are intended for general information purposes only and may not be quoted or referred to in any other presentation, publication or proceeding without the prior written consent of the presenting lawyers and/or the firms and companies with which they work, which may be given or withheld at their discretion. The views set forth herein are the personal views of the authors and do not necessarily reflect those of the firms and companies with which they work. Any listener of any presentation pursuant to this program who needs legal advice should consult an attorney for that purpose.</div>","['Learning Domain', 'Workplace skills - Ways of working', 'Learning Domain Primary', 'Professional skills']"
https://skills.yourlearning.ibm.com/activity/URL-D4FA0ABEE7D2,business,Video,Business Formation: For-profit or Non-profit? (U.S.),53 mins,58 learners have completed this activity in the past 12 months.,Average rating of 3.5 stars by 3 learners in the past 12 months.,3,"<h2 class=""FullPageDescription_title__WsNdH""><span dir=""ltr"" lang=""en"" translate=""yes"">About this learning activity</span></h2><div dir=""ltr"" lang=""en"" translate=""yes"">This on-demand webinar, presented by lawyers from Jones Day and IBM, is part of a series of webinars covering legal education topics for small business owners and entrepreneurs in the United States. 
<br/>
<br/><strong>Webinar summary</strong>: 
<br/>
The differences between non-profit and for-profit organizations go beyond just having or not a profit. This presentation will highlight the main differences between non-profit organizations and for-profit businesses by providing an overview of the various legal structures available for non-profit and for-profit enterprises, addressing fundraising options and strategies for each type, and outlining good governance practices to be applied in each case. 
<br/>
<br/><strong>Language</strong>: English 
<br/>
<br/>
After you complete this activity, return to this page to select <strong>Mark complete</strong> for completion credit. 
<br/>
<br/><strong>Resources</strong>: 
<br/><a href=""https://ibm.box.com/s/zw0p77n1zydtkk89q1m9wb2f6dbicpz1"" rel=""noopener noreferrer nofollow"" target=""_blank"">Presentation slides</a>
<br/>
<br/><strong>Disclaimer:</strong>   
<br/>
By clicking <strong>Go to this activity</strong>, you agree to the following:  
<br/>
Any presentation by the presenting lawyers and the firms and companies with which they work should not be considered or construed as legal advice on any individual matter or circumstance. The distribution of this presentation or its content is not intended to create, and receipt of it does not constitute, an attorney-client relationship. The contents of this document are intended for general information purposes only and may not be quoted or referred to in any other presentation, publication or proceeding without the prior written consent of the presenting lawyers and/or the firms and companies with which they work, which may be given or withheld at their discretion. The views set forth herein are the personal views of the authors and do not necessarily reflect those of the firms and companies with which they work. Any listener of any presentation pursuant to this program who needs legal advice should consult an attorney for that purpose.</div>","['Learning Domain', 'Workplace skills - Ways of working', 'Learning Domain Primary', 'Professional skills']"
https://skills.yourlearning.ibm.com/activity/URL-A898F162E34D,business,Webpage,COVID-19 and shattered supply chains | IBM Institute for Business Value,20 mins,138 learners have completed this activity in the past 12 months.,Average rating of 4.5 stars by 4 learners in the past 12 months.,4,"<h2 class=""FullPageDescription_title__WsNdH""><span dir=""ltr"" lang=""en"" translate=""yes"">About this learning activity</span></h2><div dir=""ltr"" lang=""en"" translate=""yes"">COVID-19 has driven home the need to reduce global supply chain vulnerabilities through intelligent workflows. 
<br/>
<br/>
This report is presented by IBM Institute for Business Value and authored by Jonathan Wright and Jim Lee. 
<br/>
<br/>
After you complete this activity, return to this page to select  <strong>Mark complete</strong> for completion credit.  
<br/>
<br/><strong>Note</strong>: This activity is available only in English. 
<br/>
 </div>","['Learning Domain', 'Workplace skills - Ways of working', 'Learning Domain Primary', 'Professional skills', 'Lightcast Skills Taxonomy', 'Workflow Management Skill']"
https://skills.yourlearning.ibm.com/activity/URL-415E3C8CB466,business,Book/Article,Go Green! 5 Tips for Growing a Sustainable Small Business | US Chamber of Commerce,5 mins,839 learners have completed this activity in the past 12 months.,Average rating of 4 stars by 22 learners in the past 12 months.,22,"<h2 class=""FullPageDescription_title__WsNdH""><span dir=""ltr"" lang=""en"" translate=""yes"">About this learning activity</span></h2><div dir=""ltr"" lang=""en"" translate=""yes""><p>Looking for inspiration to help your business “go green”? Here are five tips for growing a sustainable small business.</p></div>",[]
https://skills.yourlearning.ibm.com/activity/URL-FE826A595113,business,Webpage,5 Ways to Boost Your Resilience at Work | Harvard Business Review,10 mins,1646 learners have completed this activity in the past 12 months.,Average rating of 3.5 stars by 23 learners in the past 12 months.,23,"<h2 class=""FullPageDescription_title__WsNdH""><span dir=""ltr"" lang=""en"" translate=""yes"">About this learning activity</span></h2><div dir=""ltr"" lang=""en"" translate=""yes"">How can we develop resilience and stay motivated in the face of chronic negative stress and constantly increasing demands, complexity and change? Here are some tips, based on some of the latest neuroscience, behavioral, and organizational research. 
<br/>
<br/>
This is a Harvard Business Review article by Rich Fernandez. 
<br/>
<br/>
After you complete this activity, return to this page to select <strong>Mark complete</strong> for completion credit. 
<br/>
<br/><strong>Note</strong>: This activity is available only in English.</div>","['Learning Domain', 'Workplace skills - Ways of working', 'Learning Domain Primary', 'Professional skills', 'Lightcast Skills Taxonomy', 'Research Skill']"
https://skills.yourlearning.ibm.com/activity/URL-1E3DD96E5D9B,business,Webpage,11 Traits you need to be an effective remote worker | Business Insider,10 mins,392 learners have completed this activity in the past 12 months.,Average rating of 4.5 stars by 5 learners in the past 12 months.,5,"<h2 class=""FullPageDescription_title__WsNdH""><span dir=""ltr"" lang=""en"" translate=""yes"">About this learning activity</span></h2><div dir=""ltr"" lang=""en"" translate=""yes""><p>Although working remotely can sound like a dream come true, the truth is that not everyone is cut out for it. You have to be well suited to this way of working. This article shares some traits you need to be an effective remote worker.<br/><br/>
 This is a Business Insider article by Natalia Lusinski.<br/><br/>
 When you complete the article, be sure to return to this Your Learning activity page to select <strong>Mark Complete</strong> for completion credit.<br/><br/><strong>Note</strong>: This activity is available only in English.</p></div>","['Learning Domain', 'Workplace skills - Ways of working', 'Learning Domain Primary', 'Professional skills']"
https://skills.yourlearning.ibm.com/activity/URL-74F1EE404D73,business,Webpage,COVID-19 is hitting retailers hard | IBM Institute for Business Value,20 mins,169 learners have completed this activity in the past 12 months.,Average rating of 4 stars by 5 learners in the past 12 months.,5,"<h2 class=""FullPageDescription_title__WsNdH""><span dir=""ltr"" lang=""en"" translate=""yes"">About this learning activity</span></h2><div dir=""ltr"" lang=""en"" translate=""yes"">The world of retail has changed almost overnight. Within a week, the retail industry had bifurcated into two segments: “essential” and “non-essential.” As our industry navigates through these unprecedented times, here are some initial thoughts on how we see it unfolding and what retailers are (or will be) doing to run their businesses, understand how their customers are feeling, take care of their workforces, and support their partners. 
<br/>
<br/>
This report is presented by IBM Institute for Business Value and authored by Karl Haller. 
<br/>
<br/>
After you complete this activity, return to this page to select  <strong>Mark complete</strong> for completion credit.  
<br/>
<br/><strong>Note</strong>: This activity is available only in English.</div>","['Learning Domain', 'Workplace skills - Ways of working', 'Learning Domain Primary', 'Professional skills']"
https://skills.yourlearning.ibm.com/activity/URL-VRADYQCXFGQ,business,Video,How to Collaborate Effectively If Your Team Is Remote (The Explainer) | Harvard Business Review,2 mins 25 s,316 learners have completed this activity in the past 12 months.,Average rating of 4 stars by 139 learners in the past 12 months.,139,"<h2 class=""FullPageDescription_title__WsNdH""><span dir=""ltr"" lang=""en"" translate=""yes"">About this learning activity</span></h2><div dir=""ltr"" lang=""en"" translate=""yes""><p>Why do remote teams demand new collaboration skills? What’s missing from our texts, emails, conference calls, and other digital communications? Body language. Even when we’re co-located, the tone of a text or the formality of an email is left wide open to interpretation, to the point that even our closest friends get confused. These misinterpretations create an anxiety that can become costly, affecting morale, engagement, productivity, and innovation.<br/><br/>
 Remote communication can distort the normal pace of our conversations. The delay between our messages can often postpone or hide emotional reactions to our comments. Lacking an immediate response, we can become distracted, second-guess ourselves, or even grow frustrated with our teams.<br/><br/>
 To perform at the highest levels, remote teams have to find new and better ways to operate.<br/><br/>
 This video is presented by the Harvard Business Review.<br/><br/>
 After you complete this activity, return to this page to select <strong>Mark complete</strong> for completion credit.<br/><br/><strong>Note</strong>: On the video toolbar, go to <strong>Settings</strong>, select <strong>Subtitles</strong>, select <strong>English</strong>, and then select <strong>Auto-Translate</strong> to enable subtitles in a language of your choice from the drop-down.</p></div>","['Learning Domain', 'Workplace skills - Ways of working', 'Learning Domain Primary', 'Professional skills', 'Lightcast Skills Taxonomy', 'Communications Skill', 'Innovation Skill']"
https://skills.yourlearning.ibm.com/activity/URL-5A82FABBF639,business,Book/Article,"11 Dinge, die erfolgreiche Menschen in den ersten drei Monaten im neuen Job erreichen | Business Insider",10 mins,175 learners have completed this activity in the past 12 months.,Average rating of 3 stars by 1 learner in the past 12 months.,1,"<h2 class=""FullPageDescription_title__WsNdH""><span dir=""ltr"" lang=""en"" translate=""yes"">About this learning activity</span></h2><div dir=""ltr"" lang=""de"" translate=""yes""><p>Worauf sollte man im neuen Job achten?<br/><br/>
 Nachdem Sie diese Aktivität abgeschlossen haben, kehren Sie zu dieser Seite zurück, um sie mit der Option <strong>Als abgeschlossen markieren</strong> (Mark complete).</p></div>",[]
https://skills.yourlearning.ibm.com/activity/URL-E4DE2BECB30A,business,Video,This Program Rules: What Every Business Owner Needs to Know About Advertising Law (U.S.),43 mins,66 learners have completed this activity in the past 12 months.,Average rating of 4 stars by 6 learners in the past 12 months.,6,"<h2 class=""FullPageDescription_title__WsNdH""><span dir=""ltr"" lang=""en"" translate=""yes"">About this learning activity</span></h2><div dir=""ltr"" lang=""en"" translate=""yes"">This on-demand webinar, presented by lawyers from Jones Day and IBM, is part of a series of webinars covering legal education topics for small business owners and entrepreneurs in the United States. 
<br/>
<br/><strong>Webinar summary</strong>: 
<br/>
Advertising has been around for years, companies will spend in excess of 250 billion dollars this year in the US alone on advertising.  Telling your customers why your product or service is the right one for them seems like a straightforward exercise.  But, advertising rules and regulations present legal traps that can hurt both the most experienced large business owner and small business owners alike.  In this seminar, we will cover what constitutes advertising, how to prevent “false” claims, and best practices to avoid pitfalls associated with making claims that can cause exposure.  We will look at some real world examples of good claims gone bad, and talk about how to avoid issues commonly faced by new and experienced businesses alike.   
<br/>
<br/><strong>Language</strong>: English 
<br/>
<br/>
After you complete this activity, return to this page to select <strong>Mark complete</strong> for completion credit. 
<br/>
<br/><strong>Resources:</strong>
<br/><a href=""https://ibm.box.com/s/nyv0a9pub38rpn5a0gkj5a7dofr0d757"" rel=""noopener noreferrer nofollow"" target=""_blank"">Disclosures 101 for Social Medial Influencers</a>
<br/><a href=""https://ibm.box.com/s/rg4bzml332ah2cooejaxy2a2lju1p9hz"" rel=""noopener noreferrer nofollow"" target=""_blank"">Advertising and Marketing on the Internet</a>
<br/><a href=""https://ibm.box.com/s/2u33ryt1d0q14q09k5yidrkzpgs77q4m"" rel=""noopener noreferrer nofollow"" target=""_blank"">Presentation slides</a>
<br/>
<br/><strong>Disclaimer:</strong>   
<br/>
By clicking <strong>Go to this activity</strong>, you agree to the following:  
<br/>
Any presentation by the presenting lawyers and the firms and companies with which they work should not be considered or construed as legal advice on any individual matter or circumstance. The distribution of this presentation or its content is not intended to create, and receipt of it does not constitute, an attorney-client relationship. The contents of this document are intended for general information purposes only and may not be quoted or referred to in any other presentation, publication or proceeding without the prior written consent of the presenting lawyers and/or the firms and companies with which they work, which may be given or withheld at their discretion. The views set forth herein are the personal views of the authors and do not necessarily reflect those of the firms and companies with which they work. Any listener of any presentation pursuant to this program who needs legal advice should consult an attorney for that purpose.</div>","['Learning Domain', 'Workplace skills - Ways of working', 'Learning Domain Primary', 'Professional skills', 'Lightcast Skills Taxonomy', 'Marketing Skill']"
https://skills.yourlearning.ibm.com/activity/URL-86D9D067F44B,business,Webpage,Resources for Business Owners | IBM,5 mins,196 learners have completed this activity in the past 12 months.,Average rating of 4 stars by 9 learners in the past 12 months.,9,"<h2 class=""FullPageDescription_title__WsNdH""><span dir=""ltr"" lang=""en"" translate=""yes"">About this learning activity</span></h2><div dir=""ltr"" lang=""en"" translate=""yes"">Check out these helpful resources for small business owners or entrepreneurs. 
<br/>
<br/>
After you complete this activity, return to this page to select <strong>Mark complete</strong> for completion credit.</div>","['Learning Domain', 'Workplace skills - Ways of working', 'Learning Domain Primary', 'Professional skills']"
https://skills.yourlearning.ibm.com/activity/URL-94F4DAB1E4FC,business,Other,Your Critical First 10 Days as a Leader,30 mins,116 learners have completed this activity in the past 12 months.,Average rating of 5 stars by 3 learners in the past 12 months.,3,"<h2 class=""FullPageDescription_title__WsNdH""><span dir=""ltr"" lang=""en"" translate=""yes"">About this learning activity</span></h2><div dir=""ltr"" lang=""en"" translate=""yes""><p>Get the free ebook to learn how to launch as a leader and set yourself up for sustained, long-term success.</p></div>","['Popular Subjects', 'Leadership']"
https://skills.yourlearning.ibm.com/activity/ISG-DL70510G,business,eLearning,DevSecOps Explained,18 mins,31 learners have completed this activity in the past 12 months.,,,"<h2 class=""FullPageDescription_title__WsNdH""><span dir=""ltr"" lang=""en"" translate=""yes"">About this learning activity</span></h2><div dir=""ltr"" lang=""en"" translate=""yes""><p>In this course, you will discover the DevSecOps principles, Agile and Lean methodologies involved in DevSecOps, and key business and IT drivers of DevSecOps.</p>In this course, you will discover the DevSecOps principles, Agile and Lean methodologies involved in DevSecOps, and key business and IT drivers of DevSecOps.
<p>This course requires you register for an IBMid to access.</p></div>",[]
https://skills.yourlearning.ibm.com/activity/ISG-DL25076G,business,eLearning,webMethods B2B SaaS Basic,2 hrs 30 mins,11 learners have completed this activity in the past 12 months.,,,"<h2 class=""FullPageDescription_title__WsNdH""><span dir=""ltr"" lang=""en"" translate=""yes"">About this learning activity</span></h2><div dir=""ltr"" lang=""en"" translate=""yes""><p>This self-paced learning provides an overview of key features of webMethods B2B SaaS. Short videos followed by demonstrations provide fundamental knowledge about setting up and managing business partners and channels, and exchanging business documents with the partners in your network to relay production information.</p>This self-paced learning provides an overview of key features of webMethods B2B SaaS.
<p>This course requires you register for an IBMid to access.</p></div>",[]
https://skills.yourlearning.ibm.com/activity/PLAN-F6EE5EAAD089,business,Learning Plan,IT Express: IT Support Essentials in Minutes!,About 20 minutes,189 learners have completed this activity in the past 12 months.,Average rating of 4.5 stars by 2 learners in the past 12 months.,2,"<div dir=""ltr"" lang=""en"" translate=""yes""><p>How do technicians keeps everything from computers and mobile devices to the internet up and running? IT support is one of the most important responsibilities in technology. Learn about the work that goes into troubleshooting and fixing hardware, software, and networking issues across industries to keep business operating.</p>
<p> </p>
<p>Select <strong>Enroll</strong> to enroll in this learning plan.</p>
<p> </p></div>",[]
https://skills.yourlearning.ibm.com/activity/ISG-DL06013G,business,eLearning,IBM i Ready,30 mins,17 learners have completed this activity in the past 12 months.,,,"<h2 class=""FullPageDescription_title__WsNdH""><span dir=""ltr"" lang=""en"" translate=""yes"">About this learning activity</span></h2><div dir=""ltr"" lang=""en"" translate=""yes""><p>This course consists of a 20-question quiz that tests your foundational understanding of IBM i business value, concepts, and key technologies including: the basics of application development, system administration tools, and general operating system capabilities. Upon successfully passing the quiz with an 80% score or better, you will receive the IBM i Ready badge.</p>A quiz course on IBM i fundamentals that tests business value.
<p>This course requires you register for an IBMid to access.</p></div>",[]
https://skills.yourlearning.ibm.com/activity/URL-510D34B6456F,business,Other,"The Etiquette Edge, Second Edition",5 hrs,60 learners have completed this activity in the past 12 months.,Average rating of 4 stars by 9 learners in the past 12 months.,9,"<h2 class=""FullPageDescription_title__WsNdH""><span dir=""ltr"" lang=""en"" translate=""yes"">About this learning activity</span></h2><div dir=""ltr"" lang=""en"" translate=""yes""><p><em><strong>The Etiquette Edge</strong></em> gives you a crash course on modern business manners. New advice explains how to navigate sticky situations at work, including digital interactions that are easy to misinterpret—and hard to mend. From interviewing etiquette and dress codes to working in close quarters and communicating upward, you’ll master the essentials of making a great impression and building relationships .</p></div>","['Lightcast Skills Taxonomy', 'Communications Skill']"
https://skills.yourlearning.ibm.com/activity/ISG-C110094G,business,eLearning,Importance of Reliability and Resiliency for Services,30 mins,,,,"<h2 class=""FullPageDescription_title__WsNdH""><span dir=""ltr"" lang=""en"" translate=""yes"">About this learning activity</span></h2><div dir=""ltr"" lang=""en"" translate=""yes""><p>In this course, you will learn how reliability, resiliency, and architecture each contribute to meeting business needs.</p>This course covers how reliability and resiliency are major considerations when building a system or service. 
<p>This course requires you register for an IBMid to access.</p></div>",[]
https://skills.yourlearning.ibm.com/activity/URL-_ZODZ65GBR4,business,Video,Digital Marketing Plan | Digital Marketing Best Practices | Digital Marketing Training | Edureka,23 mins,918 learners have completed this activity in the past 12 months.,Average rating of 4.5 stars by 175 learners in the past 12 months.,175,"<h2 class=""FullPageDescription_title__WsNdH""><span dir=""ltr"" lang=""en"" translate=""yes"">About this learning activity</span></h2><div dir=""ltr"" lang=""en"" translate=""yes""><p>This video will help you understand how to plan business growth using digital marketing, step-by-step. It will cover:</p>
<ul>
<li>Why a digital marketing Plan is necessary?</li>
<li>What is the structure of a marketing plan?</li>
<li>How to make an effective marketing plan?</li>
<li>Best practices</li>
</ul>
<br/>
This video is presented by Edureka.
<br/>
<br/>
After you complete this activity, return to this page to select <strong>Mark complete</strong> for completion credit.
<br/>
<br/><strong>Note</strong>: This activity is available only in English.</div>","['Learning Domain', 'Workplace skills - Ways of working', 'Learning Domain Primary', 'Professional skills']"
https://skills.yourlearning.ibm.com/activity/URL-9A5B41133DCC,business,Book/Article,What is digital marketing? A complete guide | Adobe,15 mins,1890 learners have completed this activity in the past 12 months.,Average rating of 4.5 stars by 171 learners in the past 12 months.,171,"<h2 class=""FullPageDescription_title__WsNdH""><span dir=""ltr"" lang=""en"" translate=""yes"">About this learning activity</span></h2><div dir=""ltr"" lang=""en"" translate=""yes"">Digital marketing is a vast umbrella term that covers multiple areas, from SEO to blog writing and distribution channels to budgets. This blog will cover everything you need to know about digital marketing, including its benefits, the various types, and how to embrace it in your own business.
<ul>
<li>This guide will discuss:</li>
<li>What digital marketing is</li>
<li>The benefits of digital marketing</li>
<li>Types of digital marketing</li>
<li>How to do digital marketing</li>
</ul>
<br/>
This blog is offered by Adobe Experience Cloud Team.
<br/>
<br/>
After you complete this activity, return to this page to select <strong>Mark complete </strong>for completion credit.</div>",[]
https://skills.yourlearning.ibm.com/activity/URL-9392B3894807,business,eLearning,Ethics in Accounting,15 mins,779 learners have completed this activity in the past 12 months.,Average rating of 3.5 stars by 4 learners in the past 12 months.,4,"<h2 class=""FullPageDescription_title__WsNdH""><span dir=""ltr"" lang=""en"" translate=""yes"">About this learning activity</span></h2><div dir=""ltr"" lang=""en"" translate=""yes"">In the long run, businesses that pay attention to ethics do better; they are viewed more favorably by customers.<br/><br/>This content is presented by Lumen Learning.<br/><br/>After you complete this activity, return to this page to select <strong>Mark complete</strong> for completion credit.</div>","['Learning Domain', 'Workplace skills - Ways of working', 'Learning Domain Primary', 'Professional skills']"
https://skills.yourlearning.ibm.com/activity/URL-CCB6002C3F36,business,Video,Emb(race) Webinar Replay | IBM,52 mins,214 learners have completed this activity in the past 12 months.,Average rating of 5 stars by 61 learners in the past 12 months.,61,"<h2 class=""FullPageDescription_title__WsNdH""><span dir=""ltr"" lang=""en"" translate=""yes"">About this learning activity</span></h2><div dir=""ltr"" lang=""en"" translate=""yes""><p>Listen to Michelle Peluso, Senior Vice President Digital Sales and Chief Marketing Officer at IBM and economist, Peter Henry, Dean Emeritus of New York University’s Stern School of Business and Director on the Boards of Citigroup, Nike, and the National Bureau of Economic Research, discuss the importance of coming together to fight racism and embrace inclusion.<br/><br/>
 This recorded webinar is presented by IBM.<br/><br/>
 After you complete this activity, return to this page to select <strong>Mark complete</strong> for completion credit.</p></div>","['Learning Domain', 'Workplace skills - Ways of working', 'Learning Domain Primary', 'Professional skills', 'Lightcast Skills Taxonomy', 'Marketing Skill']"
https://skills.yourlearning.ibm.com/activity/ISG-DL70302G,business,eLearning,SAP Basics,48 mins,68 learners have completed this activity in the past 12 months.,Average rating of 5 stars by 6 learners in the past 12 months.,6,"<h2 class=""FullPageDescription_title__WsNdH""><span dir=""ltr"" lang=""en"" translate=""yes"">About this learning activity</span></h2><div dir=""ltr"" lang=""en"" translate=""yes""><p>This course reviews the IBM and SAP partnership and benefits of using SAP on IBM Cloud. Standard SAP business and technical application terminology is introduced and SAP-certified Infrastructure-as-a-Service (IaaS) offerings are explored. Basic information on sizing SAP workloads is also included.</p>This course reviews the IBM and SAP partnership and benefits of using SAP on IBM Cloud. 
<p>This course requires you register for an IBMid to access.</p></div>","['Lightcast Skills Taxonomy', 'SAP Applications Skill', 'Infrastructure As A Service (IaaS) Skill']"
https://skills.yourlearning.ibm.com/activity/URL-EB50E8DADCAA,business,eLearning,Preparing Financial Statements,30 mins,60 learners have completed this activity in the past 12 months.,Average rating of 4 stars by 4 learners in the past 12 months.,4,"<h2 class=""FullPageDescription_title__WsNdH""><span dir=""ltr"" lang=""en"" translate=""yes"">About this learning activity</span></h2><div dir=""ltr"" lang=""en"" translate=""yes"">The financial statements are how a business communicates or publishes its story. <br/><br/>This content is presented by Lumen Learning.<br/><br/>After you complete this activity, return to this page to select <strong>Mark complete</strong> for completion credit.</div>","['Learning Domain', 'Workplace skills - Ways of working', 'Learning Domain Primary', 'Professional skills']"
https://skills.yourlearning.ibm.com/activity/URL-6FFB0BE683AE,business,eLearning,Sole Proprietorships and Partnerships,20 mins,33 learners have completed this activity in the past 12 months.,Average rating of 4 stars by 5 learners in the past 12 months.,5,"<h2 class=""FullPageDescription_title__WsNdH""><span dir=""ltr"" lang=""en"" translate=""yes"">About this learning activity</span></h2><div dir=""ltr"" lang=""en"" translate=""yes""><p> </p><p>This content is presented by Lumen Learning.<br/><br/>After you complete this activity, return to this page to select <strong>Mark complete</strong> for completion credit.</p></div>","['Learning Domain', 'Workplace skills - Ways of working', 'Learning Domain Primary', 'Professional skills']"
https://skills.yourlearning.ibm.com/activity/ISG-DL70491G,business,eLearning,Automation for the Application Platform using IBM Cloud Schematics,1 hr,18 learners have completed this activity in the past 12 months.,Average rating of 5 stars by 1 learner in the past 12 months.,1,"<h2 class=""FullPageDescription_title__WsNdH""><span dir=""ltr"" lang=""en"" translate=""yes"">About this learning activity</span></h2><div dir=""ltr"" lang=""en"" translate=""yes""><p>This interactive course introduces the automation for the application platform using IBM Cloud Schematics. You will learn about key elements and business value of IBM Cloud Schematics. You will learn about providing provisioning infrastructure using Terraform templates. You will learn about Ansible playbooks and when to use them. The summary and knowledge checks ensure you can demonstrate knowledge across the learning objectives.  </p>This interactive course introduces the automation for the application platform using IBM Cloud Schematics.
<p>This course requires you register for an IBMid to access.</p></div>",[]
https://skills.yourlearning.ibm.com/activity/URL-6FA73FB6D003,business,eLearning,Blockchain basics: Introduction to distributed ledgers | IBM Developer,10 mins,144 learners have completed this activity in the past 12 months.,Average rating of 4.5 stars by 2 learners in the past 12 months.,2,"<h2 class=""FullPageDescription_title__WsNdH""><span dir=""ltr"" lang=""en"" translate=""yes"">About this learning activity</span></h2><div dir=""ltr"" lang=""en"" translate=""yes""><p>Everyone is watching how blockchain’s distributed ledger technology is revolutionizing the way organizations conduct their business transactions. Let’s look at how a blockchain network operates, how you can take advantage of it, and how IBM and other companies are collaborating to advance the technology across a spectrum of industries.<br/><br/>
 This video is presented by IBM Developer.<br/><br/>
 After you complete this activity, return to this page to select <strong>Mark complete</strong> for completion credit.</p></div>","['Learning Domain', 'Other - Blockchain']"
https://skills.yourlearning.ibm.com/activity/URL-BEF02F6EA0A4,business,eLearning,Inventory Methods for Ending Inventory and Cost of Goods Sold,45 mins,17 learners have completed this activity in the past 12 months.,Average rating of 3.5 stars by 2 learners in the past 12 months.,2,"<h2 class=""FullPageDescription_title__WsNdH""><span dir=""ltr"" lang=""en"" translate=""yes"">About this learning activity</span></h2><div dir=""ltr"" lang=""en"" translate=""yes"">In this activity, you will learn how to calculate the Cost of Goods Sold using 4 different methods.<br/><br/>This content is presented by Lumen Learning.<br/><br/>After you complete this activity, return to this page to select <strong>Mark complete</strong> for completion credit.</div>",[]
https://skills.yourlearning.ibm.com/activity/ILB-NKGDPDGMQXXDVN5V,business,eLearning,夏休みの自由研究「量子テレポーテーションの実験」,44 mins,2 learners have completed this activity in the past 12 months.,Average rating of 3 stars by 1 learner in the past 12 months.,1,"<h2 class=""FullPageDescription_title__WsNdH""><span dir=""ltr"" lang=""en"" translate=""yes"">About this learning activity</span></h2><div dir=""ltr"" lang=""ja"" translate=""yes""><p>このコースでは量子コンピューターの基礎について学びます。2022年IBMファミリーデーの講演の録画になります。</p></div>",[]
https://skills.yourlearning.ibm.com/activity/URL-77319890BC52,business,Document,Resilience in a Box | U.S. Chamber of Commerce Foundation,1 hr,130 learners have completed this activity in the past 12 months.,Average rating of 3.5 stars by 11 learners in the past 12 months.,11,"<h2 class=""FullPageDescription_title__WsNdH""><span dir=""ltr"" lang=""en"" translate=""yes"">About this learning activity</span></h2><div dir=""ltr"" lang=""en"" translate=""yes"">Resilience in a Box is based on best practices and designed to educate newcomers on business resilience. Small businesses are both highly vulnerable and can be without adequate resources to focus on preparedness actions. These resources will guide companies toward addressing preparedness issues while building in flexibility to handle potential business interruptions. 
<br/>
<br/>
The Resilience in a Box program is a collaborative partnership between the UPS Foundation, the U.S. Chamber of Commerce Foundation, the World Economic Forum (WEF), and the Disaster Resistant Business (DRB) Toolkit Workgroup. 
<br/>
<br/>
These resources are presented by the U.S. Chamber of Commerce Foundation. 
<br/>
<br/>
After you complete this activity, return to this page to select  <strong>Mark complete</strong> for completion credit.  
<br/>
<br/><strong>Note</strong>: The resources are available in English, Spanish, French, Turkish, and Arabic.</div>","['Learning Domain', 'Workplace skills - Ways of working', 'Learning Domain Primary', 'Professional skills']"
https://skills.yourlearning.ibm.com/activity/URL-YQNEOIGC7UK,business,Video,Meet IBMer Lindsey (Veteran) | Life at IBM,2 mins 25 s,241 learners have completed this activity in the past 12 months.,Average rating of 4.5 stars by 11 learners in the past 12 months.,11,"<h2 class=""FullPageDescription_title__WsNdH""><span dir=""ltr"" lang=""en"" translate=""yes"">About this learning activity</span></h2><div dir=""ltr"" lang=""en"" translate=""yes""><p>Hear from Lindsey about how she balances it all as a mother, student, Army Reservist, and IBMer.<br/><br/>
 This video is presented by Life at IBM.<br/><br/>
 There is no other company like IBM and there is no business professional like the IBMer. We are experts in nearly every technical scientific and business field. We are citizens of, and apply our expertise in, more than 170 countries. Yet we are united by a single purpose: to be essential.<br/><br/>
 After you complete this activity, return to this page to select <strong>Mark complete</strong> for completion credit.<br/><br/><strong>Note</strong>: On the video toolbar, go to <strong>Settings</strong>, <strong> </strong>select <strong>Subtitles</strong>, <strong> </strong>select <strong>English</strong>, and then select <strong>Auto-Translate</strong> to enable subtitles in a language of your choice from the drop-down.</p></div>","['Learning Domain', 'Workplace skills - Ways of working', 'Learning Domain Primary', 'Professional skills']"
https://skills.yourlearning.ibm.com/activity/URL-40ED94B8E5D4,business,eLearning,Comment créer mon entreprise ?,10 mins,211 learners have completed this activity in the past 12 months.,Average rating of 4.5 stars by 9 learners in the past 12 months.,9,"<h2 class=""FullPageDescription_title__WsNdH""><span dir=""ltr"" lang=""en"" translate=""yes"">About this learning activity</span></h2><div dir=""ltr"" lang=""fr"" translate=""yes"">Je construis mon projet de création d’entreprise grâce à un service en ligne personnalisé pour m’accompagner dans la création de ma micro-entreprise. Depuis chez moi, j’avance à mon rythme, rubrique par rubrique, pour réaliser mon business plan, un document qui résume mon projet, et pour monter mon projet de financement. 
<br/>
La construction de mon projet se découpe en 4 parties, que je fais dans l’ordre de mon choix et selon mes besoins. 
<br/>
<br/>
<br/>
Cette activité est proposée par l'ADIE.  
<br/>
   
<br/>
Après avoir suivi cette activité, revenez sur cette page et sélectionnez  <strong>Marque comme étant terminé </strong>afin de prendre en compte ce parcours.  
<br/>
<br/>
Note : cette activité est uniquement disponible en français.</div>","['Learning Domain', 'Workplace skills - Ways of working', 'Learning Domain Primary', 'Professional skills']"
https://skills.yourlearning.ibm.com/activity/URL-KSJYHEEEC6A,business,Video,Why NOW is the time to invest in your Digital Strategy | Institute of Directors,1 hr 1 min 39 s,31 learners have completed this activity in the past 12 months.,Average rating of 4.5 stars by 6 learners in the past 12 months.,6,"<h2 class=""FullPageDescription_title__WsNdH""><span dir=""ltr"" lang=""en"" translate=""yes"">About this learning activity</span></h2><div dir=""ltr"" lang=""en"" translate=""yes"">Did you know? 
<br/>
<br/>
• More than 4.5 billion people are using the internet while social media users have passed the 3.8 billion mark. 
<br/>
<br/>
• 67% of the UK population use social media 
<br/>
<br/>
• 40% of businesses in UK have still no Digital Strategy in place 
<br/>
<br/>
What can attendees expect from the session? 
<br/>
<br/>
A better understanding of how to get better results from social media and how it fits in with their business goals and objectives. Ideas to find leads and get sales from Social Media. 
<br/>
<br/>
The session will cover:  
<br/>
<br/>
• 5 step Digital Strategy 
<br/>
• Tools and tips to measure ROI of Social Media 
<br/>
<br/>
After you complete this activity, return to this page to select <strong>Mark complete</strong> for completion credit. 
<br/>
<br/>
Content provider: Institute of Directors (IoD) 
<br/>
<br/>
Note: This activity is available only in English.</div>","['Lightcast Skills Taxonomy', 'Sales Skill']"
https://skills.yourlearning.ibm.com/activity/ISG-DL25205G,business,eLearning,IBM Sterling Order Management System Functional Bootcamp,16 hrs,26 learners have completed this activity in the past 12 months.,Average rating of 5 stars by 1 learner in the past 12 months.,1,"<h2 class=""FullPageDescription_title__WsNdH""><span dir=""ltr"" lang=""en"" translate=""yes"">About this learning activity</span></h2><div dir=""ltr"" lang=""en"" translate=""yes""><p>This is a 16 hour course, which starts from introducing IBM Sterling OMS, Application Platform, API Framework, and then goes deep into the various functionalities.  </p>
<p> </p>
<p>If you are a business user of IBM Sterling OMS, then this course helps you understand OMS, its ecosystem, and overall features and functionalities. If you are a technical user of IBM Sterling OMS, then it is recommended to take the IBM Sterling Order Management Technical Bootcamp also, along with this course. The Technical Bootcamp course provides you with in-depth hand's-on exercises.</p>
<p> </p>
<p>You must complete all of the required activities before you can take the quizzes. The course certificate and badge are awarded after passing all the quizzes.</p>IBM Sterling Order Management Functional Bootcamp (6F129G) is a 16 hour course, introduces IBM Sterling OMS, Application Platform, API Framework, and then goes deep into the various modules.
<p>This course requires you register for an IBMid to access.</p></div>",[]
https://skills.yourlearning.ibm.com/activity/ISG-DL25241G,business,eLearning,Using the Self Service Tool on Next Generation Platform,3 hrs 30 mins,15 learners have completed this activity in the past 12 months.,Average rating of 5 stars by 2 learners in the past 12 months.,2,"<h2 class=""FullPageDescription_title__WsNdH""><span dir=""ltr"" lang=""en"" translate=""yes"">About this learning activity</span></h2><div dir=""ltr"" lang=""en"" translate=""yes""><p>This course provides clients and business partners with the necessary foundation to use the Self Service Tool (Platform 2.0). Topics include, certificates, API Tester, DB Query Tool, CDT, server configuration, performance monitoring, firewall policies, and queue management.</p>
<p> </p>
<p>You can earn the Next Generation Platform for IBM Sterling OMoC Using the Self Service Tool Badge. To earn the badge, you must complete all of the required activities and take and pass the 25-question quiz and pass by getting 80% of the questions correct.</p>This course provides clients and business partners with the necessary foundation to use the Self Service Tool. Topics include, certificates, API Tester, DB Query Tool, CDT, firewall policy, and more.
<p>This course requires you register for an IBMid to access.</p></div>","['Lightcast Skills Taxonomy', 'Firewall Skill']"
https://skills.yourlearning.ibm.com/activity/URL-9D535361331A,business,eLearning,Direct Write-Off and Allowance Methods,30 mins,18 learners have completed this activity in the past 12 months.,Average rating of 3 stars by 1 learner in the past 12 months.,1,"<h2 class=""FullPageDescription_title__WsNdH""><span dir=""ltr"" lang=""en"" translate=""yes"">About this learning activity</span></h2><div dir=""ltr"" lang=""en"" translate=""yes"">Because customers do not always keep their promises to pay, companies must provide for these uncollectible accounts in their records.<br/><br/>This content is presented by Lumen Learning.<br/><br/>After you complete this activity, return to this page to select <strong>Mark complete</strong> for completion credit.</div>","['Learning Domain', 'Workplace skills - Ways of working', 'Learning Domain Primary', 'Professional skills']"
https://skills.yourlearning.ibm.com/activity/URL-TR1NHOMVZUI,business,Video,Fish Rot from the Head - How resilient is your organisation? | Institute of Directors,59 mins,5 learners have completed this activity in the past 12 months.,,,"<h2 class=""FullPageDescription_title__WsNdH""><span dir=""ltr"" lang=""en"" translate=""yes"">About this learning activity</span></h2><div dir=""ltr"" lang=""en"" translate=""yes"">Professor Dean Fathers will talk us through ground-breaking work in the field of organisational resilience and how it will help you improve resiliency and the overall health of your employees and company. 
<br/>
<br/>
It has been shown that bad practice can cause poor mental health and in turn have a negative impact on your company’s success. What they are looking to do now is factually show that good practice, supporting the good mental health of your employees has a positive impact on the fundamentals of your business. 
<br/>
<br/>
After you complete this activity, return to this page to select <strong>Mark complete</strong> for completion credit. 
<br/>
<br/>
Content provider: Institute of Directors (IoD) 
<br/>
<br/>
Note: This activity is available only in English. </div>","['Learning Domain', 'Other - Health and Wellness', 'Workplace skills - Ways of working']"
https://skills.yourlearning.ibm.com/activity/URL-125E2B8657AE,business,eLearning,Financer son entreprise | OpenClassrooms,12 hrs,219 learners have completed this activity in the past 12 months.,Average rating of 4.5 stars by 4 learners in the past 12 months.,4,"<h2 class=""FullPageDescription_title__WsNdH""><span dir=""ltr"" lang=""en"" translate=""yes"">About this learning activity</span></h2><div dir=""ltr"" lang=""fr"" translate=""yes"">Ce n'est un secret pour personne : toute entreprise a besoin d'argent pour fonctionner. Mais, quand on se prépare à lancer sa propre entreprise, concrètement, comment fait-on ? 
<br/>
Lorsqu'on souhaite faire une levée de fonds auprès de business angels ou de capitaux risqueurs, qu'est-ce que cela implique ? Etes-vous sûr de vouloir travailler avec des business angels ou des capitaux risqueurs ? Et eux-mêmes d'ailleurs, à quoi pensent-ils lorsqu'ils font une levée de fonds ? 
<br/>
<br/>
Ce cours va vous présenter le processus de la levée de fonds et les relations qui s'établissent avec les business angels et capitaux risqueurs. 
<br/>
<br/>
Ce MOOC est proposé par Open Classrooms.  
<br/>
<br/>
Après avoir suivi cette activité, revenez sur cette page et sélectionnez "" <strong>Marquer terminé</strong>"" afin de prendre en compte ce parcours. 
<br/>
<br/>
Note : cette activité est uniquement disponible en français.</div>","['Areas of Interest', 'Professional skills > Problem solving', 'Professional skills > Leadership', 'Learning Domain', 'Workplace skills - Ways of working', 'Learning Domain Primary', 'Professional skills']"
https://skills.yourlearning.ibm.com/activity/URL-60461F1910C2,business,eLearning,Commercial awareness | The Open University,2 hrs,225 learners have completed this activity in the past 12 months.,Average rating of 5 stars by 4 learners in the past 12 months.,4,"<h2 class=""FullPageDescription_title__WsNdH""><span dir=""ltr"" lang=""en"" translate=""yes"">About this learning activity</span></h2><div dir=""ltr"" lang=""en"" translate=""yes"">This is an introductory, free course offered by <a href=""https://www.open.edu/openlearn/"" rel=""noopener noreferrer nofollow"" target=""_blank""><strong>OpenLearn</strong></a>. This short course encourages you to look across your organisation, at your place within it and the value you create. It considers how getting different perspectives and widening existing ones within your organisation can enhance commercial awareness. 
<br/>
<br/><strong>Duration</strong>: 2 hours 
<br/><strong>Registering</strong>: You must create an account to sign in. 
<br/><strong>Completion</strong>: Upon completion, you will earn a Statement of Participation. 
<br/><strong>Language</strong>: This course is available only in English. 
<br/><strong>Download</strong>: You can take the course online or there are options to download the course for use offline or for other devices. 
<br/><strong>Learning outcomes you can expect</strong>: 
<ul>
<li>Articulate what an organisation exists to do: the value it creates.</li>
<li>Appreciate a personal position within the organisation and how others relate to it.</li>
<li>Relate the concept of a value chain to a personal working context, whilst acknowledging much more complex interrelationships within the organisation.</li>
</ul>After you complete this activity, return to this page to select <strong>Mark complete</strong> for completion credit.</div>","['Learning Domain', 'Workplace skills - Ways of working', 'Learning Domain Primary', 'Professional skills']"
https://skills.yourlearning.ibm.com/activity/URL-DF4DD5E8922A,business,eLearning,Understanding operations management | The Open University,4 hrs,130 learners have completed this activity in the past 12 months.,Average rating of 5 stars by 5 learners in the past 12 months.,5,"<h2 class=""FullPageDescription_title__WsNdH""><span dir=""ltr"" lang=""en"" translate=""yes"">About this learning activity</span></h2><div dir=""ltr"" lang=""en"" translate=""yes"">This is an advanced, free course offered by <a href=""https://www.open.edu/openlearn/"" rel=""noopener noreferrer nofollow"" target=""_blank""><strong>OpenLearn</strong></a>. It will provide you with a basic framework for understanding this function, whether producing goods or services or in the private, public or voluntary sectors. In addition, this course discusses the role of operations managers and the importance of focusing on suppliers and customers. 
<br/>
<br/><strong>Duration</strong>: 4 hours 
<br/><strong>Registering</strong>: You must create an account to sign in. 
<br/><strong>Completion</strong>: Upon completion, you will earn a Statement of Participation. 
<br/><strong>Language</strong>: This course is available only in English. 
<br/><strong>Download</strong>: You can take the course online or there are options to download the course for use offline or for other devices. 
<br/><strong>Learning outcomes you can expect</strong>: 
<ul>
<li>Define ‘operations’ and ‘operations management’.</li>
<li>Identify the roles and responsibilities of operations managers in different organisational contexts.</li>
<li>Apply the ‘transformation model’ to identify the inputs, transformation processes and outputs of an organisation.</li>
<li>Identify operational and administrative processes.</li>
<li>Describe the boundaries of an operations system, and recognise its interfaces with other functional areas within the organisation and with its external environment.</li>
</ul>After you complete this activity, return to this page to select <strong>Mark complete</strong> for completion credit.</div>","['Learning Domain', 'Workplace skills - Ways of working', 'Learning Domain Primary', 'Professional skills']"
https://skills.yourlearning.ibm.com/activity/URL-EF33E0B59B7A,business,eLearning,Making decisions | The Open University,4 hrs,266 learners have completed this activity in the past 12 months.,Average rating of 4 stars by 13 learners in the past 12 months.,13,"<h2 class=""FullPageDescription_title__WsNdH""><span dir=""ltr"" lang=""en"" translate=""yes"">About this learning activity</span></h2><div dir=""ltr"" lang=""en"" translate=""yes"">This is an advanced, free course offered by <a href=""https://www.open.edu/openlearn/"" rel=""noopener noreferrer nofollow"" target=""_blank""><strong>OpenLearn</strong></a>. Do you hate making decisions? Does the ability of others to make snap decisions really frustrate you? This course will help you understand some of the processes involved in decision making. Attention to the psychology of decision making and the social context in which decisions are made can improve your understanding of others and yourself. 
<br/>
<br/><strong>Duration</strong>: 4 hours 
<br/><strong>Registering</strong>: You must create an account to sign in. 
<br/><strong>Completion</strong>: Upon completion, you will earn a Statement of Participation. 
<br/><strong>Language</strong>: This course is available only in English. 
<br/><strong>Download</strong>: You can take the course online or there are options to download the course for use offline or for other devices. 
<br/><strong>Learning outcomes you can expect</strong>: 
<ul>
<li>Have greater insight into decision-making processes.</li>
<li>Use that insight to make more effective decisions.</li>
<li>Possess a range of different perspectives on what counts as an ‘effective’ decision.</li>
<li>Be better equipped to understand and influence the decision-making processes of other individuals and groups.</li>
<li>Understand better how people perceive and decide about risk.</li>
</ul> After you complete this activity, return to this page to select <strong>Mark complete</strong> for completion credit.</div>","['Learning Domain', 'Workplace skills - Ways of working', 'Learning Domain Primary', 'Professional skills', 'Lightcast Skills Taxonomy', 'Decision Making Skill']"
https://skills.yourlearning.ibm.com/activity/URL-DFE5AA203DA1,business,eLearning,Financial accounting and reporting | The Open University,12 hrs,204 learners have completed this activity in the past 12 months.,Average rating of 4.5 stars by 11 learners in the past 12 months.,11,"<h2 class=""FullPageDescription_title__WsNdH""><span dir=""ltr"" lang=""en"" translate=""yes"">About this learning activity</span></h2><div dir=""ltr"" lang=""en"" translate=""yes"">This is an intermediate, free course offered by <a href=""https://www.open.edu/openlearn/"" rel=""noopener noreferrer nofollow"" target=""_blank""><strong>OpenLearn</strong></a>. It discusses how accountants act as processors and purveyors of information for decision making and the needs of those who use accounting information. It also looks at the role performed by accountants and notes the need to be aware of relevant regulatory and conceptual frameworks.  
<br/>
<br/><strong>Duration</strong>: 12 hours 
<br/><strong>Registering</strong>: You must create an account to sign in. 
<br/><strong>Completion</strong>: Upon completion, you will earn a Statement of Participation. 
<br/><strong>Language</strong>: This course is available only in English. 
<br/><strong>Download</strong>: You can take the course online or there are options to download the course for use offline or for other devices. 
<br/><strong>Learning outcomes you can expect</strong>: 
<ul>
<li>Define bookkeeping and accounting.</li>
<li>Explain the general purposes and functions of accounting.</li>
<li>Explain the differences between management and financial accounting.</li>
<li>Describe the main elements of financial accounting information – assets, liabilities, revenue and expenses.</li>
<li>Identify the main financial statements and their purposes.</li>
</ul>After you complete this activity, return to this page to select <strong>Mark complete</strong> for completion credit.</div>","['Learning Domain', 'Workplace skills - Ways of working', 'Learning Domain Primary', 'Professional skills', 'Lightcast Skills Taxonomy', 'Management Skill', 'Decision Making Skill']"
https://skills.yourlearning.ibm.com/activity/URL-54C00383009D,business,eLearning,"Products, services and branding | The Open University",3 hrs,410 learners have completed this activity in the past 12 months.,Average rating of 5 stars by 6 learners in the past 12 months.,6,"<h2 class=""FullPageDescription_title__WsNdH""><span dir=""ltr"" lang=""en"" translate=""yes"">About this learning activity</span></h2><div dir=""ltr"" lang=""en"" translate=""yes"">This is an introductory, free course offered by <a href=""https://www.open.edu/openlearn/"" rel=""noopener noreferrer nofollow"" target=""_blank""><strong>OpenLearn</strong></a>. You will find out about how organisations manage their products and services. This will include learning about how new products are developed and how the existing portfolio of offerings is managed. The particular characteristics of service products will be explained so that you can understand the impact that these features have on how services are managed. 
<br/>
<br/><strong>Duration</strong>: 3 hours 
<br/><strong>Registering</strong>: You must create an account to sign in. 
<br/><strong>Completion</strong>: Upon completion, you will earn a Statement of Participation. 
<br/><strong>Language</strong>: This course is available only in English. 
<br/><strong>Download</strong>: You can take the course online or there are options to download the course for use offline or for other devices. 
<br/><strong>Learning outcomes you can expect</strong>: 
<ul>
<li>Understand what a product is, the various levels which make it up, and different types of products.</li>
<li>Understand how products can be classified, and the nature of the product line and product mix.</li>
</ul>After you complete this activity, return to this page to select <strong>Mark complete</strong> for completion credit.</div>","['Learning Domain', 'Workplace skills - Ways of working', 'Learning Domain Primary', 'Professional skills']"
https://skills.yourlearning.ibm.com/activity/URL-F6E1B00537C1,business,eLearning,Introduction to book keeping and accounting | The Open University,8 hrs,341 learners have completed this activity in the past 12 months.,Average rating of 4.5 stars by 5 learners in the past 12 months.,5,"<h2 class=""FullPageDescription_title__WsNdH""><span dir=""ltr"" lang=""en"" translate=""yes"">About this learning activity</span></h2><div dir=""ltr"" lang=""en"" translate=""yes"">This is an introductory, free course offered by <a href=""https://www.open.edu/openlearn/"" rel=""noopener noreferrer nofollow"" target=""_blank""><strong>OpenLearn</strong></a>. Learn about the essential numerical skills required for accounting and bookkeeping. This course explains the fundamental rules of double-entry bookkeeping and how they are used to produce the balance sheet and the profit and loss account. 
<br/>
<br/><strong>Duration</strong>: 8 hours 
<br/><strong>Registering</strong>: You must create an account to sign in. 
<br/>
Completion: Upon completion, you will earn a Statement of Participation. 
<br/><strong>Language</strong>: This course is available only in English. 
<br/><strong>Download</strong>: You can take the course online or there are options to download the course for use offline or for other devices 
<br/><strong>Learning outcomes you can expect</strong>: 
<ul>
<li>Understand and apply the essential numerical skills required for bookkeeping and accounting.</li>
<li>Understand and explain the relationship between the accounting equation and double-entry bookkeeping.</li>
<li>Record transactions in the appropriate ledger accounts using the double-entry bookkeeping system.</li>
<li>Balance off ledger accounts at the end of an accounting period.</li>
<li>Prepare a trial balance, balance sheet, and a profit and loss account.</li>
</ul> After you complete this activity, return to this page to select <strong>Mark complete</strong> for completion credit.</div>","['Learning Domain', 'Workplace skills - Ways of working', 'Learning Domain Primary', 'Professional skills']"
https://skills.yourlearning.ibm.com/activity/URL-0424A350BD5C,business,eLearning,Leadership challenges in turbulent times | The Open University,6 hrs,195 learners have completed this activity in the past 12 months.,Average rating of 3.5 stars by 10 learners in the past 12 months.,10,"<h2 class=""FullPageDescription_title__WsNdH""><span dir=""ltr"" lang=""en"" translate=""yes"">About this learning activity</span></h2><div dir=""ltr"" lang=""en"" translate=""yes"">This is an intermediate, free course offered by <a href=""https://www.open.edu/openlearn/"" rel=""noopener noreferrer nofollow"" target=""_blank""><strong>OpenLearn</strong></a>. We are excited to join you on your journey to explore leadership in the turbulent times that we live in. In this short course, you will have the opportunity to understand and explain how leadership changes in accordance to the needs of the turbulent environments that we experience. You will also explore the leadership challenges that can affect leadership effectiveness and will seek ways to successfully face these challenges. 
<br/>
<br/><strong>Duration</strong>: 6 hours 
<br/><strong>Registering</strong>: You must create an account to sign in. 
<br/><strong>Completion</strong>: Upon completion, you will earn a Statement of Participation. 
<br/><strong>Language</strong>: This course is available only in English. 
<br/><strong>Download</strong>: You can take the course online or there are options to download the course for use offline or for other devices. 
<br/><strong>Learning outcomes you can expect</strong>: 
<ul>
<li>Understand the concept of leadership and re-evaluate one's perception of it.</li>
<li>Explore and analyse different leadership challenges, and apply different ways to deal with leadership challenges.</li>
<li>Evaluate the relationship between leadership and collaboration and examine ways to achieve win/win outcomes in leadership through collaboration.</li>
</ul> After you complete this activity, return to this page to select <strong>Mark complete</strong> for completion credit.</div>","['Learning Domain', 'Workplace skills - Ways of working', 'Learning Domain Primary', 'Professional skills', 'Lightcast Skills Taxonomy', 'Leadership Skill']"
https://skills.yourlearning.ibm.com/activity/URL-WIZWUISOJ1W,business,eLearning,IBM SkillsBuild Reignite: The Effect of the Coronavirus Pandemic on Mental Health at Work | Institute of Directors,41 mins,320 learners have completed this activity in the past 12 months.,Average rating of 5 stars by 7 learners in the past 12 months.,7,"<h2 class=""FullPageDescription_title__WsNdH""><span dir=""ltr"" lang=""en"" translate=""yes"">About this learning activity</span></h2><div dir=""ltr"" lang=""en"" translate=""yes""><em>This is a recording of a virtual live session held on October 1st 2020</em>
<br/>
<br/>
Live session description: 
<br/>
<br/>
The Coronavirus pandemic has forced businesses and individuals worldwide to adapt to new ways of working, sometimes to the detriment of workers' mental health. Coming to you during National Inclusion Week, the first webinar in the series will focus on how mental health is changing our approach to work during the pandemic; both continued home working and the prospect of eventually returning to the physical workplace environment.  
<br/>
<br/>
Brought to you by the team behind the IoD and the newly launched IBM SkillsBuild Reignite programme, join this webinar to hear a balance of views on the topic: both from the perspective of mental health expert Faye McGuinness, from leading mental health charity Mind, who sits on the IoD's Inclusive Business advisory board, as well as IBM's resident Mental Health First Aiders - Paul Baxter and Andie Blackwell.  
<br/>
<br/>
This session aims to provide you with the practical tools and advice to support your own mental wellbeing, and that of others, at this unpredictable and challenging time for workers everywhere.  
<br/>
<br/>
After you complete this activity, return to this page to select  <strong>Mark complete</strong> for completion credit.   
<br/>
<br/>
Content provider: Institute of Directors (IoD)   
<br/>
<br/>
Note: This activity is available only in English.</div>","['Learning Domain', 'Other - Health and Wellness']"
https://skills.yourlearning.ibm.com/activity/URL-A0E483869479,business,eLearning,Liquidity management | The Open University,7 hrs,136 learners have completed this activity in the past 12 months.,Average rating of 3.5 stars by 4 learners in the past 12 months.,4,"<h2 class=""FullPageDescription_title__WsNdH""><span dir=""ltr"" lang=""en"" translate=""yes"">About this learning activity</span></h2><div dir=""ltr"" lang=""en"" translate=""yes"">This is an advanced, free course offered by <a href=""https://www.open.edu/openlearn/"" rel=""noopener noreferrer nofollow"" target=""_blank""><strong>OpenLearn</strong></a>. In this course, you will focus on liquidity management, one of the fundamental aspects relating to risk management that has come under intense scrutiny in the past few years. 
<br/>
<br/><strong>Duration</strong>: 7 hours 
<br/><strong>Registering</strong>: You must create an account to sign in. 
<br/><strong>Completion</strong>: Upon completion, you will earn a Statement of Participation. 
<br/><strong>Language</strong>: This course is available only in English. 
<br/><strong>Download</strong>: You can take the course online or there are options to download the course for use offline or for other devices. 
<br/><strong>Learning outcomes you can expect</strong>: 
<ul>
<li>Distinguish between different approaches to strategy making.</li>
<li>Distinguish between strategic and operational issues.</li>
<li>Recognise the different organisational levels at which strategy operates.</li>
<li>Appreciate the links between the stages of the strategy process: analysing, choosing, and implementing strategy.</li>
</ul>After you complete this activity, return to this page to select <strong>Mark complete</strong> for completion credit.</div>","['Lightcast Skills Taxonomy', 'Risk Management Skill']"
https://skills.yourlearning.ibm.com/activity/URL-2D73EA4B480E,business,Video,Women- and Minority-Owned Small Businesses (U.S.),41 mins,64 learners have completed this activity in the past 12 months.,Average rating of 4.5 stars by 4 learners in the past 12 months.,4,"<h2 class=""FullPageDescription_title__WsNdH""><span dir=""ltr"" lang=""en"" translate=""yes"">About this learning activity</span></h2><div dir=""ltr"" lang=""en"" translate=""yes"">This on-demand webinar, presented by lawyers from Jones Day and IBM, is part of a series of webinars covering legal education topics for small business owners and entrepreneurs in the United States. 
<br/>
<br/><strong>Webinar summary</strong>: 
<br/>
This presentation aims to provide an overview of the certifications available to small businesses owned, operated and controlled by women and minority communities in the U.S., and to review the federal and state benefits available to such businesses in order to increase diversity in the small business sector. This presentation should be watched in conjunction with the How to Start a Business Presentation.   
<br/>
<br/><strong>Language</strong>: English 
<br/>
<br/>
After you complete this activity, return to this page to select <strong>Mark complete</strong> for completion credit. 
<br/>
<br/><strong>Resources:</strong>
<br/><a href=""https://ibm.box.com/s/8awh087slvk98t45nbp66l06t6l52uhu"" rel=""noopener noreferrer nofollow"" target=""_blank"">Presentation slides</a>
<br/>
<br/><strong>Disclaimer:</strong>  
<br/>
By clicking <strong>Go to this activity</strong>, you agree to the following:  
<br/>
Any presentation by the presenting lawyers and the firms and companies with which they work should not be considered or construed as legal advice on any individual matter or circumstance. The distribution of this presentation or its content is not intended to create, and receipt of it does not constitute, an attorney-client relationship. The contents of this document are intended for general information purposes only and may not be quoted or referred to in any other presentation, publication or proceeding without the prior written consent of the presenting lawyers and/or the firms and companies with which they work, which may be given or withheld at their discretion. The views set forth herein are the personal views of the authors and do not necessarily reflect those of the firms and companies with which they work. Any listener of any presentation pursuant to this program who needs legal advice should consult an attorney for that purpose.</div>","['Learning Domain', 'Workplace skills - Ways of working', 'Learning Domain Primary', 'Professional skills']"
https://skills.yourlearning.ibm.com/activity/URL-807DCC91314F,business,eLearning,Introducing a framework for strategy | The Open University,10 hrs,199 learners have completed this activity in the past 12 months.,Average rating of 4 stars by 9 learners in the past 12 months.,9,"<h2 class=""FullPageDescription_title__WsNdH""><span dir=""ltr"" lang=""en"" translate=""yes"">About this learning activity</span></h2><div dir=""ltr"" lang=""en"" translate=""yes"">This is an advanced, free course offered by <a href=""https://www.open.edu/openlearn/"" rel=""noopener noreferrer nofollow"" target=""_blank""><strong>OpenLearn</strong></a>. If you are currently engaged in strategic decision-making, or will be in the future, this course will stimulate your imagination and inform your judgement. An understanding of the frameworks of strategy and an ability to use them imaginatively will help your organisation survive in the longer-term and perform its role more effectively. 
<br/>
<br/><strong>Duration</strong>: 10 hours 
<br/><strong>Registering</strong>: You must create an account to sign in. 
<br/><strong>Completion</strong>: Upon completion, you will earn a Statement of Participation. 
<br/><strong>Language</strong>: This course is available only in English. 
<br/><strong>Download</strong>: You can take the course online or there are options to download the course for use offline or for other devices. 
<br/><strong>Learning outcomes you can expect</strong>: 
<ul>
<li>Distinguish between different approaches to strategy making.</li>
<li>Distinguish between strategic and operational issues.</li>
<li>Recognise the different organisational levels at which strategy operates.</li>
<li>Appreciate the links between the stages of the strategy process: analysing, choosing and implementing strategy.</li>
</ul>After you complete this activity, return to this page to select <strong>Mark complete</strong> for completion credit.</div>","['Learning Domain', 'Workplace skills - Ways of working', 'Learning Domain Primary', 'Professional skills']"
https://skills.yourlearning.ibm.com/activity/URL-A4277D44ABB0,business,eLearning,Understanding and managing risk | The Open University,20 hrs,157 learners have completed this activity in the past 12 months.,Average rating of 4.5 stars by 9 learners in the past 12 months.,9,"<h2 class=""FullPageDescription_title__WsNdH""><span dir=""ltr"" lang=""en"" translate=""yes"">About this learning activity</span></h2><div dir=""ltr"" lang=""en"" translate=""yes"">This is an advanced, free course offered by <a href=""https://www.open.edu/openlearn/"" rel=""noopener noreferrer nofollow"" target=""_blank""><strong>OpenLearn</strong></a>. It provides an introduction to financial risk management. The processes of risk identification, risk measurement and risk management are explored. The course then goes on to examine reputational risk and operational risk. It concludes with an examination of the subject of behavioural finance and what this can contribute to our understanding of risk taking and risk management. 
<br/>
  
<br/><strong>Duration</strong>: 20 hours 
<br/><strong>Registering</strong>: You must create an account to sign in. 
<br/><strong>Completion</strong>: Upon completion, you will earn a Statement of Participation. 
<br/><strong>Language</strong>: This course is available only in English. 
<br/><strong>Download</strong>: You can take the course online or there are options to download the course for use offline or for other devices. 
<br/><strong>Learning outcomes you can expect</strong>: 
<ul>
<li>Demonstrate knowledge of the range of financial and financial related risks facing organisations.</li>
<li>Understand the approach to risk management through risk identification, risk measurement, and risk management (or mitigation).</li>
<li>Understand reputational risk.</li>
<li>Understand operational risk and how to manage it.</li>
</ul>After you complete this activity, return to this page to select <strong>Mark complete</strong> for completion credit.</div>","['Learning Domain', 'Workplace skills - Ways of working', 'Learning Domain Primary', 'Professional skills', 'Lightcast Skills Taxonomy', 'Risk Management Skill']"
https://skills.yourlearning.ibm.com/activity/URL-C1CFD516A212,business,eLearning,Introducing corporate finance | The Open University,20 hrs,248 learners have completed this activity in the past 12 months.,Average rating of 4.5 stars by 6 learners in the past 12 months.,6,"<h2 class=""FullPageDescription_title__WsNdH""><span dir=""ltr"" lang=""en"" translate=""yes"">About this learning activity</span></h2><div dir=""ltr"" lang=""en"" translate=""yes"">This is an advanced, free course offered by <a href=""https://www.open.edu/openlearn/"" rel=""noopener noreferrer nofollow"" target=""_blank""><strong>OpenLearn</strong></a>. It introduces you to the importance of finance and the role it plays in organisations. It explains the different functions of money and the ways in which finance is linked to organisational strategies. The course also explores the ways in which finance is linked to the governance of organisations, how organisations fund their activities, and the role of the finance and accounting functions.  
<br/>
<br/><strong>Duration</strong>: 20 hours 
<br/><strong>Registering</strong>: You must create an account to sign in. 
<br/><strong>Completion</strong>: Upon completion, you will earn a Statement of Participation. 
<br/><strong>Language</strong>: This course is available only in English. 
<br/><strong>Download</strong>: You can take the course online or there are options to download the course for use offline or for other devices. 
<br/><strong>Learning outcomes you can expect</strong>: 
<ul>
<li>Identify the key themes in corporate finance.</li>
<li>Explain the role of finance in an organisation.</li>
<li>Explain and analyse the interrelationship between finance and governance.</li>
<li>Analyse the relationship between strategic decision making and corporate financing decisions.</li>
</ul>After you complete this activity, return to this page to select <strong>Mark complete</strong> for completion credit.</div>","['Learning Domain', 'Workplace skills - Ways of working', 'Learning Domain Primary', 'Professional skills', 'Lightcast Skills Taxonomy', 'Governance Skill']"
https://skills.yourlearning.ibm.com/activity/MDL-171,business,eLearning,Commercial Approach | Fundación Konecta,8 hrs,682 learners have completed this activity in the past 12 months.,Average rating of 4.5 stars by 85 learners in the past 12 months.,85,"<h2 class=""FullPageDescription_title__WsNdH""><span dir=""ltr"" lang=""en"" translate=""yes"">About this learning activity</span></h2><div dir=""ltr"" lang=""en"" translate=""yes"">Know and develop our business skills. <br/><br/><strong>Objectives:</strong><ul><li>Understand the sale and its relationship with marketing</li><li>Understand the business function within the modern business</li><li>Study how the business environment, the market, demand, consumer behavior, and market segmentation influence the sales process (strategic marketing)</li><li>Analyze how the 4 marketing instruments work and combine with each other: price, product, point of sale, and advertising</li></ul><strong>Content:</strong><ul><li>Module 1: The sale and its peculiarities</li><li>Module 2: The commercial function in the company</li><li>Module 3: Analysis of the commercial system (strategic marketing)</li><li>Module 4: Strategy design (operational marketing)</li><li>Module 5: Management, organization, and control of commercial activity</li></ul></div>","['Lightcast Skills Taxonomy', 'Management Skill', 'Marketing Skill', 'Sales Skill']"
https://skills.yourlearning.ibm.com/activity/URL-CC317206CD7B,business,eLearning,Managing virtual project teams | The Open University,8 hrs,201 learners have completed this activity in the past 12 months.,Average rating of 3 stars by 7 learners in the past 12 months.,7,"<h2 class=""FullPageDescription_title__WsNdH""><span dir=""ltr"" lang=""en"" translate=""yes"">About this learning activity</span></h2><div dir=""ltr"" lang=""en"" translate=""yes"">This is an advanced, free course offered by <a href=""https://www.open.edu/openlearn/"" rel=""noopener noreferrer nofollow"" target=""_blank""><strong>OpenLearn</strong></a>. Many projects are now ""virtual"" meaning some or all of the team are located remotely and may be working in different time zones. The project manager needs all the traditional soft skills, and more. This course looks at knowledge and techniques which underpin team selection and then consider the additional expertise needed to manage teams in a virtual environment. 
<br/>
<br/><strong>Duration</strong>: 8 hours 
<br/><strong>Registering</strong>: You must create an account to sign in. 
<br/><strong>Completion</strong>: Upon completion, you will earn a Statement of Participation. 
<br/><strong>Language</strong>: This course is available only in English. 
<br/><strong>Download</strong>: You can take the course online or there are options to download the course for use offline or for other devices. 
<br/><strong>Learning outcomes you can expect</strong>: 
<ul>
<li>Consider the types of skills needed within a project team and the implications for writing a person specification.</li>
<li>Be aware of social and task behaviours that can support an effective team.</li>
<li>Understand a responsibility assignment matrix.</li>
<li>Identify the difference in awareness between team members in a collocated team and between team members in a virtual team.</li>
<li>Be aware of the approaches and techniques needed for a virtual team to be successful.</li>
</ul>After you complete this activity, return to this page to select <strong>Mark complete</strong> for completion credit.</div>","['Learning Domain', 'Workplace skills - Ways of working', 'Learning Domain Primary', 'Professional skills']"
https://skills.yourlearning.ibm.com/activity/URL-37011C03EBD5,business,eLearning,Holding a Meeting in English,30 mins,37 learners have completed this activity in the past 12 months.,Average rating of 4 stars by 5 learners in the past 12 months.,5,"<h2 class=""FullPageDescription_title__WsNdH""><span dir=""ltr"" lang=""en"" translate=""yes"">About this learning activity</span></h2><div dir=""ltr"" lang=""en"" translate=""yes""><p><br/>Holding a meeting can be a stressful experience … and occasionally, you need to spice it up a bit and run the meeting in English, even though it’s not your native language. It wouldn’t be fun otherwise! More seriously: whatever your English level might be, business discussions and meetings especially have their own specific languages. For instance, you might be grateful for doing this course when your manager asks you for the report log and you won’t give him an actual wooden log to make a fire in his office!<br/> </p></div>","['Learning Domain', 'Workplace skills - Ways of working', 'Learning Domain Primary', 'Professional skills']"
https://skills.yourlearning.ibm.com/activity/URL-6E2311425D71,business,eLearning,Fundamentals of accounting | The Open University,8 hrs,260 learners have completed this activity in the past 12 months.,Average rating of 4.5 stars by 13 learners in the past 12 months.,13,"<h2 class=""FullPageDescription_title__WsNdH""><span dir=""ltr"" lang=""en"" translate=""yes"">About this learning activity</span></h2><div dir=""ltr"" lang=""en"" translate=""yes"">This is an introductiory, free course offered by <a href=""https://www.open.edu/openlearn/"" rel=""noopener noreferrer nofollow"" target=""_blank""><strong>OpenLearn</strong></a>. This course will introduce you to the essential concepts and skills of bookkeeping and accounting in four weeks. To start with you will learn about the fundamental difference between bookkeeping and accounting. 
<ul>
<li>In Week 1,  you will also learn how the purpose of management accounting differs from that of financial accounting.</li>
<li>In Week 2, you will gain some practical skills in numeracy, including learning about rearranging simple equations such as the accounting equation.</li>
<li>In Week 3, you will gain knowledge and understanding of the fundamental concepts that underpin double-entry accounting. You will also learn the rules of double-entry bookkeeping and how to record transactions in ledger accounts.</li>
<li>In the fourth and final week, you will learn how to prepare a trial balance and the balance sheet (also known as the statement of financial position). You will also be introduced to the income statement (also known as the profit and loss statement) and how it fits with the accounting equation and the balance sheet.</li>
</ul><strong>Duration</strong>: 8 hours 
<br/><strong>Registering</strong>: You must create an account to sign in. 
<br/><strong>Completion</strong>: Upon completion, you will earn a Statement of Participation. 
<br/><strong>Language</strong>: This course is available only in English. 
<br/><strong>Download</strong>: You can take the course online or there are options to download the course for use offline or for other devices. 
<br/><strong>Learning outcomes you can expect</strong>: 
<ul>
<li>Understand and explain the purpose and role of bookkeeping and accounting, both financial and management, within any business.</li>
<li>Understand and apply the key numerical skills required for accounting.</li>
<li>Understand and describe the three concepts that form the basis of double-entry accounting (the business entity concept, the accounting equation and the duality concept).</li>
<li>Record transactions in the appropriate ledger accounts using the double-entry accounting system.</li>
<li>Balance off ledger accounts at the end of an accounting period and prepare a trial balance and balance sheet.</li>
</ul>After you complete this activity, return to this page to select <strong>Mark complete</strong> for completion credit.</div>","['Learning Domain', 'Workplace skills - Ways of working', 'Learning Domain Primary', 'Professional skills', 'Lightcast Skills Taxonomy', 'Management Skill']"
https://skills.yourlearning.ibm.com/activity/ISG-DL25074G,business,eLearning,Sterling B2B Integrator Certified Container edition deployment technical essentials,3 hrs,11 learners have completed this activity in the past 12 months.,,,"<h2 class=""FullPageDescription_title__WsNdH""><span dir=""ltr"" lang=""en"" translate=""yes"">About this learning activity</span></h2><div dir=""ltr"" lang=""en"" translate=""yes""><p>This course covers the deployment of Sterling B2B Integrator Certified Container edition including covering the system requirements, installation prerequisites, deployment steps, and troubleshooting of the product on Red Hat OpenShift Container Platform on IBM Cloud. </p>
<p>Get an architectural overview of a basic deployment of Sterling B2B integrator container and an overview of AWS and Azure computes, network types, and storage types, supported Sterling B2B Integrator certified container edition.</p>
<p>The course also discusses helm charts and configurations involved in product deployment. You can watch a demo of the fresh installation of Sterling B2B integrator version 6.1.2.0 on the OpenShift container platform, with a DB2 database, via helm pulling the image directly from IBM Entitled Registry using a Kubernetes secret for the registry.</p>
<p>The demo also showcases validating the installation with a sample business process.  </p>
<p>The course also provides a deployment guide describing steps and commands for deployment, and a troubleshooting guide covering some issues faced during deployment and how to fix them.</p>This course covers the deployment of Sterling B2B Integrator Certified Container edition including the system requirements, installation prerequisites, deployment steps, and troubleshooting.
<p>This course requires you register for an IBMid to access.</p></div>",[]
https://skills.yourlearning.ibm.com/activity/URL-WSRE0IQNLBW,business,Video,Revitalise your team and prepare for post-lockdown | Institute of Directors,54 mins,64 learners have completed this activity in the past 12 months.,Average rating of 5 stars by 3 learners in the past 12 months.,3,"<h2 class=""FullPageDescription_title__WsNdH""><span dir=""ltr"" lang=""en"" translate=""yes"">About this learning activity</span></h2><div dir=""ltr"" lang=""en"" translate=""yes"">This webinar unpacks the critical importance of feedback to help you keep your finger on the pulse of how your people are adapting as the country recovers from Covid-19.  To help you maintain your culture and the performance of your business, we unpack the 16 drivers of engagement during rapid change.  To create greater commitment, we will share insights into how each of us can strike the right balance between empowerment and support whilst our teams are in a variety of workplaces. 
<br/>
  
<br/>
The session will enable you to strengthen your culture, build team engagement and ensure your people are ready to lead your business out of lockdown. 
<br/>
<br/>
The session will cover: 
<br/>
<br/>
• “What is the best way to get feedback from my team(s) whilst we are navigating lockdown and return to work?” 
<br/>
• ""How do I ensure that my people are supported, engaged and productive?"" 
<br/>
• ""How do I keep everyone aligned and focused when we are not physically in the office together to ensure our business comes through this stronger?"" 
<br/>
<br/>
What can attendees expect from the session? 
<br/>
<br/>
The session will enable you to strengthen your culture, build team engagement and ensure your people are ready to lead your business out of lockdown.   
<br/>
<br/>
Webinar Objectives: 
<br/>
<br/>
• How to keep an effective finger on the pulse of your people  
<br/>
• Effectively adapt your management style and habits as a remote leader 
<br/>
• How to avoid the micromanagement ‘trap door’ 
<br/>
• Establish effective communication to maximise engagement 
<br/>
• Balance autonomy and control to ensure your people are motivated and engaged  
<br/>
<br/>
After you complete this activity, return to this page to select <strong> Mark complete</strong> for completion credit. 
<br/>
<br/>
Content provider: Institute of Directors (IoD) 
<br/>
<br/>
Note: This activity is available only in English.</div>","['Lightcast Skills Taxonomy', 'Communications Skill']"
https://skills.yourlearning.ibm.com/activity/URL-2AFDF9BB3C8E,business,eLearning,"Création d'entreprises innovantes, de l'idée à la start-up | FUN-MOOC",12 hrs,121 learners have completed this activity in the past 12 months.,Average rating of 4 stars by 2 learners in the past 12 months.,2,"<h2 class=""FullPageDescription_title__WsNdH""><span dir=""ltr"" lang=""en"" translate=""yes"">About this learning activity</span></h2><div dir=""ltr"" lang=""fr"" translate=""yes"">Ce MOOC est dédié à la création d’entreprises innovantes. Tous les types d’innovation sont intégrés, pas seulement l’innovation technologique mais aussi l’innovation en marketing, dans la relation client, dans le business model ou encore dans sa dimension sociale. Le MOOC concerne les innovations de produits mais aussi de services. 
<br/>
<br/>
La création peut se représenter comme un parcours composé d’étapes clés : de l’idée au projet, du projet à sa réalisation. Ce MOOC se propose de décrire en 6 semaines chacune de ces phases essentielles à la réussite du projet entrepreneurial. 
<ul>
<li>Comment évaluer la validité, la faisabilité d’une idée innovante ?</li>
<li>Comment passer de l’idée au projet grâce à un Business Model adapté ?</li>
<li>Comment monter un Business Plan financier ?</li>
<li>Comment financer l’entreprise innovante et quels sont les critères des investisseurs ?</li>
<li>Quels aides et conseils sont à la disposition des porteurs de projet ?</li>
</ul>
<br/>
A l’issue de ce MOOC, les participants auront un aperçu clair du processus qu’est la création d’entreprise et l’avis de plusieurs experts du domaine. Ceux qui ont un projet de création auront les outils pour le concrétiser. 
<br/>
<br/>
Ce MOOC est proposé par FUN.  
<br/>
<br/>
Après avoir suivi cette activité, revenez sur cette page et sélectionnez "" <strong>Marquer terminé</strong>"" afin de prendre en compte ce parcours. 
<br/>
<br/>
Note : cette activité est uniquement disponible en français.  
<br/>
 </div>","['Areas of Interest', 'Professional skills > Leadership', 'Professional skills > Problem solving', 'Learning Domain', 'Workplace skills - Ways of working', 'Learning Domain Primary', 'Professional skills']"
https://skills.yourlearning.ibm.com/activity/ALM-COURSE_3822771,business,eLearning,Agile Program Fundamentals,2 hrs 10 mins,488 learners have completed this activity in the past 12 months.,Average rating of 5 stars by 14 learners in the past 12 months.,14,"<h2 class=""FullPageDescription_title__WsNdH""><span dir=""ltr"" lang=""en"" translate=""yes"">About this learning activity</span></h2><div dir=""ltr"" lang=""en-us"" translate=""yes""><p><i>Agile Program Fundamentals</i> is designed to help project teams develop the foundational skills to plan, structure, and deliver on programs and projects incrementally and iteratively. This module builds on the foundational awareness from <i>A Taste of Agile</i> and <i>Agile Operations Fundamentals</i>. You will learn the project pattern and receive guidance on recommended practices, tools, and techniques that align to the core Agile values and principles.</p><p> </p><p><i>Agile Program Fundamentals</i> is appropriate for everyone: students, workforce-facing team members, executives, managers, and practitioners.</p><p> </p><p><strong>What you’ll learn</strong></p><p>After completing this module, you should be able to:</p><ul><li>Define the term “programs” in a business context</li><li>Describe the programs pattern</li><li>Identify the four phases of the programs pattern</li><li>Describe the application of core practices to program work</li><li>Apply the Agile method to the programs and projects work you do, whether that be family, school, job, or other types of work</li></ul><p> </p><p><strong>Lessons</strong></p><ol><li>Adding Agile into the programs pattern</li><li>Event phase</li><li>Discovery phase</li><li>Program funnel phase</li><li>Delivery phase</li></ol></div>","['Badge Learning', 'Agile Explorer', 'Learning Domain', 'Workplace skills - Workforce readiness']"
https://skills.yourlearning.ibm.com/activity/ALM-COURSE_3822770,business,eLearning,Agile Operations Fundamentals,2 hrs 5 mins,533 learners have completed this activity in the past 12 months.,Average rating of 5 stars by 14 learners in the past 12 months.,14,"<h2 class=""FullPageDescription_title__WsNdH""><span dir=""ltr"" lang=""en"" translate=""yes"">About this learning activity</span></h2><div dir=""ltr"" lang=""en-us"" translate=""yes""><p><i>Agile Operations Fundamentals</i> is designed to help operational teams develop the foundational skills to plan, structure, deliver, monitor, and improve on operational activities and processes. These skills can be used in school, on the job, and in your personal life. This module builds on the foundational awareness from <i>A Taste of Agile</i>, through an operations pattern that provides guidance on recommended practices, tools, and techniques that align to the core Agile values and principles.</p><p> </p><p><i>Agile Operations Fundamentals</i> is appropriate for everyone: students, workforce-facing team members, executives, managers, and practitioners.</p><p> </p><p><strong>What you’ll learn</strong></p><p>After completing this module, you should be able to:</p><ul><li>Define the term “operations” in a business context</li><li>Describe the operations pattern</li><li>Describe the application of core practices to operations</li><li>Identify the key Agile team roles and responsibilities for operations</li><li>Describe the Kanban method</li><li>Apply the Agile method to the operations work you do, which has repeatable processes, whether that be family, school, job, or other types of work</li></ul><p> </p><p><strong>Lessons</strong></p><ol><li>Introduction to operations</li><li>Understanding the operations pattern</li><li>Adding Agile into the operations pattern</li><li>Agile operations team</li><li>Kanban</li></ol></div>","['Badge Learning', 'Agile Explorer', 'Learning Domain', 'Workplace skills - Workforce readiness']"
https://skills.yourlearning.ibm.com/channel/CNL_LCB_1582154708473,business,Channel,1.3.2.3 Facebook Business,,,,,"<div dir=""ltr"" lang=""fr"" translate=""yes""><p>Découvrez Facebook Business : </p>
<ul>
<li>Mise en place d'une page</li>
<li>Création de messages de page</li>
<li>Construction de la portée de votre page</li>
</ul></div>",[]
https://skills.yourlearning.ibm.com/channel/CNL_REC_TOPIC-DIGITAL_STRATEGY_FOR_SMALL_BUSINESS,business,Channel,Essential skills: Digital strategies for small business recommendations,,,,20,"<div dir=""ltr"" lang=""en"" translate=""yes""><p>These recommendations are generated with Watson for the Essential skills: Digital strategies for small business interest area. People with a similar learning history or demographic profile tended to take these activities from this interest area.</p></div>",[]
https://skills.yourlearning.ibm.com/channel/CNL_LCB_1594815881477,business,Channel,ACH- Help with Business English Grammar,,,,,,[]
https://skills.yourlearning.ibm.com/channel/CNL_LCB_1581395054549,business,Channel,3.8.3.1 Elaboration de plans d'affaires (Business Plans) et d'études de cas,,,,,"<div dir=""ltr"" lang=""fr"" translate=""yes""><p>Les plans d'affaires et les études de cas solides reçoivent des fonds. Apprenez à élaborer un plan d'affaires et une étude de cas, et obtenez l'adhésion des dirigeants.</p></div>",[]
https://skills.yourlearning.ibm.com/channel/CNL_LCB_1591661182448,business,Channel,Virtual Business Management,,,,6,"<div dir=""ltr"" lang=""en"" translate=""yes""><p>Explore these learning activities for small business owners about remote workforces and virtual modes of teaming and collaboration.</p></div>",[]
https://skills.yourlearning.ibm.com/channel/CNL_LCB_1600200803494,business,Channel,Legal Education Webinars | United States,,,,5,"<div dir=""ltr"" lang=""en"" translate=""yes"">This series of on-demand webinars, presented by lawyers from Jones Day and IBM, covers legal education topics for small business owners and entrepreneurs in the United States.   
<br/>
 </div>",[]
https://skills.yourlearning.ibm.com/channel/CNL_LCB_1600340752629,business,Channel,Lotus - English courses,,,,1,"<div dir=""ltr"" lang=""en"" translate=""yes""><p>Activities in ths channel are focused on improving your skills in English conversation:<br/>
  - Improve your English communication skills.<br/>
  - Write and speak more professionally in English to increase your business success.<br/>
   </p></div>",[]
https://skills.yourlearning.ibm.com/channel/CNL_LCB_1591639706978,business,Channel,Finance Fundamentals,,,,2,"<div dir=""ltr"" lang=""en"" translate=""yes""><p>Explore these learning activities for small business owners about key concepts and practices in business accounting and finance.</p></div>",[]
https://skills.yourlearning.ibm.com/channel/CNL_LCB_1567443539771,business,Channel,Blockchain,,,,419,"<div dir=""ltr"" lang=""en"" translate=""yes""><p>Blockchain is an emerging technology that can radically improve banking, supply chains, and other transaction networks. These networks work together in markets that exchange assets in the form of goods and services between the participants. Complete these activities to learn about the essentials of blockchain, the benefits of blockchain, and how it is used in business.</p></div>","['Areas of Interest', 'Essential skills > Blockchain']"
https://skills.yourlearning.ibm.com/channel/CNL_LCB_1567441580632,business,Channel,Agile Methodology,,,,185,"<div dir=""ltr"" lang=""en"" translate=""yes""><p>An understanding of agile methodologies and practices is a valued skill in the market. Check out these activities to learn about agile principles, including customer focus, clearly defined outcomes and business value, and course correction for continuous improvement. Anyone can implement or influence others to learn and use agile practices in the workplace!</p></div>","['Areas of Interest', 'Essential skills > Agile methodology']"
