course_url,category,type,title,duration,learners_amount,star_rating,star_num_ratings,description,tags
https://skills.yourlearning.ibm.com/activity/PLAN-B7F68A410C9C,career,Learning Plan,Career Management Essentials,About 12 hours,404 learners have completed this activity in the past 12 months.,Average rating of 4.5 stars by 39 learners in the past 12 months.,39,"<div dir=""ltr"" lang=""en"" translate=""yes""><p><strong>Note: </strong>This newly designed course is available in <strong>English</strong>.</p>
<p> </p>
<p><strong>A similar version of this course is available in Čeština, Español, Français, Italiano, Português (Brasil), polski, 繁體中文, Türkçe, українська </strong><a href=""https://skills.yourlearning.ibm.com/activity/PLAN-CC4C7655BD0D"" rel=""noopener noreferrer nofollow"" target=""_blank""><strong>here</strong></a><strong>: </strong></p>
<p> </p>
<p><strong>Description</strong></p>
<p>Are you struggling to create an impactful resume and find a job role that matches your skills and abilities? Do you wonder if the values of the company you want to work for align with yours? If so, this is the course for you! Learn about researching workplaces, creating a resume that’ll get you noticed, and using AI tools to enhance and tailor your resume for different job roles. Discover how to use professional social networks to create a profile, bypass application tracking systems to reach the human recruiters who do the hiring, and ace the interview process!</p>
<p> </p>
<p>Complete the following required modules to earn an industry-recognized IBM SkillsBuild digital credential called <strong>Career Management Essentials</strong>:</p>
<ol>
<li><i>Focus Your Direction with Workplace Research</i></li>
<li><i>Develop Your Professional Network and Brand</i></li>
<li><i>Create a Great Professional Resume</i></li>
<li><i>Ace Your Professional Interview</i></li>
</ol>
<p> </p>
<p><strong>What you’ll learn</strong></p>
<p>After completing <i>Career Management Essentials, </i>you should be able to:</p>
<ul>
<li>Identify workplaces that align with your values and job roles that match your skills and experience</li>
<li>Describe how to use professional social networks to create a work brand</li>
<li>Identify how to create an effective resume and use AI tools to enhance it</li>
<li>Explain how to answer interview questions to increase your chances of getting hired</li>
</ul>
<p> </p>
<p><strong>Language:</strong> English<br/><br/>
  Select <strong>Enroll</strong> to enroll in this learning plan and get started!</p></div>","['Badge Learning', 'Career Management Essentials', 'Learning Domain', 'Workplace skills - Workforce readiness']"
https://skills.yourlearning.ibm.com/activity/PLAN-66C2212CE203,career,Learning Plan,Career JumpStart: A Professional Foundations Program,Weeks,307 learners have completed this activity in the past 12 months.,Average rating of 4.5 stars by 94 learners in the past 12 months.,94,"<div dir=""ltr"" lang=""en"" translate=""yes""><strong>Jump-start your new career here, with the Professional Foundations Program!</strong>
<br/>
<br/>
 This is a self-guided, digital learning journey designed for you as a newcomer to IBM SkillsBuild for Job Seekers. Our goal is to build your technical, workplace, and career exploration skills and encourage you to discover your best fit for a career path that you can start right here on SkillsBuild.  
<br/>
<br/><strong>Duration</strong>: 26+ hours 
<br/><strong>Languages</strong>: English, Spanish, Portuguese (Brazil) 
<br/>
<br/>
 To get started: 
<ol>
<li>Select <strong>Start tracking progress</strong> to enroll in this learning plan and get started!</li>
<li>Get your brain ready to learn and your ideas flowing!</li>
<li>Complete all <em>required </em>learning activities in order and be sure to pace your learning. You can pick the <em>optional </em>learning activities that interest you. They are labeled as ""optional"" for you.</li>
</ol>
<br/>
 &gt; You can post about your experience and success using <strong>#skillsbuild</strong> on social media!</div>","['Learning Domain', 'Workplace skills - Workforce readiness']"
https://skills.yourlearning.ibm.com/activity/URL-88CD3776AB20,career,Document,Learn about a career in blockchain,5 mins,356 learners have completed this activity in the past 12 months.,Average rating of 4 stars by 9 learners in the past 12 months.,9,"<h2 class=""FullPageDescription_title__WsNdH""><span dir=""ltr"" lang=""en"" translate=""yes"">About this learning activity</span></h2><div dir=""ltr"" lang=""en"" translate=""yes"">Blockchain is a rapidly-growing field with plenty of opportunities for curious minds. Which companies hire for blockchain technologies most or what technical skills might be in demand? View this infographic to find out what kind of careers in blockchain might interest you, and the skills that are required.
<br/>
<br/>
Also availble in <a href=""https://ibm.box.com/s/d5u2as3mgh29g1xhfsqftjjikm3qaj9s"" rel=""noopener noreferrer nofollow"" target=""_blank"">Spanish</a>, <a href=""https://ibm.box.com/s/7olcmpflxnvpb9ecyei6re2g2fpywb61"" rel=""noopener noreferrer nofollow"" target=""_blank"">French</a>, and <a href=""https://ibm.box.com/s/n1dn0cyu6k1vuofxf35sy2wdo50t4m5l"" rel=""noopener noreferrer nofollow"" target=""_blank"">Brazilian Portuguese</a>.
<br/>
<br/>
After you complete this activity, return to this page to select <strong>Mark complete</strong> for completion credit.</div>","['Learning Domain', 'Other - Blockchain']"
https://skills.yourlearning.ibm.com/activity/URL-379D474DA550,career,Assessment,Complete a MyInnerGenius career assessment,30 mins,720 learners have completed this activity in the past 12 months.,Average rating of 4 stars by 21 learners in the past 12 months.,21,"<h2 class=""FullPageDescription_title__WsNdH""><span dir=""ltr"" lang=""en"" translate=""yes"">About this learning activity</span></h2><div dir=""ltr"" lang=""en"" translate=""yes"">Take a career assessment offered by MyInnerGenius to see what career might be a good fit for you! 
<br/>
<br/>
 Assessments test your math skills, memory, and information processing; you might also learn a bit about your personality. The assessment results might match you with a career-based learning path that you can start right on IBM SkillsBuild. The results are really interesting, but <strong>overall your choices are your own</strong>. 
<br/>
<br/><strong>Note</strong>: It does take some time to complete an assessment, so be sure to set aside some time to focus. 
<br/>
<br/>
 &gt; When you are ready, click the <strong>Go to this activity </strong>button. Or, navigate to the top of this SkillsBuild page, select <strong>Recommendations</strong>,<strong> </strong>and then select <strong>Career assessment </strong>to begin. We also recommend that you complete the <strong>Learning Insights Assessment</strong>, as that must be completed to earn the Fit to Learn badge. 
<br/>
<br/><strong>Tip! </strong>When you complete an assessment, you might earn your first badge! 
<br/>
<br/>
 After you complete this activity, return to this page to select <strong>Mark complete</strong> for completion credit.</div>","['Lightcast Skills Taxonomy', 'Mathematics Skill']"
https://skills.yourlearning.ibm.com/activity/URL-4CUXNS6SBOU,career,Video,How to Get a Career in Cybersecurity | IBM,6 mins,1937 learners have completed this activity in the past 12 months.,Average rating of 4.5 stars by 27 learners in the past 12 months.,27,"<h2 class=""FullPageDescription_title__WsNdH""><span dir=""ltr"" lang=""en"" translate=""yes"">About this learning activity</span></h2><div dir=""ltr"" lang=""en"" translate=""yes""><p>Watch this concise video offering insights into careers within the cybersecurity sector.</p></div>","['Learning Domain', 'Technical skills - Cybersecurity', 'Learning Domain Primary', 'Cybersecurity']"
https://skills.yourlearning.ibm.com/activity/URL-0A255BA99414,career,Document,Learn about a career in cybersecurity,5 mins,1187 learners have completed this activity in the past 12 months.,Average rating of 4.5 stars by 35 learners in the past 12 months.,35,"<h2 class=""FullPageDescription_title__WsNdH""><span dir=""ltr"" lang=""en"" translate=""yes"">About this learning activity</span></h2><div dir=""ltr"" lang=""en"" translate=""yes"">Cybersecurity crosses all job roles and industries, and all companies need some form of security solution. What skills do you need to face down security threats and what interesting jobs are in this field? Answers to these questions, plus a few more facts, are included in the following infographic.
<br/>
<br/>
Also available in <a href=""https://ibm.box.com/s/igadqaa57ndme4uuwmchaj4gvbayv7o1"" rel=""noopener noreferrer nofollow"" target=""_blank"">Spanish</a>, <a href=""https://ibm.box.com/s/4gtq7itd2qd3t9pgoi8l8py71t6rkye8"" rel=""noopener noreferrer nofollow"" target=""_blank"">French</a>, and <a href=""https://ibm.box.com/s/ksw2bo31d0cna4c7ld2hit1ha4y7wvo7"" rel=""noopener noreferrer nofollow"" target=""_blank"">Brazilian Portuguese</a>.
<br/>
<br/>
After you complete this activity, return to this page to select <strong>Mark complete</strong> for completion credit.</div>","['Learning Domain', 'Technical skills - Cybersecurity', 'Learning Domain Primary', 'Cybersecurity', 'Lightcast Skills Taxonomy', 'Cyber Security Skill']"
https://skills.yourlearning.ibm.com/activity/PLAN-6944992DF0CB,career,Learning Plan,Start a Career in Tech through IT Support,About 15 hours,9 learners have completed this activity in the past 12 months.,Average rating of 5 stars by 1 learner in the past 12 months.,1,"<div dir=""ltr"" lang=""en"" translate=""yes""><p>IT Support is an ideal entry point for the tech industry. This targeted learning plan is ideal for individuals transitioning into the technology field. This learning plan helps you build a solid foundation for your new career and transition more easily into the tech industry.</p></div>",[]
https://skills.yourlearning.ibm.com/activity/URL-39A1EC293731,career,Document,Learn about a career in AI,5 mins,3544 learners have completed this activity in the past 12 months.,Average rating of 4.5 stars by 94 learners in the past 12 months.,94,"<h2 class=""FullPageDescription_title__WsNdH""><span dir=""ltr"" lang=""en"" translate=""yes"">About this learning activity</span></h2><div dir=""ltr"" lang=""en"" translate=""yes"">The AI revolution is here! You might be wondering what industries will need AI experts, what technical skills might be in demand, or what the interesting jobs in the field are. Answers to these questions, plus a few more facts, are included in the following infographic.
<br/>
<br/>
Also available in <a href=""https://ibm.box.com/s/vpg8zuldk5i968wn6moj821pml6wawqk"" rel=""noopener noreferrer nofollow"" target=""_blank"">Spanish</a>, <a href=""https://ibm.box.com/s/ez2bfjmy1mje0gwak44hsqenh8p4krse"" rel=""noopener noreferrer nofollow"" target=""_blank"">French</a>, and <a href=""https://ibm.box.com/s/j9sxig4rvjjlzovt3g2oq17a7lhtddmf"" rel=""noopener noreferrer nofollow"" target=""_blank"">Brazilian Portuguese</a>.
<br/>
<br/>
After you complete this activity, return to this page to select <strong>Mark complete</strong> for completion credit.</div>","['Learning Domain', 'Technical skills - Artificial Intelligence', 'Learning Domain Primary', 'Artificial intelligence', 'Lightcast Skills Taxonomy', 'Artificial Intelligence Skill']"
https://skills.yourlearning.ibm.com/activity/URL-3C5C2D4AD8B3,career,eLearning,Career Options: Exploring a New Career | Coursera,15 mins,509 learners have completed this activity in the past 12 months.,Average rating of 4.5 stars by 14 learners in the past 12 months.,14,"<h2 class=""FullPageDescription_title__WsNdH""><span dir=""ltr"" lang=""en"" translate=""yes"">About this learning activity</span></h2><div dir=""ltr"" lang=""en"" translate=""yes""><p>This course is for you if you are interested in researching a new career and acquiring the skills necessary to succeed in it. You will be asked to reflect on your experiences and critically evaluate what you currently know, what you need to acquire, and how to go about getting it. You will then identify groups and individuals that can serve and support you in exploring a new career. During this course, you will identify the elements of a well-structured career plan and evaluate career options by individual fit to determine how to effectively engage your network in your career journey.<br/><br/>
 You will design a tactical career plan and identify pitfalls in behavior, communication and appearance that can derail a new career. You will also develop a targeted cover letter and resume using a proven business format. Your experiential learning can also be a valuable asset, linking your personal experiences with your chosen career. We will help you define your career objective statement and align this with your strengths and goals. Finally, you will be challenged to research and identify your personal values inventory, and evaluate how to best navigate the current job market by using an innovative approach called career rockclimbing.<br/><br/>
 This course is offered by Coursera and the University System of Georgia. It is an online, self-paced course that is beginner level.<br/><br/><strong>Language</strong>: English<br/><strong>Duration</strong>: Approximately 25 hours<br/><strong>Important note</strong>: You can read and view the course content for free. You will be auditing the course or trying a free trial. You may not have access to certain assignments. You would need to enroll at a cost in order to be eligible to earn a certificate.<br/><br/>
 &gt; Return to this page to <strong>Mark complete </strong>to acknowledge that you finished reviewing the course information.</p></div>","['Learning Domain', 'Workplace skills - Workforce readiness', 'Lightcast Skills Taxonomy', 'Communications Skill', 'Auditing Skill', 'Research Skill', 'Innovation Skill']"
https://skills.yourlearning.ibm.com/activity/URL-072C35FBF243,career,Webpage,6 Leadership Theories for Career Growth | Indeed Career Guide,5 mins,891 learners have completed this activity in the past 12 months.,Average rating of 4 stars by 23 learners in the past 12 months.,23,"<h2 class=""FullPageDescription_title__WsNdH""><span dir=""ltr"" lang=""en"" translate=""yes"">About this learning activity</span></h2><div dir=""ltr"" lang=""en"" translate=""yes""><p>Understanding theories and styles of leadership can help you be more effective in your role, particularly if your position requires frequent collaboration with or management of others. Also, during the job search process, interviewers may assess your leadership potential, so it can be helpful to understand your preferred leadership practice.<br/><br/>
 In this article, we define leadership theory and leadership style, explore the main leadership theories, and explain why you should define your leadership approach.<br/><br/>
 This article is presented by <a href=""https://www.indeed.com/career-advice/"" rel=""noopener noreferrer nofollow"" target=""_blank"">Indeed Career Guide</a>.<br/><br/>
 After you complete this activity, return to this page to select <strong>Mark complete</strong> for completion credit.<br/><br/><strong>Note</strong>: This activity is available only in English.</p></div>","['Learning Domain', 'Workplace skills - Workforce readiness', 'Learning Domain Primary', 'Professional skills', 'Lightcast Skills Taxonomy', 'Leadership Skill', 'Management Skill']"
https://skills.yourlearning.ibm.com/activity/URL-EDD75AC0F392,career,Document,Learn about a career in cloud computing,5 mins,517 learners have completed this activity in the past 12 months.,Average rating of 5 stars by 15 learners in the past 12 months.,15,"<h2 class=""FullPageDescription_title__WsNdH""><span dir=""ltr"" lang=""en"" translate=""yes"">About this learning activity</span></h2><div dir=""ltr"" lang=""en"" translate=""yes"">Cloud computing technologies and services are everywhere. What industries focus most on cloud computing, what technical skills might be in demand, and what the interesting jobs are in this field? Answers to these questions, plus a few more facts, are included in the following infographic.
<br/>
<br/>
Also available in <a href=""https://ibm.box.com/s/0e1fn4syschlr5u68nborju1w7gp1ajp"" rel=""noopener noreferrer nofollow"" target=""_blank"">Spanish</a>, <a href=""https://ibm.box.com/s/hqqgo9bete0l6ljltzpuwacx35agovcy"" rel=""noopener noreferrer nofollow"" target=""_blank"">French</a>, and <a href=""https://ibm.box.com/s/fcs0mkv0v73ngo947s8il5fnsbrl7ay4"" rel=""noopener noreferrer nofollow"" target=""_blank"">Brazilian Portuguese</a>.
<br/>
<br/>
After you complete this activity, return to this page to select <strong>Mark complete</strong> for completion credit.</div>","['Learning Domain', 'Technical Skills - Cloud', 'Learning Domain Primary', 'Cloud computing']"
https://skills.yourlearning.ibm.com/activity/URL-D9299D46AB97,career,Webpage,Setting Goals to Improve Your Career | Indeed Career Guide,15 mins,309 learners have completed this activity in the past 12 months.,Average rating of 3.5 stars by 17 learners in the past 12 months.,17,"<h2 class=""FullPageDescription_title__WsNdH""><span dir=""ltr"" lang=""en"" translate=""yes"">About this learning activity</span></h2><div dir=""ltr"" lang=""en"" translate=""yes""><p>Setting specific, measurable goals can provide a path to improve your career and achieve certain accomplishments. You can use goal setting when given a certain task or project, or to personally advance in some way. You can set goals towards promotions, creativity, education and many other various ways to improve your life and career.<br/><br/>
 In this article, we'll look at why setting goals can help improve your career, what types of goals you can set, and how to set goals. The sections include:</p>
<ul>
<li>Why setting goals in important</li>
<li>What are short-term goals</li>
<li>What are long-term goals</li>
<li>Setting personal goals</li>
<li>Setting professional goals</li>
<li>How to set goals</li>
</ul>This article is presented by <a href=""https://www.indeed.com/career-advice/"" rel=""noopener noreferrer nofollow"" target=""_blank"">Indeed Career Guide</a>. 
<br/>
<br/>
When you complete the article, be sure to return to this Your Learning activity page to select <strong>Mark Complete</strong> for completion credit. 
<br/>
<br/><strong>Note</strong>: This activity is available only in English.</div>","['Learning Domain', 'Workplace skills - Workforce readiness']"
https://skills.yourlearning.ibm.com/activity/URL-F7D07F64305E,career,eLearning,Developing career resilience | The Open University,24 hrs,125 learners have completed this activity in the past 12 months.,Average rating of 3 stars by 150 learners in the past 12 months.,150,"<h2 class=""FullPageDescription_title__WsNdH""><span dir=""ltr"" lang=""en"" translate=""yes"">About this learning activity</span></h2><div dir=""ltr"" lang=""en"" translate=""yes"">This is an introductory, free course offered by <a href=""https://www.open.edu/openlearn/"" rel=""noopener noreferrer nofollow"" target=""_blank""><strong>OpenLearn</strong></a>. It will help you to understand the factors that influence career resilience, and offer examples and tactics for you to develop yours further. 
<br/>
<br/><strong>Duration</strong>: 24 hours 
<br/><strong>Registering</strong>: You must create an account to sign in. 
<br/><strong>Badging</strong>: Enrolling in the course will give you the opportunity to earn an Open University digital badge. Badges are not accredited by The Open University, but they're a great way to demonstrate your interest in the subject and commitment to your career, and to provide evidence of continuing professional development. 
<br/><strong>Language</strong>: This course is available only in English. 
<br/><strong>Download</strong>: You can take the course online or there are options to download the course for use offline or for other devices. 
<br/><strong>Learning outcomes you can expect</strong>: 
<ul>
<li>Identify the strengths of resilient people and recognise which of these strengths you have already.</li>
<li>Recognise how the need for resilience varies in different occupational sectors.</li>
<li>Understand changing trends in the world of work.</li>
<li>Identify tactics for goal setting and overcoming setbacks.</li>
<li>Work with a model for career resilience and develop personal resources.</li>
</ul>After you complete this activity, return to this page to select <strong>Mark complete</strong> for completion credit.</div>","['Learning Domain', 'Workplace skills - Ways of working', 'Learning Domain Primary', 'Professional skills']"
https://skills.yourlearning.ibm.com/activity/URL-ABA94267FB56,career,Webpage,8 Ways To Build a Successful Career | Indeed Career Guide,5 mins,265 learners have completed this activity in the past 12 months.,Average rating of 4 stars by 38 learners in the past 12 months.,38,"<h2 class=""FullPageDescription_title__WsNdH""><span dir=""ltr"" lang=""en"" translate=""yes"">About this learning activity</span></h2><div dir=""ltr"" lang=""en"" translate=""yes"">Career success can be highly subjective, meaning each person gets to define what success looks like for them. Building a successful career based on self-determined criteria can be a source of enjoyment and pride for many people. Additionally, you might be able to work toward your personal goals in the context of your professional achievements when building your career. In this article, we discuss what it means to build a successful career and list eight ways to do it, to help you achieve your own career goals.
<br/>
<br/>
This article is presented by <a href=""https://www.indeed.com/career-advice/"" rel=""noopener noreferrer nofollow"" target=""_blank"">Indeed Career Guide</a>.
<br/>
<br/>
After you complete this activity, return to this page to select <strong>Mark complete</strong> for completion credit.
<br/>
<br/><strong>Note</strong>: This activity is available only in English.</div>","['Learning Domain', 'Workplace skills - Ways of working', 'Learning Domain Primary', 'Professional skills']"
https://skills.yourlearning.ibm.com/activity/URL-8D83F3385842,career,eLearning,Developing career resilience | The Open University,24 hrs,182 learners have completed this activity in the past 12 months.,Average rating of 2 stars by 460 learners in the past 12 months.,460,"<h2 class=""FullPageDescription_title__WsNdH""><span dir=""ltr"" lang=""en"" translate=""yes"">About this learning activity</span></h2><div dir=""ltr"" lang=""en"" translate=""yes"">This is an introductory, free course offered by <a href=""https://www.open.edu/openlearn/"" rel=""noopener noreferrer nofollow"" target=""_blank""><strong>OpenLearn</strong></a>. It will help you understand the factors that influence career resilience, and offer examples and tactics for you to develop yours further. 
<br/>
<br/><strong>Duration</strong>: 24 hours 
<br/><strong>Registering</strong>: You must create an account to sign in. 
<br/><strong>Badging</strong>: Enrolling in the course will give you the opportunity to earn an Open University digital badge. Badges are not accredited by The Open University, but they're a great way to demonstrate your interest in the subject and commitment to your career, and to provide evidence of continuing professional development. 
<br/><strong>Language</strong>: This course is available only in English. 
<br/><strong>Download</strong>: You can take the course online or there are options to download the course for use offline or for other devices 
<br/><strong>Learning outcomes you can expect</strong>: 
<ul>
<li>Identify the strengths of resilient people and recognise which of these strengths you have already.</li>
<li>Recognise how the need for resilience varies in different occupational sectors.</li>
<li>Understand changing trends in the world of work.</li>
<li>Identify tactics for goal setting and overcoming setbacks.</li>
<li>Work with a model for career resilience and develop personal resources.</li>
</ul>
<br/>
After you complete this activity, return to this page to select <strong>Mark complete</strong> for completion credit.</div>","['Learning Domain', 'Workplace skills - Ways of working', 'Learning Domain Primary', 'Professional skills']"
https://skills.yourlearning.ibm.com/activity/PLAN-BCDAC0C99415,career,Learning Plan,Tech Pathways: Skills for Career Re-Entry,About 1 week,,,,"<div dir=""ltr"" lang=""en"" translate=""yes""><p>Welcome to the Tech Re-Entry Learning Pathway, a program designed to help experienced professionals reignite their careers in the ever-evolving world of technology. Whether you've taken a career break or are looking to refresh and expand your skills, this pathway equips you with the knowledge, tools, and confidence to succeed in today’s fast-paced tech landscape.</p>
<p>This pathway isn’t just about upskilling—it’s about empowering you to make a seamless transition back into the tech workforce and thrive in your career!</p>
<p> </p></div>",[]
https://skills.yourlearning.ibm.com/activity/URL-557588997FBE,career,Webpage,5 Diversity Skills To Develop | Indeed Career Guide,10 mins,585 learners have completed this activity in the past 12 months.,Average rating of 4 stars by 32 learners in the past 12 months.,32,"<h2 class=""FullPageDescription_title__WsNdH""><span dir=""ltr"" lang=""en"" translate=""yes"">About this learning activity</span></h2><div dir=""ltr"" lang=""en"" translate=""yes"">Diversity is the practice of including people from different backgrounds, cultures, values and ideas. Diversity is increasingly important as a core value and daily commitment for companies to prioritize. In this article, we discuss what diversity skills are, why they matter and important diversity skills for you to develop.
<br/>
<br/>
This article is presented by <a href=""https://www.indeed.com/career-advice/"" rel=""noopener noreferrer nofollow"" target=""_blank"">Indeed Career Guide</a>.
<br/>
<br/>
After you complete this activity, return to this page to select <strong>Mark complete</strong> for completion credit.
<br/>
<br/><strong>Note</strong>: This activity is available only in English.</div>","['Learning Domain', 'Workplace skills - Ways of working', 'Learning Domain Primary', 'Professional skills']"
https://skills.yourlearning.ibm.com/activity/URL-8E265379717E,career,Webpage,How to Demonstrate Collaboration in the Workplace | Indeed Career Guide,5 mins,237 learners have completed this activity in the past 12 months.,Average rating of 4.5 stars by 16 learners in the past 12 months.,16,"<h2 class=""FullPageDescription_title__WsNdH""><span dir=""ltr"" lang=""en"" translate=""yes"">About this learning activity</span></h2><div dir=""ltr"" lang=""en"" translate=""yes""><p>No matter where you work, you’ll almost certainly encounter instances in which you’ll need to collaborate to get the job done. Collaboration is a key aspect to success in the workplace. It’s also an essential job skill. In this article, you will learn the benefits of collaboration as well as how to demonstrate your collaborative skills.<br/><br/>
 This article is presented by <a href=""https://www.indeed.com/career-advice/"" rel=""noopener noreferrer nofollow"" target=""_blank"">Indeed Career Guide</a>.<br/><br/>
 After you complete this activity, return to this page to select <strong>Mark complete</strong> for completion credit.<br/><br/><strong>Note</strong>: This activity is available only in English.</p></div>","['Learning Domain', 'Workplace skills - Workforce readiness']"
https://skills.yourlearning.ibm.com/activity/URL-B8E393762813,career,eLearning,Navigating Your Journey to a Cybersecurity Career,1 hr,594 learners have completed this activity in the past 12 months.,Average rating of 4.5 stars by 8 learners in the past 12 months.,8,"<h2 class=""FullPageDescription_title__WsNdH""><span dir=""ltr"" lang=""en"" translate=""yes"">About this learning activity</span></h2><div dir=""ltr"" lang=""en"" translate=""yes""><br/>
Cybersecurity skills are in high demand. Hear from a panel of IBM cybersecurity professionals to learn more about cybersecurity roles and the types of skills and attributes they look for in candidates they hire. Use the insights you gain from their guidance and their own career journeys to help you prepare for your own.
<br/>
 
<br/>
In this recorded webinar, you will: 
<br/>
·       Explore the typical working day of a cybersecurity professional. 
<br/>
·       Get insights into the skills needed to become a cybersecurity professional and the non-technical skills you may already have.  
<br/>
·       Understand first steps into cybersecurity learning. 
<br/>
·       Find out what makes the difference when employers are looking for cybersecurity professionals. 
<br/>
 
<br/>
<br/>
<br/>
 </div>","['Learning Domain', 'Technical skills - Cybersecurity', 'Learning Domain Primary', 'Cybersecurity']"
https://skills.yourlearning.ibm.com/activity/URL-36DD46F8BD49,career,Webpage,Decision-Making Methods for the Workplace | Indeed Career Guide,10 mins,215 learners have completed this activity in the past 12 months.,Average rating of 4 stars by 56 learners in the past 12 months.,56,"<h2 class=""FullPageDescription_title__WsNdH""><span dir=""ltr"" lang=""en"" translate=""yes"">About this learning activity</span></h2><div dir=""ltr"" lang=""en"" translate=""yes""><p>Strong decision-making is a valuable skill in any workplace because it empowers employees and leaders to make mindful choices that have the best chance of leading to a favorable outcome. Your decision-making methods may change depending on the context. In this article, we explore some of the top decision-making methods you can use to make timely and effective professional choices.<br/><br/>
 This article is presented by <a href=""https://www.indeed.com/career-advice/"" rel=""noopener noreferrer nofollow"" target=""_blank"">Indeed Career Guide</a>.<br/><br/>
 After you complete this activity, return to this page to select <strong>Mark complete</strong> for completion credit.<br/><br/><strong>Note</strong>: This activity is available only in English.</p></div>","['Learning Domain', 'Workplace skills - Ways of working', 'Learning Domain Primary', 'Professional skills', 'Lightcast Skills Taxonomy', 'Decision Making Skill']"
https://skills.yourlearning.ibm.com/activity/URL-B990A8AB829F,career,Webpage,Guide to Business Attire (With Examples) | Indeed Career Guide,10 mins,251 learners have completed this activity in the past 12 months.,Average rating of 3 stars by 1 learner in the past 12 months.,1,"<h2 class=""FullPageDescription_title__WsNdH""><span dir=""ltr"" lang=""en"" translate=""yes"">About this learning activity</span></h2><div dir=""ltr"" lang=""en"" translate=""yes""><p>Business attire is the clothing you wear in professional settings. You might decide how to dress depending on the type of office you work in, for an interview, or for a meeting. There are varying levels of business attire ranging from “casual” to “business formal.” Based on the setting, you can decide which kind of business attire is appropriate. In this article, the sections include:</p>
<ul>
<li>Types of business attire</li>
<li>Business attire tips</li>
</ul>
<p>This article is presented by <a href=""https://www.indeed.com/career-advice/"" rel=""noopener noreferrer nofollow"" target=""_blank"">Indeed Career Guide</a>.<br/><br/>
 When you complete the article, be sure to return to this Your Learning activity page to select <strong>Mark Complete</strong> for completion credit.<br/><br/><strong>Note</strong>: This activity is available only in English.</p></div>","['Learning Domain', 'Workplace skills - Workforce readiness']"
https://skills.yourlearning.ibm.com/activity/URL-DE8ABB219860,career,Webpage,How to Make a Resume (With Examples) | Indeed Career Guide,15 mins,47692 learners have completed this activity in the past 12 months.,Average rating of 4.5 stars by 1210 learners in the past 12 months.,"1,210","<h2 class=""FullPageDescription_title__WsNdH""><span dir=""ltr"" lang=""en"" translate=""yes"">About this learning activity</span></h2><div dir=""ltr"" lang=""en"" translate=""yes"">To create a resume that will get noticed by employers, you can follow a few simple steps and best practices. The main goal to keep in mind is to make your resume relevant and readable. This article will help you take a closer look at the best ways to write each resume section. The sections include: 
<br/>
  
<ul>
<li><em>How to Write a Resume that Employers Will Notice</em> short video</li>
<li>How to create a professional resume (10 tips)</li>
<li>Resume example</li>
</ul>This article is presented by <a href=""https://www.indeed.com/career-advice/"" rel=""noopener noreferrer nofollow"" target=""_blank"">Indeed Career Guide</a>. 
<br/>
<br/>
When you complete the article, be sure to return to this Your Learning activity page to select <strong>Mark Complete</strong> for completion credit. 
<br/>
<br/><strong>Note</strong>: This activity is available only in English.</div>","['Learning Domain', 'Workplace skills - Workforce readiness', 'Learning Domain Primary', 'Professional skills']"
https://skills.yourlearning.ibm.com/activity/URL-EEC97EA7D0A4,career,Webpage,The Importance of Confident Decision Making | Indeed Career Guide,5 mins,186 learners have completed this activity in the past 12 months.,Average rating of 4.5 stars by 6 learners in the past 12 months.,6,"<h2 class=""FullPageDescription_title__WsNdH""><span dir=""ltr"" lang=""en"" translate=""yes"">About this learning activity</span></h2><div dir=""ltr"" lang=""en"" translate=""yes""><p>We all make thousands of decisions every day. Most of the decisions are easy, but others may be more difficult or complex. Our more difficult and complex decisions can influence time, costs, feelings and relationships. The more difficult decisions will likely require you to overcome fear and nervousness to make.<br/><br/>
 In this article, we will discuss what confident decision making is, why it is important, and how you can cultivate a confident decision-making process.<br/><br/>
 This article is presented by <a href=""https://www.indeed.com/career-advice/"" rel=""noopener noreferrer nofollow"" target=""_blank"">Indeed Career Guide</a>.<br/><br/>
 After you complete this activity, return to this page to select <strong>Mark complete</strong> for completion credit.<br/><br/><strong>Note</strong>: This activity is available only in English.</p></div>","['Learning Domain', 'Workplace skills - Ways of working', 'Learning Domain Primary', 'Professional skills', 'Lightcast Skills Taxonomy', 'Decision Making Skill']"
https://skills.yourlearning.ibm.com/activity/URL-DCABFB2D619B,career,Webpage,How To Develop a Professional Attitude | Indeed Career Guide,10 mins,197 learners have completed this activity in the past 12 months.,Average rating of 4.5 stars by 77 learners in the past 12 months.,77,"<h2 class=""FullPageDescription_title__WsNdH""><span dir=""ltr"" lang=""en"" translate=""yes"">About this learning activity</span></h2><div dir=""ltr"" lang=""en"" translate=""yes"">Most people adjust the way they present themselves, also known as their attitude, to match the situation they find themselves in, whether it's personal or professional. For example, you may act differently with your boss than you do with your brother. Knowing how to develop an appropriate professional attitude can help you maximize your professional connections and make excellent impressions at work. In this article, we explain what a professional attitude is, describe how to develop a professional attitude and offer tips for improving your professional attitude.
<br/>
<br/>
This article is presented by <a href=""https://www.indeed.com/career-advice/"" rel=""noopener noreferrer nofollow"" target=""_blank"">Indeed Career Guide</a>.
<br/>
<br/>
After you complete this activity, return to this page to select <strong>Mark complete</strong> for completion credit.
<br/>
<br/><strong>Note</strong>: This activity is available only in English.</div>","['Learning Domain', 'Workplace skills - Ways of working', 'Learning Domain Primary', 'Professional skills', 'Lightcast Skills Taxonomy', 'Professionalism Skill']"
https://skills.yourlearning.ibm.com/activity/URL-F2F0931FA37E,career,Webpage,Tips to Demonstrate Work Ethic | Indeed Career Guide,10 mins,287 learners have completed this activity in the past 12 months.,Average rating of 4.5 stars by 18 learners in the past 12 months.,18,"<h2 class=""FullPageDescription_title__WsNdH""><span dir=""ltr"" lang=""en"" translate=""yes"">About this learning activity</span></h2><div dir=""ltr"" lang=""en"" translate=""yes""><p>While “work ethic” can be defined in many ways, it is a concept that involves having various workplace skills including dedication and responsibility. Doing your job with a strong work ethic can help you perform tasks better, form stronger relationships with colleagues, and develop a positive image for future promotions.<br/><br/>
 In this article, we will take a closer look at what work ethic is, why it’s important, and how you can improve and demonstrate it at work. The sections include:</p>
<ul>
<li>What is work ethic?</li>
<li>Why is work ethic important?</li>
<li>Work ethic skills</li>
<li>How to demonstrate and improve your work ethic</li>
</ul>This article is presented by <a href=""https://www.indeed.com/career-advice/"" rel=""noopener noreferrer nofollow"" target=""_blank"">Indeed Career Guide</a>. 
<br/>
<br/>
When you complete the article, be sure to return to this Your Learning activity page to select <strong>Mark Complete</strong> for completion credit. 
<br/>
<br/><strong>Note</strong>: This activity is available only in English.</div>","['Learning Domain', 'Workplace skills - Workforce readiness', 'Learning Domain Primary', 'Professional skills']"
https://skills.yourlearning.ibm.com/activity/URL-F8E0CD7E029D,career,Webpage,The Ultimate Guide to Professionalism | Indeed Career Guide,10 mins,408 learners have completed this activity in the past 12 months.,Average rating of 4 stars by 66 learners in the past 12 months.,66,"<h2 class=""FullPageDescription_title__WsNdH""><span dir=""ltr"" lang=""en"" translate=""yes"">About this learning activity</span></h2><div dir=""ltr"" lang=""en"" translate=""yes""><p>Developing and maintaining professional behaviors is essential to success in the workplace. Employers expect both candidates and hired employees to demonstrate professionalism when interacting with others. Those who display personal professionalism are usually rewarded with better opportunities, such as career advancement and increased compensation.<br/><br/>
 This guide will help you better understand professionalism so you can ensure you’re behaving in the most professional manner throughout your job search and career. The sections include:</p>
<ul>
<li>What is professionalism?</li>
<li>10 characteristics of professionalism</li>
<li>Understanding professionalism in different workplace situations</li>
</ul>
<p>This article is presented by <a href=""https://www.indeed.com/career-advice/"" rel=""noopener noreferrer nofollow"" target=""_blank"">Indeed Career Guide</a>.<br/><br/>
 When you complete the article, be sure to return to this Your Learning activity page to select <strong>Mark Complete</strong> for completion credit.<br/><br/><strong>Note</strong>: This activity is available only in English.</p></div>","['Learning Domain', 'Workplace skills - Workforce readiness', 'Learning Domain Primary', 'Professional skills', 'Lightcast Skills Taxonomy', 'Professionalism Skill']"
https://skills.yourlearning.ibm.com/activity/URL-E10FFA2958D0,career,Webpage,Emotional Intelligence: Definition and Examples | Indeed Career Guide,5 mins,1026 learners have completed this activity in the past 12 months.,Average rating of 4.5 stars by 18 learners in the past 12 months.,18,"<h2 class=""FullPageDescription_title__WsNdH""><span dir=""ltr"" lang=""en"" translate=""yes"">About this learning activity</span></h2><div dir=""ltr"" lang=""en"" translate=""yes""><p>Emotional intelligence is the ability to identify and understand human emotions. You might use emotional intelligence both to work and communicate with others as well as yourself. Having high emotional intelligence can help you build relationships in the workplace, accomplish tasks and achieve goals.<br/><br/>
 While emotional intelligence can seem like a vague or complex concept, there are specific ways you can develop this skill. In this article, we will discuss the importance of emotional intelligence, how to improve it and how it might be used in the workplace.<br/><br/>
 This article is presented by <a href=""https://www.indeed.com/career-advice/"" rel=""noopener noreferrer nofollow"" target=""_blank"">Indeed Career Guide</a>.<br/><br/>
 After you complete this activity, return to this page to select <strong>Mark complete</strong> for completion credit.<br/><br/><strong>Note</strong>: This activity is available only in English.</p></div>","['Learning Domain', 'Workplace skills - Ways of working', 'Learning Domain Primary', 'Professional skills']"
https://skills.yourlearning.ibm.com/activity/URL-82688923DB47,career,Webpage,The Essential Job Search Guide | Indeed Career Guide,15 mins,1426 learners have completed this activity in the past 12 months.,Average rating of 4.5 stars by 66 learners in the past 12 months.,66,"<h2 class=""FullPageDescription_title__WsNdH""><span dir=""ltr"" lang=""en"" translate=""yes"">About this learning activity</span></h2><div dir=""ltr"" lang=""en"" translate=""yes"">Searching for a new job is hard work, and we’re here to guide you every step of the way. The information and many links to resources will help you find, apply to, interview for, and get the job that’s right for you. In this article, the sections include:
<ul>
<li>Deciding to make a change</li>
<li>Researching jobs and employers</li>
<li>Searching for jobs</li>
<li>Writing your resume</li>
<li>Writing a cover letter</li>
<li>Applying for jobs</li>
<li>Waiting for a response</li>
<li>Interviewing</li>
<li>Starting a new job</li>
</ul>
<br/>
This article is presented by <a href=""https://www.indeed.com/career-advice/"" rel=""noopener noreferrer nofollow"" target=""_blank"">Indeed Career Guide</a>.
<br/>
<br/>
When you complete the article, be sure to return to this Your Learning activity page to select <strong>Mark Complete</strong> for completion credit.
<br/>
<br/><strong>Note</strong>: This activity is available only in English.</div>","['Learning Domain', 'Workplace skills - Workforce readiness', 'Learning Domain Primary', 'Professional skills']"
https://skills.yourlearning.ibm.com/activity/URL-E119A29F5FA5,career,Webpage,How to Empower Yourself and Others | Indeed Career Guide,5 mins,346 learners have completed this activity in the past 12 months.,Average rating of 4.5 stars by 17 learners in the past 12 months.,17,"<h2 class=""FullPageDescription_title__WsNdH""><span dir=""ltr"" lang=""en"" translate=""yes"">About this learning activity</span></h2><div dir=""ltr"" lang=""en"" translate=""yes""><p>Empowerment is the process of encouraging an individual to think, behave, manage, take action, and make decisions toward their career goals. Being empowered means feeling in control of your own work environment and knowing you are trusted to make decisions about your responsibilities. <br/><br/>
 In this article, we will define empowerment and discuss ways you might become more empowered in the workplace.<br/><br/>
 This article is presented by <a href=""https://www.indeed.com/career-advice/"" rel=""noopener noreferrer nofollow"" target=""_blank"">Indeed Career Guide</a>.<br/><br/>
 After you complete this activity, return to this page to select <strong>Mark complete</strong> for completion credit.<br/><br/><strong>Note</strong>: This activity is available only in English.</p></div>","['Learning Domain', 'Workplace skills - Workforce readiness', 'Learning Domain Primary', 'Professional skills']"
https://skills.yourlearning.ibm.com/activity/URL-058388E91AEB,career,Webpage,Virtual Meetings: A Definitive Guide | Indeed Career Guide,10 mins,187 learners have completed this activity in the past 12 months.,Average rating of 3.5 stars by 34 learners in the past 12 months.,34,"<h2 class=""FullPageDescription_title__WsNdH""><span dir=""ltr"" lang=""en"" translate=""yes"">About this learning activity</span></h2><div dir=""ltr"" lang=""en"" translate=""yes"">Virtual meetings are a communication tool that can save you time and increase productivity. Regardless of your area of activity, conducting a virtual meeting can have an impact on the efficiency of your team's internal communication. Learning how to host and moderate a virtual meeting is a valuable skill. In this article, we discuss what virtual meetings are, how they work and why they're beneficial, and also show the types of virtual meetings and how you can host a successful one.
<br/>
<br/>
This article is presented by <a href=""https://www.indeed.com/career-advice/"" rel=""noopener noreferrer nofollow"" target=""_blank"">Indeed Career Guide</a>.
<br/>
<br/>
After you complete this activity, return to this page to select <strong>Mark complete</strong> for completion credit.
<br/>
<br/><strong>Note</strong>: This activity is available only in English.</div>","['Learning Domain', 'Workplace skills - Ways of working', 'Learning Domain Primary', 'Professional skills', 'Lightcast Skills Taxonomy', 'Communications Skill']"
https://skills.yourlearning.ibm.com/activity/URL-EE533F89DE36,career,Video,IBM SkillsBuild Presents: Tips for Career Planning,1 hr,1398 learners have completed this activity in the past 12 months.,Average rating of 4.5 stars by 47 learners in the past 12 months.,47,"<h2 class=""FullPageDescription_title__WsNdH""><span dir=""ltr"" lang=""en"" translate=""yes"">About this learning activity</span></h2><div dir=""ltr"" lang=""en"" translate=""yes"">Learn how to approach your career plan, especially in uncertain times like these!<br/><br/><strong>About this event: </strong>COVID19 has dramatically impacted the labor markets around the world. This makes career planning more difficult than ever. Will the plans you make today still be valid in the future if you don't even know what they are?<br/><br/>
 In this webinar replay, you will: 
<ul>
<li>Learn from a personal professional story including career ups and the downs</li>
<li>Explore motivators and successful strategies during challenging times in a career</li>
<li>Understand the kind of skills and mindset that people managers expect from their team and how job seekers can showcase those during a job interview</li>
<li>Get insights into IBM Corporate Social Responsibility (CSR) education programs that help job seekers to succeed</li>
</ul><br/><strong>About the presenter:</strong> Guillermo Miranda is the Global Head of IBM Corporate Social Responsibility. In this role, Guillermo leads IBM’s responsible stewardship and social impact programs worldwide. He is passionate about the role of responsible stewardship in the future of work, and believes deeply in the tangible benefits of diversity and inclusion. Since 1997, Guillermo has served IBM in various leadership roles around the world and has held several senior leadership roles at the company including IBM’s Chief Learning Officer, People and Talent Head for the Digital Business Group, Regional Human Resources Vice President for Africa and Middle East, among others. Prior to joining IBM, he served as the Chief Human Resources Officer of the Inter American Development Bank and the Peruvian Tax Agency (SUNAT).<br/><br/><strong>Language:</strong> English<br/><br/>
 After you complete this activity, return to this page to select <strong>Mark complete</strong> for completion credit.</div>","['Learning Domain', 'Workplace skills - Workforce readiness', 'Lightcast Skills Taxonomy', 'Leadership Skill']"
https://skills.yourlearning.ibm.com/activity/URL-9BE439BE9114,career,Webpage,How to Succeed at a Group Interview | Indeed Career Guide,10 mins,1127 learners have completed this activity in the past 12 months.,Average rating of 4.5 stars by 37 learners in the past 12 months.,37,"<h2 class=""FullPageDescription_title__WsNdH""><span dir=""ltr"" lang=""en"" translate=""yes"">About this learning activity</span></h2><div dir=""ltr"" lang=""en"" translate=""yes""><p>A group interview is when an employee or team or employees interviews multiple candidates at the same time, or when a team of employees forms a panel to interview one candidate. Generally, employers perform both types of group interviews in conference rooms to simulate a meeting or team project. This article provides tips and sample questions to help you prepare for a group interview and ensure you stand out from other candidates. The sections include:</p>
<ul>
<li><em>Interview Tips: Common Questions, Body Language, &amp; More</em> video</li>
<li>Why do employers use group interviews?</li>
<li>Popular group interview questions</li>
<li>Group interview techniques to help you succeed</li>
</ul>
<p>This article is presented by <a href=""https://www.indeed.com/career-advice/"" rel=""noopener noreferrer nofollow"" target=""_blank"">Indeed Career Guide</a>.<br/><br/>
 When you complete the article, be sure to return to this Your Learning activity page to select <strong>Mark Complete</strong> for completion credit.<br/><br/><strong>Note</strong>: This activity is available only in English.</p></div>","['Learning Domain', 'Workplace skills - Ways of working', 'Learning Domain Primary', 'Professional skills']"
https://skills.yourlearning.ibm.com/activity/URL-CBE5C5BABFFB,career,Webpage,Guide to Company Culture | Indeed Career Guide,10 mins,315 learners have completed this activity in the past 12 months.,Average rating of 4.5 stars by 18 learners in the past 12 months.,18,"<h2 class=""FullPageDescription_title__WsNdH""><span dir=""ltr"" lang=""en"" translate=""yes"">About this learning activity</span></h2><div dir=""ltr"" lang=""en"" translate=""yes""><p>A strong, positive company culture should function depending on the ultimate goals and needs of the organization and its employees. You've probably heard a lot about the importance of company culture but you may be wondering exactly what that means and how to improve it.<br/><br/>
 In this article, we will define what company culture is, how it can impact an organization and ways you can support it from an individual contributor or managerial position.The sections include:</p>
<ul>
<li>What is company culture?</li>
<li>Attributes that impact culture</li>
<li>Core values and company culture</li>
<li>Individual core values and company culture</li>
<li>Additional benefits of a healthy culture</li>
</ul>This article is presented by <a href=""https://www.indeed.com/career-advice/"" rel=""noopener noreferrer nofollow"" target=""_blank"">Indeed Career Guide</a>. 
<br/>
<br/>
When you complete the article, be sure to return to this Your Learning activity page to select <strong>Mark Complete</strong> for completion credit. 
<br/>
<br/><strong>Note</strong>: This activity is available only in English.</div>","['Learning Domain', 'Workplace skills - Ways of working', 'Learning Domain Primary', 'Professional skills']"
https://skills.yourlearning.ibm.com/activity/URL-A432BBBCD370,career,Webpage,Q&A: What is Telecommuting? | Indeed Career Guide,10 mins,310 learners have completed this activity in the past 12 months.,Average rating of 3.5 stars by 6 learners in the past 12 months.,6,"<h2 class=""FullPageDescription_title__WsNdH""><span dir=""ltr"" lang=""en"" translate=""yes"">About this learning activity</span></h2><div dir=""ltr"" lang=""en"" translate=""yes""><p>Modern technology makes it possible to work from out of the office, a practice known as telecommuting. If you prefer or require a flexible work schedule, telecommuting jobs might be a good option for you. In this article, we will discuss more on what telecommuting is, its benefits and types of telecommuting jobs with examples. The sections include:</p>
<ul>
<li>What is telecommuting?</li>
<li>Types of telecommuting</li>
<li>What kinds of telecommuting jobs are there?</li>
<li>Why might telecommuting have a location requirement?</li>
<li>Pros and cons of telecommuting</li>
<li>Factors to consider when applying to telecommuting working opportunities</li>
</ul>
<p>This article is presented by <a href=""https://www.indeed.com/career-advice/"" rel=""noopener noreferrer nofollow"" target=""_blank"">Indeed Career Guide</a>.<br/><br/>
 When you complete the article, be sure to return to this Your Learning activity page to select <strong>Mark Complete</strong> for completion credit.<br/><br/><strong>Note</strong>: This activity is available only in English.</p></div>","['Learning Domain', 'Workplace skills - Workforce readiness', 'Learning Domain Primary', 'Professional skills']"
https://skills.yourlearning.ibm.com/activity/URL-75F894438C0A,career,Webpage,Interpersonal Skills: Definitions and Examples | Indeed Career Guide,15 mins,757 learners have completed this activity in the past 12 months.,Average rating of 4.5 stars by 22 learners in the past 12 months.,22,"<h2 class=""FullPageDescription_title__WsNdH""><span dir=""ltr"" lang=""en"" translate=""yes"">About this learning activity</span></h2><div dir=""ltr"" lang=""en"" translate=""yes""><p>Interpersonal communication is the process of face-to-face exchange of thoughts, ideas, feelings and emotions between two or more people. This includes both verbal and nonverbal elements of personal interaction.<br/><br/>
 This article is presented by <a href=""https://www.indeed.com/career-advice/"" rel=""noopener noreferrer nofollow"" target=""_blank"">Indeed Career Guide</a>.<br/><br/>
 After you complete this activity, return to this page to select <strong>Mark complete</strong> for completion credit.<br/><br/><strong>Note</strong>: This activity is available only in English.</p></div>","['Learning Domain', 'Workplace skills - Ways of working', 'Learning Domain Primary', 'Professional skills', 'Lightcast Skills Taxonomy', 'Interpersonal Communications Skill']"
https://skills.yourlearning.ibm.com/activity/URL-29A9BEC78FEA,career,Webpage,5 Career Tips for New Collar Jobs | IBM,5 mins,636 learners have completed this activity in the past 12 months.,Average rating of 4.5 stars by 40 learners in the past 12 months.,40,"<h2 class=""FullPageDescription_title__WsNdH""><span dir=""ltr"" lang=""en"" translate=""yes"">About this learning activity</span></h2><div dir=""ltr"" lang=""en"" translate=""yes"">Five IBM employees who have transitioned to new collar jobs share insights and experiences that can help put you on the road to a successful technology career. Check out this IBM article to learn how they did it. 
<br/>
<br/>
After you complete this activity, return to this page to select <strong>Mark complete</strong> for completion credit. 
<br/>
<br/><strong>Note: </strong>This activity is available only in English.</div>","['Content Provider', 'IBM', 'Learning Domain', 'Workplace skills - Ways of working', 'Learning Domain Primary', 'Professional skills', 'Popular Subjects', 'Career planning']"
https://skills.yourlearning.ibm.com/activity/URL-54EE33E597B3,career,Webpage,Building Rapport: Tips and Examples | Indeed Career Guide,10 mins,305 learners have completed this activity in the past 12 months.,Average rating of 5 stars by 22 learners in the past 12 months.,22,"<h2 class=""FullPageDescription_title__WsNdH""><span dir=""ltr"" lang=""en"" translate=""yes"">About this learning activity</span></h2><div dir=""ltr"" lang=""en"" translate=""yes""><p>Building rapport (pronounced “ra-pore”) is the act of building relationships with others in which both parties feel supported and understood. Rapport is important when networking, during interviews, and when developing your career at a certain job. While building rapport can take time, it is helpful as you work to accomplish important career goals.<br/><br/>
 In this article, we will discuss why building rapport is important and how to build rapport in your workplace, during your next interview, or at your next networking event.<br/><br/>
 This article is presented by <a href=""https://www.indeed.com/career-advice/"" rel=""noopener noreferrer nofollow"" target=""_blank"">Indeed Career Guide</a>.<br/><br/>
 After you complete this activity, return to this page to select <strong>Mark complete</strong> for completion credit.<br/><br/><strong>Note</strong>: This activity is available only in English.</p></div>","['Learning Domain', 'Workplace skills - Workforce readiness']"
https://skills.yourlearning.ibm.com/activity/URL-7801AD7546A9,career,eLearning,Personal branding for career success | The Open University,24 hrs,960 learners have completed this activity in the past 12 months.,Average rating of 4.5 stars by 71 learners in the past 12 months.,71,"<h2 class=""FullPageDescription_title__WsNdH""><span dir=""ltr"" lang=""en"" translate=""yes"">About this learning activity</span></h2><div dir=""ltr"" lang=""en"" translate=""yes"">This is an introductory, free course offered by <a href=""https://www.open.edu/openlearn/"" rel=""noopener noreferrer nofollow"" target=""_blank""><strong>OpenLearn</strong></a>. It will help you to pick your way through the concept of personal branding, developing and refining your own brand, and choosing tools and tactics that allow you to present yourself to current and future employers in an authentic and effective way. 
<br/>
<br/>
You’ll consider your own values and strengths, identify the key skills employers look for and learn how to present and evidence those skills appropriately, whether you want to raise your profile with your current employer or are looking for something new. Presenting yourself online and in person brings different challenges and you’ll look at a variety of platforms and approaches in more detail. 
<br/>
<br/><strong>Duration</strong>: 24 hours 
<br/><strong>Registering</strong>: You must create an account to sign in. 
<br/><strong>Badging</strong>: Enrolling in the course will give you the opportunity to earn an Open University digital badge. Badges are not accredited by The Open University, but they're a great way to demonstrate your interest in the subject and commitment to your career, and to provide evidence of continuing professional development. 
<br/><strong>Language</strong>: This course is available only in English. 
<br/><strong>Download</strong>: You can take the course online or there are options to download the course for use offline or for other devices 
<br/><strong>Learning outcomes you can expect</strong>: 
<ul>
<li>Describe what personal branding is and understand how the concept can help you in your career.</li>
<li>Understand how relevant marketing techniques and tactics can be applied to branding a person.</li>
<li>Define your own, authentic personal brand and know who you want to market it to and why.</li>
<li>Promote yourself effectively to employers, both in your workplace and beyond.</li>
<li>Devise an appropriate plan of action to develop and promote your personal brand and enhance your career.</li>
</ul> After you complete this activity, return to this page to select <strong>Mark complete</strong> for completion credit.</div>","['Learning Domain', 'Workplace skills - Ways of working', 'Learning Domain Primary', 'Professional skills', 'Lightcast Skills Taxonomy', 'Marketing Skill']"
https://skills.yourlearning.ibm.com/activity/URL-2B585567F5C2,career,Video,IBM SkillsBuild Presents: How to Transform Your Career,56 mins,1833 learners have completed this activity in the past 12 months.,Average rating of 4 stars by 43 learners in the past 12 months.,43,"<h2 class=""FullPageDescription_title__WsNdH""><span dir=""ltr"" lang=""en"" translate=""yes"">About this learning activity</span></h2><div dir=""ltr"" lang=""en"" translate=""yes""><strong>About this event: </strong>The labour market is changing rapidly, and the job that was in demand at the beginning of a career might no longer be so today. A change of profession is increasingly the answer to these developments. But how can this best be achieved?
<br/>
<br/>
 In this webinar replay, you will: 
<ul>
<li>Learn from the personal stories of three career changers</li>
<li>Explore the skills that helped them transform</li>
<li>Get an idea about strategies for reskilling</li>
<li>Understand steps to take for reskilling</li>
</ul>
<br/><strong>Language:</strong> English
<br/>
<br/>
 After you complete this activity, return to this page to select <strong>Mark complete</strong> for completion credit.</div>","['Learning Domain', 'Workplace skills - Workforce readiness']"
https://skills.yourlearning.ibm.com/activity/URL-4F2380214D3B,career,Webpage,Collaboration Skills: Definition and Examples | Indeed Career Guide,15 mins,312 learners have completed this activity in the past 12 months.,Average rating of 4 stars by 19 learners in the past 12 months.,19,"<h2 class=""FullPageDescription_title__WsNdH""><span dir=""ltr"" lang=""en"" translate=""yes"">About this learning activity</span></h2><div dir=""ltr"" lang=""en"" translate=""yes"">Collaboration skills are essential for nearly every job role and industry. Knowing how to cooperate well with others will support workplace efficiency, aid in career advancement and help you and your team achieve better outcomes.
<br/>
<br/>
To help you boost your collaboration skills and improve your effectiveness at work, here are some helpful background information, examples, and a few useful tips. In this article, the sections include:
<ul>
<li>What is collaboration?</li>
<li>The benefits of collaboration</li>
<li>Collaboration skills examples</li>
<li>How to improve your collaboration skills</li>
</ul>
<br/>
This article is presented by <a href=""https://www.indeed.com/career-advice/"" rel=""noopener noreferrer nofollow"" target=""_blank"">Indeed Career Guide</a>.
<br/>
<br/>
After you complete this activity, return to this page to select <strong>Mark complete</strong> for completion credit.
<br/>
<br/><strong>Note</strong>: This activity is available only in English.</div>","['Learning Domain', 'Workplace skills - Workforce readiness']"
https://skills.yourlearning.ibm.com/activity/URL-7790528D18B3,career,Webpage,How To Practice Inclusiveness in the Workplace | Indeed Career Guide,10 mins,220 learners have completed this activity in the past 12 months.,Average rating of 4.5 stars by 7 learners in the past 12 months.,7,"<h2 class=""FullPageDescription_title__WsNdH""><span dir=""ltr"" lang=""en"" translate=""yes"">About this learning activity</span></h2><div dir=""ltr"" lang=""en"" translate=""yes"">An inclusive workplace creates a positive atmosphere where everyone feels appreciated and motivated to express their individuality. You should strive to make all your team members feel welcomed and included each day. There are many practices, techniques and policies a workplace can implement to ensure inclusiveness in the workplace is regularly used by both employees and managers. In this article, we explore what an inclusive workplace is, why it's important, and how to build an inclusive workplace.
<br/>
<br/>
This article is presented by <a href=""https://www.indeed.com/career-advice/"" rel=""noopener noreferrer nofollow"" target=""_blank"">Indeed Career Guide</a>.
<br/>
<br/>
After you complete this activity, return to this page to select <strong>Mark complete</strong> for completion credit.
<br/>
<br/><strong>Note</strong>: This activity is available only in English.
<br/>
<br/>
 </div>","['Learning Domain', 'Workplace skills - Ways of working', 'Learning Domain Primary', 'Professional skills']"
https://skills.yourlearning.ibm.com/activity/URL-84DB24D15702,career,Webpage,Common Communication Barriers (With Examples) | Indeed Career Center,5 mins,4227 learners have completed this activity in the past 12 months.,Average rating of 3 stars by 915 learners in the past 12 months.,915,"<h2 class=""FullPageDescription_title__WsNdH""><span dir=""ltr"" lang=""en"" translate=""yes"">About this learning activity</span></h2><div dir=""ltr"" lang=""en"" translate=""yes""><p>At work, you will use a variety of verbal and nonverbal communication tools and tactics to share information and maintain business operations. You might sometimes face obstacles that make communication challenging. When communication barriers arise, it can be difficult to maintain and develop relationships with colleagues, leaders or clients. This often leads to confusion and can make your day-to-day duties more difficult. By recognizing these barriers and being aware of your own communication habits, you’ll be better able to resolve these issues when they come up. To help, learn about five common barriers to effective communication.<br/><br/>
 This article is presented by <a href=""https://www.indeed.com/career-advice/"" rel=""noopener noreferrer nofollow"" target=""_blank"">Indeed Career Guide</a>.<br/><br/>
 After you complete this activity, return to this page to select <strong>Mark complete</strong> for completion credit.<br/><br/><strong>Note</strong>: This activity is available only in English.</p></div>","['Learning Domain', 'Workplace skills - Ways of working', 'Learning Domain Primary', 'Professional skills', 'Lightcast Skills Taxonomy', 'Communications Skill', 'Business Operations Skill']"
https://skills.yourlearning.ibm.com/activity/URL-47F34109A993,career,Video,Teamwork Skills: Definition and Examples | Indeed Career Guide,10 mins,509 learners have completed this activity in the past 12 months.,Average rating of 3.5 stars by 50 learners in the past 12 months.,50,"<h2 class=""FullPageDescription_title__WsNdH""><span dir=""ltr"" lang=""en"" translate=""yes"">About this learning activity</span></h2><div dir=""ltr"" lang=""en"" translate=""yes"">Teamwork skills are essential to your success at work, no matter your industry or job title. Working well with clients, colleagues, managers, and other people in your workplace can help you complete tasks efficiently while creating an enjoyable environment both for yourself and others. An organization is that emphasizes good teamwork skills is typically a healthy, high-functioning workplace. 
<br/>
<br/>
 In this article, we will take a closer look at what teamwork skills are, how you can improve them, and other soft skills that can help you be a good teammate. The sections include: 
<ul>
<li>What are teamwork skills?</li>
<li>Why are teamwork skills important?</li>
<li>Examples of teamwork skills</li>
<li>How to improve your teamwork skills</li>
</ul>This article is presented by <a href=""https://www.indeed.com/career-advice/"" rel=""noopener noreferrer nofollow"" target=""_blank"">Indeed Career Guide</a>. 
<br/>
<br/>
 When you complete the article, be sure to return to this Your Learning activity page to select <strong>Mark Complete</strong> for completion credit. 
<br/>
<br/><strong>Note</strong>: This activity is available only in English.</div>","['Learning Domain', 'Workplace skills - Workforce readiness', 'Learning Domain Primary', 'Professional skills']"
https://skills.yourlearning.ibm.com/activity/URL-IP3DRONPUTE,career,Video,Life in Digital Marketing Career | Roles and Responsibilities of a Digital Marketer | Edureka,11 mins,793 learners have completed this activity in the past 12 months.,Average rating of 4 stars by 21 learners in the past 12 months.,21,"<h2 class=""FullPageDescription_title__WsNdH""><span dir=""ltr"" lang=""en"" translate=""yes"">About this learning activity</span></h2><div dir=""ltr"" lang=""en"" translate=""yes"">Understand the career aspects of a Digital Marketer. This video covers the following topics in this beginner video:
<ul>
<li>Introduction to Digital Marketing</li>
<li>How Digital Marketing helps Businesses?</li>
<li>Who is a Digital Marketer?</li>
<li>Skills Required</li>
<li>Role and Responsibilities</li>
<li>Job Roles</li>
<li>Pay Scale</li>
</ul>
<br/>
This video is offered by Edureka.
<br/>
<br/>
When you complete the video, be sure to return to this page to select <strong>Mark Complete</strong> for completion credit.
<ul></ul></div>",[]
https://skills.yourlearning.ibm.com/activity/URL-95D2DB3F606F,career,Webpage,5 Ways Being More Patient Can Help Your Career (With Tips and Techniques) | Indeed Career Guide,10 mins,323 learners have completed this activity in the past 12 months.,Average rating of 4.5 stars by 21 learners in the past 12 months.,21,"<h2 class=""FullPageDescription_title__WsNdH""><span dir=""ltr"" lang=""en"" translate=""yes"">About this learning activity</span></h2><div dir=""ltr"" lang=""en"" translate=""yes""><p>Being patient in your career can help you set and achieve strategic goals. You can use it when building relationships, gaining skills, and facing new challenges. Calm endurance opens doors to new opportunities and a better quality of life.<br/><br/>
 In this article, we’ll look at what being patient means and how to develop it and use it throughout your career.<br/><br/>
 This article is presented by <a href=""https://www.indeed.com/career-advice/"" rel=""noopener noreferrer nofollow"" target=""_blank"">Indeed Career Guide</a>.<br/><br/>
 After you complete this activity, return to this page to select <strong>Mark complete</strong> for completion credit.<br/><br/><strong>Note</strong>: This activity is available only in English.</p></div>","['Learning Domain', 'Workplace skills - Ways of working', 'Learning Domain Primary', 'Professional skills']"
https://skills.yourlearning.ibm.com/activity/URL-F5537A98B290,career,Webpage,Active Listening Skills: Definition and Examples | Indeed Career Guide,10 mins,764 learners have completed this activity in the past 12 months.,Average rating of 4 stars by 28 learners in the past 12 months.,28,"<h2 class=""FullPageDescription_title__WsNdH""><span dir=""ltr"" lang=""en"" translate=""yes"">About this learning activity</span></h2><div dir=""ltr"" lang=""en"" translate=""yes""><p>Communication skills are beneficial in and out of the workplace. Having the ability to clearly communicate instructions, ideas and concepts can help you find success in any career. With practice, anyone can develop their communication skills.<br/><br/>
 One of the most critical skills in effective communication is active listening. Developing this soft skill will help you build and maintain relationships, solve problems, improve processes, and retain information such as instructions, procedures and expectations.<br/><br/>
 To help you understand active listening skills and learn how to improve your own, consider the following background and examples.<br/><br/>
 This article is presented by <a href=""https://www.indeed.com/career-advice/"" rel=""noopener noreferrer nofollow"" target=""_blank"">Indeed Career Guide</a>.<br/><br/>
 After you complete this activity, return to this page to select <strong>Mark complete</strong> for completion credit.<br/><br/><strong>Note</strong>: This activity is available only in English.</p></div>","['Learning Domain', 'Workplace skills - Ways of working', 'Learning Domain Primary', 'Professional skills', 'Lightcast Skills Taxonomy', 'Communications Skill']"
https://skills.yourlearning.ibm.com/activity/URL-8323AB9147C0,career,Webpage,Nonverbal Communication Skills: Definition and Examples | Indeed Career Guide,15 mins,3503 learners have completed this activity in the past 12 months.,Average rating of 4.5 stars by 102 learners in the past 12 months.,102,"<h2 class=""FullPageDescription_title__WsNdH""><span dir=""ltr"" lang=""en"" translate=""yes"">About this learning activity</span></h2><div dir=""ltr"" lang=""en"" translate=""yes"">Having strong communication skills is essential for building both personal and professional relationships. There are two predominant types of communication: <strong>verbal </strong>and <strong>nonverbal</strong>. While most of us are aware of and use verbal communication on a regular basis, nonverbal communication is most commonly not intentional and can offer considerable information about both people and situations.
<br/>
<br/>
In this guide, we will discuss what<strong> nonverbal communication</strong> is, why it is important, how to read it, and how you can improve your nonverbal communication skills.
<br/>
<br/>
This article is presented by <a href=""https://www.indeed.com/career-advice/"" rel=""noopener noreferrer nofollow"" target=""_blank"">Indeed Career Guide</a>.
<br/>
<br/>
After you complete this activity, return to this page to select <strong>Mark complete</strong> for completion credit.
<br/>
<br/><strong>Note</strong>: This activity is available only in English.</div>","['Learning Domain', 'Workplace skills - Ways of working', 'Learning Domain Primary', 'Professional skills', 'Lightcast Skills Taxonomy', 'Communications Skill', 'Verbal Communication Skills Skill']"
https://skills.yourlearning.ibm.com/activity/URL-F5184F3C4410,career,Webpage,How to Start a New Job Virtually | Indeed Career Guide,10 mins,294 learners have completed this activity in the past 12 months.,Average rating of 4.5 stars by 7 learners in the past 12 months.,7,"<h2 class=""FullPageDescription_title__WsNdH""><span dir=""ltr"" lang=""en"" translate=""yes"">About this learning activity</span></h2><div dir=""ltr"" lang=""en"" translate=""yes""><p>If you are starting a new job with an organization that is temporarily or permanently remote, you might experience some turbulence as companies navigate the new virtual office landscape and build programs to support it.<br/><br/>
 Joining a new team can be both exciting and uncomfortable under normal circumstances. It’s possible that starting a new role virtually could present more and unique challenges, no matter your preferred work and communication styles. In this article, we discuss strategies to successfully start a new job while working from home.<br/><br/>
 This article is presented by <a href=""https://www.indeed.com/career-advice/"" rel=""noopener noreferrer nofollow"" target=""_blank"">Indeed Career Guide</a>.<br/><br/>
 After you complete this activity, return to this page to select <strong>Mark complete</strong> for completion credit.<br/><br/><strong>Note</strong>: This activity is available only in English.</p></div>","['Learning Domain', 'Workplace skills - Workforce readiness', 'Lightcast Skills Taxonomy', 'Communications Skill']"
https://skills.yourlearning.ibm.com/activity/URL-B6AD84ECFEFE,career,Webpage,Effective Problem Solving Steps in the Workplace | Indeed Career Center,10 mins,5777 learners have completed this activity in the past 12 months.,Average rating of 4 stars by 70 learners in the past 12 months.,70,"<h2 class=""FullPageDescription_title__WsNdH""><span dir=""ltr"" lang=""en"" translate=""yes"">About this learning activity</span></h2><div dir=""ltr"" lang=""en"" translate=""yes""><p>Problem-solving is a part of everyone’s work, whether you’re a manager or entry level. A project manager may solve problems for their clients and team members, while individual contributors may solve problems for themselves or their coworkers. Hence, it is important for every employee to understand the problem-solving process and develop problem-solving skills. If you are looking for career advancement to a managerial role, you must gain mastery over this process.<br/><br/>
 This article is presented by <a href=""https://www.indeed.com/career-advice/"" rel=""noopener noreferrer nofollow"" target=""_blank"">Indeed Career Guide</a>.<br/><br/>
 After you complete this activity, return to this page to select <strong>Mark complete</strong> for completion credit.<br/><br/><strong>Note</strong>: This activity is available only in English.</p></div>","['Learning Domain', 'Workplace skills - Ways of working', 'Learning Domain Primary', 'Professional skills', 'Lightcast Skills Taxonomy', 'Problem Solving Skill']"
https://skills.yourlearning.ibm.com/activity/URL-57899A79D0EA,career,Webpage,The Concept of Leadership Explained: Cultivating Effective Leadership | Indeed Career Guide,10 mins,1425 learners have completed this activity in the past 12 months.,Average rating of 4 stars by 90 learners in the past 12 months.,90,"<h2 class=""FullPageDescription_title__WsNdH""><span dir=""ltr"" lang=""en"" translate=""yes"">About this learning activity</span></h2><div dir=""ltr"" lang=""en"" translate=""yes"">Leadership is one of the most important elements of a successful and productive workplace. There are many different approaches to leadership and ideas about what types of leadership is most impactful in various situations.
<br/>
<br/>
Having an understanding of leadership basics can help you select a leadership style that works for you and leverage key concepts to influence others and lead more effectively.
<br/>
<br/>
In this article, we discuss the concept of leadership in the workplace, addressing the aspects that contribute to successful leadership and the elements of various leadership styles.
<br/>
<br/>
This article is presented by <a href=""https://www.indeed.com/career-advice/"" rel=""noopener noreferrer nofollow"" target=""_blank"">Indeed Career Guide</a>.
<br/>
<br/>
After you complete this activity, return to this page to select <strong>Mark complete</strong> for completion credit.
<br/>
<br/><strong>Note</strong>: This activity is available only in English.</div>","['Learning Domain', 'Workplace skills - Ways of working', 'Learning Domain Primary', 'Professional skills', 'Lightcast Skills Taxonomy', 'Leadership Skill']"
https://skills.yourlearning.ibm.com/activity/URL-580FAD5DBE2A,career,Webpage,Time Management Skills: Definition and Examples | Indeed Career Guide,10 mins,682 learners have completed this activity in the past 12 months.,Average rating of 4.5 stars by 8 learners in the past 12 months.,8,"<h2 class=""FullPageDescription_title__WsNdH""><span dir=""ltr"" lang=""en"" translate=""yes"">About this learning activity</span></h2><div dir=""ltr"" lang=""en"" translate=""yes""><p>Managing your time well can help you improve in your career. Organizing each day helps you to complete work on time, stay engaged during important meetings and give you space to be creative and proactive in your tasks. Having strong time-management skills can ultimately lead to accomplishing key goals and advancing in your position.<br/><br/>
 In this guide, we discuss the meaning of time management, why it is important, and how you can both improve upon and showcase your skills during the job search.<br/><br/>
 This article is presented by <a href=""https://www.indeed.com/career-advice/"" rel=""noopener noreferrer nofollow"" target=""_blank"">Indeed Career Guide</a>.<br/><br/>
 After you complete this activity, return to this page to select <strong>Mark complete</strong> for completion credit.<br/><br/><strong>Note</strong>: This activity is available only in English.</p></div>","['Learning Domain', 'Workplace skills - Workforce readiness', 'Learning Domain Primary', 'Professional skills', 'Lightcast Skills Taxonomy', 'Time Management Skill']"
https://skills.yourlearning.ibm.com/activity/URL-721DFB29731A,career,Webpage,Problem-Solving Skills: Definitions and Examples | Indeed Career Guide,10 mins,5440 learners have completed this activity in the past 12 months.,Average rating of 4.5 stars by 59 learners in the past 12 months.,59,"<h2 class=""FullPageDescription_title__WsNdH""><span dir=""ltr"" lang=""en"" translate=""yes"">About this learning activity</span></h2><div dir=""ltr"" lang=""en"" translate=""yes""><p>When employers talk about problem-solving skills, they are often referring to the ability to handle difficult or unexpected situations in the workplace as well as complex business challenges. Organizations rely on people who can assess both kinds of situations and calmly identify solutions. Problem-solving skills are traits that enable you to do that. While problem-solving skills are valued by employers, they are also highly useful in other areas of life like relationship building and day-to-day decision making.<br/><br/>
 This article is presented by <a href=""https://www.indeed.com/career-advice/"" rel=""noopener noreferrer nofollow"" target=""_blank"">Indeed Career Guide</a>.<br/><br/>
 After you complete this activity, return to this page to select <strong>Mark complete</strong> for completion credit.<br/><br/><strong>Note</strong>: This activity is available only in English.</p></div>","['Learning Domain', 'Workplace skills - Ways of working', 'Learning Domain Primary', 'Professional skills', 'Lightcast Skills Taxonomy', 'Problem Solving Skill', 'Decision Making Skill']"
https://skills.yourlearning.ibm.com/activity/URL-ED8EC0763BA4,career,Webpage,The Ultimate Guide to Work Life Balance | Indeed Career Guide,10 mins,242 learners have completed this activity in the past 12 months.,Average rating of 4 stars by 6 learners in the past 12 months.,6,"<h2 class=""FullPageDescription_title__WsNdH""><span dir=""ltr"" lang=""en"" translate=""yes"">About this learning activity</span></h2><div dir=""ltr"" lang=""en"" translate=""yes""><p>Feeling overworked can lead to stress and decrease your motivation at work. Finding a balance between working effectively and having enough time and energy to enjoy life outside of work is important to your long-term success.<br/><br/>
 In this article, we will discuss what work-life balance is, how you can achieve it, and how it can benefit your career. The sections include:</p>
<ul>
<li>What is work-life balance?</li>
<li>The benefits of work-life balance</li>
<li>How to balance work and home</li>
</ul>
<p>This article is presented by <a href=""https://www.indeed.com/career-advice/"" rel=""noopener noreferrer nofollow"" target=""_blank"">Indeed Career Guide</a>.<br/><br/>
 When you complete the article, be sure to return to this Your Learning activity page to select <strong>Mark Complete</strong> for completion credit.<br/><br/><strong>Note</strong>: This activity is available only in English.</p></div>","['Learning Domain', 'Workplace skills - Workforce readiness']"
https://skills.yourlearning.ibm.com/activity/URL-97AE8DF936B4,career,Webpage,11 Tips for Improving Confidence at Work | Indeed Career Guide,10 mins,297 learners have completed this activity in the past 12 months.,Average rating of 4.5 stars by 29 learners in the past 12 months.,29,"<h2 class=""FullPageDescription_title__WsNdH""><span dir=""ltr"" lang=""en"" translate=""yes"">About this learning activity</span></h2><div dir=""ltr"" lang=""en"" translate=""yes""><p>Being confident in your abilities can be beneficial for both your personal life and your professional life. Not only can it affect your mindset, but it can positively impact the quality of your work and make you a more desirable employee. Understanding the methods for improving your confidence can help you achieve this positive mentality more readily. In this article, we define confidence, explain why it's important at work, and provide you with tips to help improve it.<br/><br/>
 This article is presented by <a href=""https://www.indeed.com/career-advice/"" rel=""noopener noreferrer nofollow"" target=""_blank"">Indeed Career Guide</a>.<br/><br/>
 After you complete this activity, return to this page to select <strong>Mark complete</strong> for completion credit.<br/><br/><strong>Note</strong>: This activity is available only in English.</p></div>","['Learning Domain', 'Workplace skills - Ways of working', 'Learning Domain Primary', 'Professional skills']"
https://skills.yourlearning.ibm.com/activity/URL-43481EBC5408,career,Webpage,Tips for Making a Hard Decision at Work | Indeed Career Guide,5 mins,174 learners have completed this activity in the past 12 months.,Average rating of 4.5 stars by 5 learners in the past 12 months.,5,"<h2 class=""FullPageDescription_title__WsNdH""><span dir=""ltr"" lang=""en"" translate=""yes"">About this learning activity</span></h2><div dir=""ltr"" lang=""en"" translate=""yes"">Being able to make hard decisions is a key skill for professional success. If you make logical, sound decisions in the workplace, you can positively impact your coworkers and your company. Applying effective strategies can help you develop your decision-making skills. In this article, we discuss a few strategies that can help you make decisions in the workplace efficiently and confidently.
<br/>
<br/>
This article is presented by <a href=""https://www.indeed.com/career-advice/"" rel=""noopener noreferrer nofollow"" target=""_blank"">Indeed Career Guide</a>.
<br/>
<br/>
After you complete this activity, return to this page to select <strong>Mark complete</strong> for completion credit.
<br/>
<br/><strong>Note</strong>: This activity is available only in English.</div>","['Learning Domain', 'Workplace skills - Ways of working', 'Learning Domain Primary', 'Professional skills', 'Lightcast Skills Taxonomy', 'Decision Making Skill']"
https://skills.yourlearning.ibm.com/activity/URL-E6909ED7DCF8,career,Webpage,Leadership Ideas: 25 Characteristics To Improve Leadership | Indeed Career Guide,10 mins,772 learners have completed this activity in the past 12 months.,Average rating of 4.5 stars by 48 learners in the past 12 months.,48,"<h2 class=""FullPageDescription_title__WsNdH""><span dir=""ltr"" lang=""en"" translate=""yes"">About this learning activity</span></h2><div dir=""ltr"" lang=""en"" translate=""yes"">Effective leadership is important for any industry or organization. For a business to achieve its objectives and maintain a healthy working environment for its employees, it needs good leaders who guide their team members to success. To develop effective leadership characteristics, it is important to know what skills leaders need. In this article, we define leadership, outline 25 leadership skills and provide four activities to help you be a better leader.
<br/>
<br/>
This article is presented by <a href=""https://www.indeed.com/career-advice/"" rel=""noopener noreferrer nofollow"" target=""_blank"">Indeed Career Guide</a>.
<br/>
<br/>
After you complete this activity, return to this page to select <strong>Mark complete</strong> for completion credit.
<br/>
<br/><strong>Note</strong>: This activity is available only in English.</div>","['Learning Domain', 'Workplace skills - Ways of working', 'Learning Domain Primary', 'Professional skills', 'Lightcast Skills Taxonomy', 'Leadership Skill']"
https://skills.yourlearning.ibm.com/activity/URL-683A3965DB0D,career,Webpage,What's the Importance of Critical Thinking in the Workplace? | Indeed Career Guide,5 mins,1851 learners have completed this activity in the past 12 months.,Average rating of 4.5 stars by 20 learners in the past 12 months.,20,"<h2 class=""FullPageDescription_title__WsNdH""><span dir=""ltr"" lang=""en"" translate=""yes"">About this learning activity</span></h2><div dir=""ltr"" lang=""en"" translate=""yes"">Critical thinking is a key skill in the workplace. After all, critical thinking helps employees solve problems and build strategies that make them better at their jobs. For this reason, employers may look to hire employees who have strong critical thinking skills. In this article, we'll talk about the importance of critical thinking in the workplace and what it means for you as an employee.
<br/>
<br/>
This article is presented by <a href=""https://www.indeed.com/career-advice/"" rel=""noopener noreferrer nofollow"" target=""_blank"">Indeed Career Guide</a>.
<br/>
<br/>
After you complete this activity, return to this page to select <strong>Mark complete</strong> for completion credit.
<br/>
<br/><strong>Note</strong>: This activity is available only in English.</div>","['Learning Domain', 'Workplace skills - Workforce readiness', 'Learning Domain Primary', 'Professional skills']"
https://skills.yourlearning.ibm.com/activity/URL-0EBC10B622EB,career,Webpage,4 Different Ways to Communicate Effectively in the Workplace | | Indeed Career Guide,15 mins,1895 learners have completed this activity in the past 12 months.,Average rating of 4 stars by 66 learners in the past 12 months.,66,"<h2 class=""FullPageDescription_title__WsNdH""><span dir=""ltr"" lang=""en"" translate=""yes"">About this learning activity</span></h2><div dir=""ltr"" lang=""en"" translate=""yes""><p>For anyone in a management role, effective communication is a must. Strong communication methods and skills are key for proper leadership, and misunderstandings and miscommunications can cause chaos in any business or office. Open, free-flowing and effective communication between you and your staff will eliminate those types of misunderstandings. There are many methods for clear communication, and using them in a combination that is most effective for your workplace will ensure that no communication problems arise going forward.<br/><br/>
 In this article, we explore some methods of communication that can help you achieve the goals you set for yourself and your team. The sections include:</p>
<ul>
<li>Ways to communicate effectively in the workplace</li>
<li>Tips for communicating in the workplace</li>
</ul>This article is presented by <a href=""https://www.indeed.com/career-advice/"" rel=""noopener noreferrer nofollow"" target=""_blank"">Indeed Career Guide</a>. 
<br/>
<br/>
When you complete the article, be sure to return to this Your Learning activity page to select <strong>Mark Complete</strong> for completion credit. 
<br/>
<br/><strong>Note</strong>: This activity is available only in English.</div>","['Learning Domain', 'Workplace skills - Ways of working', 'Learning Domain Primary', 'Professional skills', 'Lightcast Skills Taxonomy', 'Communications Skill', 'Management Skill']"
https://skills.yourlearning.ibm.com/activity/URL-B13E43C6E8CD,career,Webpage,10 Personal Traits to Include on Your Resume | Indeed Career Guide,10 mins,4071 learners have completed this activity in the past 12 months.,Average rating of 3.5 stars by 173 learners in the past 12 months.,173,"<h2 class=""FullPageDescription_title__WsNdH""><span dir=""ltr"" lang=""en"" translate=""yes"">About this learning activity</span></h2><div dir=""ltr"" lang=""en"" translate=""yes"">During the recruitment process, employers want to know about both your professional and your personal attributes. This helps them determine if you’re a good fit for the company’s culture. Oftentimes, personal attributes are just as important as the qualifications and skills on your resume. By presenting your abilities in thoughtful manner, you can note how you’ve helped grow other organizations while explaining your role in the process. 
<br/>
<br/>
In this article, you’ll learn about the 10 best personal traits to include on your resume. 
<br/>
<br/>
This article is presented by <a href=""https://www.indeed.com/career-advice/"" rel=""noopener noreferrer nofollow"" target=""_blank"">Indeed Career Guide</a>. 
<br/>
<br/>
When you complete the article, be sure to return to this Your Learning activity page to select <strong>Mark Complete</strong> for completion credit. 
<br/>
<br/><strong>Note</strong>: This activity is available only in English.</div>","['Learning Domain', 'Workplace skills - Workforce readiness', 'Learning Domain Primary', 'Professional skills']"
https://skills.yourlearning.ibm.com/activity/URL-FE1EA9A2CFF2,career,Webpage,15 Leadership Qualities That Make a Great Leader | Indeed Career Guide,5 mins,373 learners have completed this activity in the past 12 months.,Average rating of 4 stars by 84 learners in the past 12 months.,84,"<h2 class=""FullPageDescription_title__WsNdH""><span dir=""ltr"" lang=""en"" translate=""yes"">About this learning activity</span></h2><div dir=""ltr"" lang=""en"" translate=""yes""><p>Leadership is a skill that is used in every organization at every level. High-level executives, managers and contributors all use leadership to drive activities and projects forward. Whether you’re leading a team or a meeting, developing leadership skills that make you an effective leader is a goal you can strive for at any stage in your career.<br/><br/>
 In this article, we’ll cover the various qualities that make a great leader and ways you can improve your soft skills .<br/><br/>
 This article is presented by <a href=""https://www.indeed.com/career-advice/"" rel=""noopener noreferrer nofollow"" target=""_blank"">Indeed Career Guide</a>.<br/><br/>
 After you complete this activity, return to this page to select <strong>Mark complete</strong> for completion credit.<br/><br/><strong>Note</strong>: This activity is available only in English.</p></div>","['Learning Domain', 'Workplace skills - Ways of working', 'Learning Domain Primary', 'Professional skills', 'Lightcast Skills Taxonomy', 'Leadership Skill']"
https://skills.yourlearning.ibm.com/activity/URL-BFE7521489DA,career,Webpage,Information Literacy Skills: Definition and Examples | Indeed Career Guide,5 mins,487 learners have completed this activity in the past 12 months.,Average rating of 4 stars by 64 learners in the past 12 months.,64,"<h2 class=""FullPageDescription_title__WsNdH""><span dir=""ltr"" lang=""en"" translate=""yes"">About this learning activity</span></h2><div dir=""ltr"" lang=""en"" translate=""yes"">Regardless of where you are in your career, you should continuously grow your soft and technical skills, such as information literacy. By developing and highlighting your information literacy skills, you can make yourself an ideal candidate and a valuable asset in any organization. In this article, we explain what information literacy skills are, describe how you can improve these skills in the workplace and provide tips for showcasing them throughout the hiring process.
<br/>
<br/>
This article is presented by <a href=""https://www.indeed.com/career-advice/"" rel=""noopener noreferrer nofollow"" target=""_blank"">Indeed Career Guide</a>.
<br/>
<br/>
After you complete this activity, return to this page to select <strong>Mark complete</strong> for completion credit.
<br/>
<br/><strong>Note</strong>: This activity is available only in English.</div>","['Learning Domain', 'Workplace skills - Ways of working', 'Learning Domain Primary', 'Professional skills']"
https://skills.yourlearning.ibm.com/activity/URL-1D7FF954AFA6,career,Webpage,Why Is Empathy Important in the Workplace? (And Steps To Improve Yours) | Indeed Career Guide,10 mins,409 learners have completed this activity in the past 12 months.,Average rating of 5 stars by 13 learners in the past 12 months.,13,"<h2 class=""FullPageDescription_title__WsNdH""><span dir=""ltr"" lang=""en"" translate=""yes"">About this learning activity</span></h2><div dir=""ltr"" lang=""en"" translate=""yes"">One of the most valuable skills to have in the workplace is empathy, which can help you better relate to your coworkers and clients. Knowing how to be empathic can help you improve communication with others and create great relationships, making for a positive workplace.
<br/>
In this article, we define empathy, why it’s important and how to become more empathetic in the workplace.
<br/>
<br/>
This article is presented by <a href=""https://www.indeed.com/career-advice/"" rel=""noopener noreferrer nofollow"" target=""_blank"">Indeed Career Guide</a>.
<br/>
<br/>
After you complete this activity, return to this page to select <strong>Mark complete</strong> for completion credit.
<br/>
<br/><strong>Note</strong>: This activity is available only in English.</div>","['Learning Domain', 'Workplace skills - Ways of working', 'Learning Domain Primary', 'Professional skills', 'Lightcast Skills Taxonomy', 'Communications Skill']"
https://skills.yourlearning.ibm.com/activity/URL-ZHPCGPQWC1Q,career,Video,How to Choose the Right Career Path in 7 Simple Steps | CareerAddict,4 mins 6 s,346 learners have completed this activity in the past 12 months.,Average rating of 4.5 stars by 16 learners in the past 12 months.,16,"<h2 class=""FullPageDescription_title__WsNdH""><span dir=""ltr"" lang=""en"" translate=""yes"">About this learning activity</span></h2><div dir=""ltr"" lang=""en"" translate=""yes"">Whether you’re a student wondering what to study, a recent graduate just starting their career or an experienced professional looking for a career change, it can be hard to identify what you’re really good at! So, to help you discover the right career path, we’ve put together seven short steps for you to follow.
<br/>
<br/>
This video is presented by CareerAddict.
<br/>
<br/>
After you complete this activity, return to this page to select <strong>Mark complete</strong> for completion credit.
<br/>
<br/><strong>Note</strong>: On the video toolbar, go to <strong>Settings</strong>, select <strong>Subtitles</strong>, select <strong>English</strong>, and then select <strong>Auto-Translate</strong> to enable subtitles in a language of your choice from the drop-down.</div>","['Learning Domain', 'Workplace skills - Workforce readiness']"
https://skills.yourlearning.ibm.com/activity/URL-2BBD80246697,career,Webpage,What Does a Good Resume Look Like? | Indeed Career Guide,10 mins,5805 learners have completed this activity in the past 12 months.,Average rating of 4 stars by 249 learners in the past 12 months.,249,"<h2 class=""FullPageDescription_title__WsNdH""><span dir=""ltr"" lang=""en"" translate=""yes"">About this learning activity</span></h2><div dir=""ltr"" lang=""en"" translate=""yes"">A resume gives you the opportunity to highlight your background, experience, and abilities before a potential employer. A well-written resume extends the attention span of the reader and prompts them to contact you for the position you applied for. However, successfully writing about the value you can bring to a potential employer requires certain skills and tactics. In this article, we’ll review what makes a resume look good and provide some examples. The sections include:
<br/>
 
<ul>
<li>Why is it important to write a good resume?</li>
<li>How to write a good resume</li>
<li>What should a professional resume look like?</li>
</ul>
<br/>
This article is presented by <a href=""https://www.indeed.com/career-advice/"" rel=""noopener noreferrer nofollow"" target=""_blank"">Indeed Career Guide</a>.
<br/>
<br/>
When you complete the article, be sure to return to this Your Learning activity page to select <strong>Mark Complete</strong> for completion credit.
<br/>
<br/><strong>Note</strong>: This activity is available only in English.</div>","['Learning Domain', 'Workplace skills - Workforce readiness', 'Learning Domain Primary', 'Professional skills']"
https://skills.yourlearning.ibm.com/activity/URL-961CBC71D3C3,career,Webpage,10 Ideation Techniques for Problem-Solving | Indeed Career Guide,10 mins,1819 learners have completed this activity in the past 12 months.,Average rating of 4.5 stars by 10 learners in the past 12 months.,10,"<h2 class=""FullPageDescription_title__WsNdH""><span dir=""ltr"" lang=""en"" translate=""yes"">About this learning activity</span></h2><div dir=""ltr"" lang=""en"" translate=""yes"">Coming up with solutions to business problems can sometimes feel overwhelming. But you can implement several ideation exercises to make this process productive and fun. Understanding which technique will work best for your team's situation can help you generate more ideas and more optimal solutions. In this article, we explore 10 ideation techniques that will help you more effectively develop ideas and solve problems.
<br/>
<br/>
This article is presented by <a href=""https://www.indeed.com/career-advice/"" rel=""noopener noreferrer nofollow"" target=""_blank"">Indeed Career Guide</a>.
<br/>
<br/>
After you complete this activity, return to this page to select <strong>Mark complete</strong> for completion credit.
<br/>
<br/><strong>Note</strong>: This activity is available only in English.</div>","['Learning Domain', 'Workplace skills - Ways of working', 'Learning Domain Primary', 'Professional skills', 'Lightcast Skills Taxonomy', 'Problem Solving Skill']"
https://skills.yourlearning.ibm.com/activity/URL-33E175DB2E01,career,Webpage,12 Tough Interview Questions and Answers | Indeed Career Guide,15 mins,2055 learners have completed this activity in the past 12 months.,Average rating of 3.5 stars by 175 learners in the past 12 months.,175,"<h2 class=""FullPageDescription_title__WsNdH""><span dir=""ltr"" lang=""en"" translate=""yes"">About this learning activity</span></h2><div dir=""ltr"" lang=""en"" translate=""yes""><p>During a job interview, you may be asked tough questions. Tough interview questions vary widely between industries, but there are several tough questions employers commonly use to learn more about you as a candidate.<br/><br/>
 In this article, we’ll look at why employers ask tough questions and what they’re looking for in your answer. Then, we’ll explore examples of tough interview questions with sample answers. The sections include:</p>
<ul>
<li><em>Interview Tips: Common Questions, Body Language, &amp; More</em> video</li>
<li>Why do employers ask tough interview questions</li>
<li>Common difficult interview questions with sample answers</li>
</ul>This article is presented by <a href=""https://www.indeed.com/career-advice/"" rel=""noopener noreferrer nofollow"" target=""_blank"">Indeed Career Guide</a>. 
<br/>
<br/>
When you complete the article, be sure to return to this Your Learning activity page to select <strong>Mark Complete</strong> for completion credit. 
<br/>
<br/><strong>Note</strong>: This activity is available only in English.</div>","['Learning Domain', 'Workplace skills - Workforce readiness', 'Learning Domain Primary', 'Professional skills']"
https://skills.yourlearning.ibm.com/activity/URL-EAD5DF36F78A,career,Webpage,9 Types of Cloud Computing (With Definition and Tips) | Indeed Career Guide,10 mins,276 learners have completed this activity in the past 12 months.,Average rating of 5 stars by 3 learners in the past 12 months.,3,"<h2 class=""FullPageDescription_title__WsNdH""><span dir=""ltr"" lang=""en"" translate=""yes"">About this learning activity</span></h2><div dir=""ltr"" lang=""en"" translate=""yes"">Organizations looking for ways to store and access their data often may consider cloud computing services. Clouds can help companies reduce their IT operational costs, strengthen their cybersecurity system and boost their computing speeds. In this article, you will learn what cloud computing is, explain five types of cloud deployment systems and assess four different cloud computing services.
<br/>
<br/>
This article is presented by <a href=""https://www.indeed.com/career-advice/"" rel=""noopener noreferrer nofollow"" target=""_blank"">Indeed Career Guide</a>.
<br/>
<br/>
After you complete this activity, return to this page to select <strong>Mark complete</strong> for completion credit.
<br/>
<br/><strong>Note</strong>: This activity is available only in English.</div>","['Learning Domain', 'Technical Skills - Cloud', 'Learning Domain Primary', 'Cloud computing']"
https://skills.yourlearning.ibm.com/activity/URL-B9FE1935B4CE,career,Webpage,How to Add Language Proficiency Levels to Your Resume | Indeed Career Guide,20 mins,2000 learners have completed this activity in the past 12 months.,Average rating of 4.5 stars by 21 learners in the past 12 months.,21,"<h2 class=""FullPageDescription_title__WsNdH""><span dir=""ltr"" lang=""en"" translate=""yes"">About this learning activity</span></h2><div dir=""ltr"" lang=""en"" translate=""yes"">Language proficiency is becoming a skill that employers value. The rise of conducting international business results in a different client base, work partners and employees for companies. Therefore, if you’re proficient in multiple languages then it’s valuable in a multi-cultural business environment because you have a higher likelihood to form relationships with clients or co-workers. Additionally, this skill provides you the chance to expand possibilities as to where you can work in the world. 
<br/>
<br/>
In this article, we’ll define what a language proficiency level is and provide more information on adding language proficiency skills to your resume. The sections include: 
<ul>
<li>What are language proficiency levels?</li>
<li>Common language proficiency level skills</li>
<li>When to include language proficiency levels on a resume</li>
<li>How to include language proficiency levels on a resume</li>
<li>Language proficiency levels on a resume example</li>
</ul>This article is presented by <a href=""https://www.indeed.com/career-advice/"" rel=""noopener noreferrer nofollow"" target=""_blank"">Indeed Career Guide</a>. 
<br/>
<br/>
When you complete the article, be sure to return to this Your Learning activity page to select <strong>Mark Complete</strong> for completion credit. 
<br/>
<br/><strong>Note</strong>: This activity is available only in English.</div>","['Learning Domain', 'Workplace skills - Ways of working', 'Learning Domain Primary', 'Professional skills']"
https://skills.yourlearning.ibm.com/activity/URL-2A4F4EEBAA79,career,Webpage,125 Common Interview Questions and Answers (With Tips) | Indeed Career Guide,30 mins,18742 learners have completed this activity in the past 12 months.,Average rating of 3.5 stars by 762 learners in the past 12 months.,762,"<h2 class=""FullPageDescription_title__WsNdH""><span dir=""ltr"" lang=""en"" translate=""yes"">About this learning activity</span></h2><div dir=""ltr"" lang=""en"" translate=""yes""><p>As you prepare for your interview, you may be considering which questions the employer is going to ask you. While there’s no way to know for sure what topics will be covered, there are several popular interview questions you can expect to be asked.<br/><br/>
 Every interviewer is different and their questions may vary. By preparing answers for these common interview questions, you can develop compelling talking points to make a great impression during your next job interview. In this article, the sections include:</p>
<ul>
<li><em>Interview Tips: Common Questions, Body Language, &amp; More </em>video</li>
<li>List of common interview questions</li>
<li>Example answers and tips for common job interview questions</li>
</ul>This article is presented by <a href=""https://www.indeed.com/career-advice/"" rel=""noopener noreferrer nofollow"" target=""_blank"">Indeed Career Guide</a>. 
<br/>
<br/>
When you complete the article, be sure to return to this Your Learning activity page to select <strong>Mark Complete</strong> for completion credit. 
<br/>
<br/><strong>Note</strong>: This activity is available only in English.</div>","['Learning Domain', 'Workplace skills - Workforce readiness', 'Learning Domain Primary', 'Professional skills']"
https://skills.yourlearning.ibm.com/activity/URL-5E238A7AA606,career,Webpage,6 Qualities That Make a Great Team Player | Indeed Career Guide,5 mins,334 learners have completed this activity in the past 12 months.,Average rating of 3.5 stars by 56 learners in the past 12 months.,56,"<h2 class=""FullPageDescription_title__WsNdH""><span dir=""ltr"" lang=""en"" translate=""yes"">About this learning activity</span></h2><div dir=""ltr"" lang=""en"" translate=""yes""><p>The ability to achieve goals in the workplace requires collaboration. Whether you are currently part of a team or are preparing to join a new one, developing strong teamwork skills can help you succeed in your career no matter your level or industry.<br/><br/>
 In this article, we discuss what it means to be a team player, common characteristics of team players, and how you can improve your own teamwork skills.<br/><br/>
 This article is presented by <a href=""https://www.indeed.com/career-advice/"" rel=""noopener noreferrer nofollow"" target=""_blank"">Indeed Career Guide</a>.<br/><br/>
 After you complete this activity, return to this page to select <strong>Mark complete</strong> for completion credit.<br/><br/><strong>Note</strong>: This activity is available only in English.</p></div>","['Learning Domain', 'Workplace skills - Ways of working', 'Learning Domain Primary', 'Professional skills']"
https://skills.yourlearning.ibm.com/activity/URL-007107827E92,career,Webpage,Why Resilience Can Make Or Break Your Career | Forbes,5 mins,208 learners have completed this activity in the past 12 months.,Average rating of 4 stars by 14 learners in the past 12 months.,14,"<h2 class=""FullPageDescription_title__WsNdH""><span dir=""ltr"" lang=""en"" translate=""yes"">About this learning activity</span></h2><div dir=""ltr"" lang=""en"" translate=""yes"">A person with resilience still feels the intensity of a difficult situation—they’ve just found a better (and quicker) way of dealing with it. Fortunately, resilience can be learned, and not surprisingly, it can make or break your career. This article shares four strategies that will help you to cultivate resilience and achieve career success. 
<br/>
<br/>
This is a Forbes article by Caroline Castrillon. 
<br/>
<br/>
After you complete this activity, return to this page to select <strong>Mark complete</strong> for completion credit. 
<br/>
<br/><strong>Note</strong>: This activity is available only in English.</div>","['Learning Domain', 'Workplace skills - Ways of working', 'Learning Domain Primary', 'Professional skills']"
https://skills.yourlearning.ibm.com/activity/URL-997C7AA142CC,career,Webpage,10 Tips for Giving a Great Presentation | Indeed Career Guide,10 mins,2913 learners have completed this activity in the past 12 months.,Average rating of 4 stars by 105 learners in the past 12 months.,105,"<h2 class=""FullPageDescription_title__WsNdH""><span dir=""ltr"" lang=""en"" translate=""yes"">About this learning activity</span></h2><div dir=""ltr"" lang=""en"" translate=""yes"">Throughout your educational and professional career, you will likely be asked to give presentations. Designing clear, engaging presentations and communicating your ideas to others is a skill you will continually develop.
<br/>
<br/>
While there are many different philosophies on how to give a presentation, there are a few simple skills you can learn to give excellent presentations, regardless of your preferred style. It can be helpful to set specific goals for yourself to improve over time. Many people spend their entire lives working on being a great speaker, so be patient and allow yourself to make mistakes.
<br/>
<br/>
In this article, you will learn 10 ways you can begin learning and improving for your next presentation.
<br/>
<br/>
This article is presented by <a href=""https://www.indeed.com/career-advice/"" rel=""noopener noreferrer nofollow"" target=""_blank"">Indeed Career Guide</a>.
<br/>
<br/>
After you complete this activity, return to this page to select <strong>Mark complete</strong> for completion credit.
<br/>
<br/><strong>Note</strong>: This activity is available only in English.</div>","['Learning Domain', 'Workplace skills - Ways of working', 'Learning Domain Primary', 'Professional skills', 'Lightcast Skills Taxonomy', 'Presentations Skill', 'Communications Skill']"
https://skills.yourlearning.ibm.com/activity/URL-15205E6D600E,career,Webpage,What to Wear: The Best Job Interview Attire | Indeed Career Guide,5 mins,1348 learners have completed this activity in the past 12 months.,Average rating of 4.5 stars by 54 learners in the past 12 months.,54,"<h2 class=""FullPageDescription_title__WsNdH""><span dir=""ltr"" lang=""en"" translate=""yes"">About this learning activity</span></h2><div dir=""ltr"" lang=""en"" translate=""yes""><p>In this article, you’ll find tips on what to avoid wearing for an interview and how to dress for a business casual job interview. The sections include:</p>
<ul>
<li><em>What to Wear to an Interview: Business Casual and Business Formal Examples</em> video</li>
<li>What is business casual?</li>
<li>Research the office dress code</li>
<li>How to dress business casual (for women)</li>
<li>How to dress business casual (for men)</li>
<li>Final Step: Do a dress rehearsal</li>
</ul>This article is presented by <a href=""https://www.indeed.com/career-advice/"" rel=""noopener noreferrer nofollow"" target=""_blank"">Indeed Career Guide</a>. 
<br/>
<br/>
When you complete the article, be sure to return to this Your Learning activity page to select <strong>Mark Complete</strong> for completion credit. 
<br/>
<br/><strong>Note</strong>: This activity is available only in English. 
<br/>
 </div>","['Learning Domain', 'Workplace skills - Workforce readiness', 'Learning Domain Primary', 'Professional skills', 'Lightcast Skills Taxonomy', 'Research Skill']"
https://skills.yourlearning.ibm.com/activity/URL-4BC7ADBAA40D,career,Webpage,How to Develop Critical Thinking Skills | Indeed Career Guide,10 mins,1943 learners have completed this activity in the past 12 months.,Average rating of 4.5 stars by 35 learners in the past 12 months.,35,"<h2 class=""FullPageDescription_title__WsNdH""><span dir=""ltr"" lang=""en"" translate=""yes"">About this learning activity</span></h2><div dir=""ltr"" lang=""en"" translate=""yes""><p>You will often see critical thinking skills listed on job postings since a number of professions value them highly. These include jobs within the legal, medical, financial, and technology fields. Critical thinking skills also have broad life application for making decisions or evaluating things you read or hear. In this article, we will explore what critical thinking skills are and how you can develop them.<br/><br/>
 This article is presented by <a href=""https://www.indeed.com/career-advice/"" rel=""noopener noreferrer nofollow"" target=""_blank"">Indeed Career Guide</a>.<br/><br/>
 After you complete this activity, return to this page to select <strong>Mark complete</strong> for completion credit.<br/><br/><strong>Note</strong>: This activity is available only in English.</p></div>","['Learning Domain', 'Workplace skills - Workforce readiness', 'Learning Domain Primary', 'Professional skills']"
https://skills.yourlearning.ibm.com/activity/URL-BE23F87416A1,career,Webpage,How to Build Good Working Relationships | Indeed Career Guide,10 mins,319 learners have completed this activity in the past 12 months.,Average rating of 4 stars by 10 learners in the past 12 months.,10,"<h2 class=""FullPageDescription_title__WsNdH""><span dir=""ltr"" lang=""en"" translate=""yes"">About this learning activity</span></h2><div dir=""ltr"" lang=""en"" translate=""yes""><p>You probably have heard about the importance of building good relationships in the workplace. However, it may not be apparent what exactly a working relationship entails, or how to build one. Learning more about working relationships can help you collaborate better with your team and create a positive workplace atmosphere.<br/><br/>
 In this article, we explain what working relationships are, why they are important and provide tips on how to build and maintain effective relationships. The sections include:</p>
<ul>
<li>What is a working relationship?</li>
<li>Why is it important to build positive working relationships?</li>
<li>How to build and maintain working relationships</li>
</ul>
<p>This article is presented by <a href=""https://www.indeed.com/career-advice/"" rel=""noopener noreferrer nofollow"" target=""_blank"">Indeed Career Guide</a>.<br/><br/>
 When you complete the article, be sure to return to this Your Learning activity page to select <strong>Mark Complete</strong> for completion credit.<br/><br/><strong>Note</strong>: This activity is available only in English.<br/>
  </p></div>","['Learning Domain', 'Workplace skills - Workforce readiness', 'Learning Domain Primary', 'Professional skills']"
https://skills.yourlearning.ibm.com/activity/URL-CE479B329116,career,Webpage,Specializations in Digital Marketing: Benefits and Types | Indeed Career Guide,30 mins,695 learners have completed this activity in the past 12 months.,Average rating of 3.5 stars by 51 learners in the past 12 months.,51,"<h2 class=""FullPageDescription_title__WsNdH""><span dir=""ltr"" lang=""en"" translate=""yes"">About this learning activity</span></h2><div dir=""ltr"" lang=""en"" translate=""yes"">Digital marketing departments within a company contribute to the recruitment and retention of followers or customers. Various roles can add value to the performance of a digital marketing team, which affects the overall success of the company. You can pursue a specialization in digital marketing to obtain a specific role, and learning about the different types can help you decide which one might be a good fit.
<br/>
<br/>
In this article, learn about the benefits of pursuing a specialization in digital marketing, some different types of them, and get tips for choosing one.
<br/>
<br/>
This article is presented by <a href=""https://www.indeed.com/career-advice/"" rel=""noopener noreferrer nofollow"" target=""_blank"">Indeed Career Guide</a>.
<br/>
<br/>
After you complete this activity, return to this page to select <strong>Mark complete</strong> for completion credit.
<br/>
<br/><strong>Note</strong>: This activity is available only in English.
<br/>
 </div>","['Learning Domain', 'Workplace skills - Workforce readiness', 'Learning Domain Primary', 'Professional skills']"
https://skills.yourlearning.ibm.com/activity/URL-FD506C54E797,career,Webpage,The Importance of Positive Feedback and How Deliver It to Others | Indeed Career Guide,10 mins,261 learners have completed this activity in the past 12 months.,Average rating of 4.5 stars by 7 learners in the past 12 months.,7,"<h2 class=""FullPageDescription_title__WsNdH""><span dir=""ltr"" lang=""en"" translate=""yes"">About this learning activity</span></h2><div dir=""ltr"" lang=""en"" translate=""yes""><p>Feedback is a tool used to reinforce positive behavior and support behavioral changes in the workplace. While it is beneficial to give and receive healthy criticism about areas for improvement, using positive feedback is equally necessary.<br/><br/>
 In this article, we will discuss what positive feedback is, how to give and receive it, and the benefits of using positive feedback in the workplace. The sections include:</p>
<ul>
<li>What is positive feedback?</li>
<li>Providing meaningful feedback</li>
<li>How to deliver positive feedback</li>
<li>Benefits of positive feedback</li>
<li>Giving constructive criticism</li>
<li>Positive feedback tips to keep in mind</li>
</ul>This article is presented by <a href=""https://www.indeed.com/career-advice/"" rel=""noopener noreferrer nofollow"" target=""_blank"">Indeed Career Guide</a>. 
<br/>
<br/>
When you complete the article, be sure to return to this Your Learning activity page to select <strong>Mark Complete</strong> for completion credit. 
<br/>
<br/><strong>Note</strong>: This activity is available only in English.</div>","['Learning Domain', 'Workplace skills - Workforce readiness']"
https://skills.yourlearning.ibm.com/activity/URL-409F2249624F,career,Webpage,The Importance of Positive Feedback and How Deliver It to Others | Indeed Career Guide,10 mins,131 learners have completed this activity in the past 12 months.,Average rating of 4.5 stars by 14 learners in the past 12 months.,14,"<h2 class=""FullPageDescription_title__WsNdH""><span dir=""ltr"" lang=""en"" translate=""yes"">About this learning activity</span></h2><div dir=""ltr"" lang=""en"" translate=""yes""><p>Feedback is a tool used to reinforce positive behavior and support behavioral changes in the workplace. While it is beneficial to give and receive healthy criticism about areas for improvement, using positive feedback is equally necessary. In this article, we will discuss what positive feedback is, how to give and receive it, and the benefits of using positive feedback in the workplace.<br/><br/>
 This article is presented by <a href=""https://www.indeed.com/career-advice/"" rel=""noopener noreferrer nofollow"" target=""_blank"">Indeed Career Guide</a>.<br/><br/>
 After you complete this activity, return to this page to select <strong>Mark complete</strong> for completion credit.<br/><br/><strong>Note</strong>: This activity is available only in English.</p></div>","['Learning Domain', 'Workplace skills - Workforce readiness']"
https://skills.yourlearning.ibm.com/activity/URL-918847975934,career,Webpage,How to Emphasize Your Personal Strengths During an Interview | Indeed Career Guide,10 mins,1265 learners have completed this activity in the past 12 months.,Average rating of 4.5 stars by 33 learners in the past 12 months.,33,"<h2 class=""FullPageDescription_title__WsNdH""><span dir=""ltr"" lang=""en"" translate=""yes"">About this learning activity</span></h2><div dir=""ltr"" lang=""en"" translate=""yes""><p>Interviews are your opportunity to tell employers why you are the best candidate for the job. To do this, it can be helpful to take some time before your interview to reflect on your personal strengths and why they make you uniquely qualified to succeed in the role. In this article, we will explain ways you can identify your strengths and integrate them into commonly asked interview questions. The sections include:</p>
<ul>
<li><em>Interview Tips: Common Questions, Body Language, &amp; More</em> video</li>
<li>Identify your personal strengths</li>
<li>How to highlight your personal strengths when interviewing</li>
<li>Provide original answers to routine interview questions</li>
</ul>This article is presented by <a href=""https://www.indeed.com/career-advice/"" rel=""noopener noreferrer nofollow"" target=""_blank"">Indeed Career Guide</a>. 
<br/>
<br/>
When you complete the article, be sure to return to this Your Learning activity page to select <strong>Mark Complete</strong> for completion credit. 
<br/>
<br/><strong>Note</strong>: This activity is available only in English.</div>","['Learning Domain', 'Workplace skills - Workforce readiness', 'Learning Domain Primary', 'Professional skills']"
https://skills.yourlearning.ibm.com/activity/URL-QZUQ_TYBHUG,career,Video,How to Become A Blockchain Developer | Blockchain Developer Training | Blockchain Career | Simplilearn,12 mins,247 learners have completed this activity in the past 12 months.,Average rating of 4.5 stars by 18 learners in the past 12 months.,18,"<h2 class=""FullPageDescription_title__WsNdH""><span dir=""ltr"" lang=""en"" translate=""yes"">About this learning activity</span></h2><div dir=""ltr"" lang=""en"" translate=""yes""><p>This video will help you understand who is a Blockchain developer, types of Blockchain developers, steps to become a Blockchain developer, obstacles to learning Blockchain, salaries offered to Blockchain developers and how companies are using Blockchain. Regardless of whether you’re interested in cryptocurrencies or not, Blockchain technology is a field to consider if you aspire for job security and lucrative pay. In this video, we discuss the pre-requisites and important steps for Blockchain career path.<br/><br/>
 This video is presented by Simplilearn.<br/><br/>
 After you complete this activity, return to this page to select <strong>Mark complete</strong> for completion credit.<br/><br/><strong>Note</strong>: On the video toolbar, go to <strong>Settings</strong>, <strong> </strong>select <strong>Subtitles</strong>, <strong> </strong>select <strong>English</strong>, and then select <strong>Auto-Translate</strong> to enable subtitles in a language of your choice from the drop-down.</p></div>","['Learning Domain', 'Other - Blockchain']"
https://skills.yourlearning.ibm.com/activity/URL-3184CC22154B,career,Webpage,How to Write an Entry Level Cover Letter (With Examples) | Indeed Career Guide,20 mins,2549 learners have completed this activity in the past 12 months.,Average rating of 4.5 stars by 36 learners in the past 12 months.,36,"<h2 class=""FullPageDescription_title__WsNdH""><span dir=""ltr"" lang=""en"" translate=""yes"">About this learning activity</span></h2><div dir=""ltr"" lang=""en"" translate=""yes"">Cover letters are a very helpful tool for recent college graduates who are seeking an entry-level position with limited experience. An entry-level cover letter is important because it can make you stand out to potential employers and help you receive your first job offer after college. 
<br/>
<br/>
In this article, we discuss what an entry level cover letter is, how to write one and provide a template and example of a completed entry-level cover letter. The sections include: 
<ul>
<li>What is an entry level cover letter?</li>
<li>How to write a cover letter with minimal experience</li>
<li>Entry level cover letter template</li>
<li>College grad cover letter entry level example</li>
</ul>This article is presented by <a href=""https://www.indeed.com/career-advice/"" rel=""noopener noreferrer nofollow"" target=""_blank"">Indeed Career Guide</a>. 
<br/>
<br/>
When you complete the article, be sure to return to this Your Learning activity page to select <strong>Mark Complete</strong> for completion credit. 
<br/>
<br/><strong>Note</strong>: This activity is available only in English.</div>","['Learning Domain', 'Workplace skills - Workforce readiness', 'Learning Domain Primary', 'Professional skills']"
https://skills.yourlearning.ibm.com/activity/URL-EA94A98E5C84,career,Webpage,Follow-Up Email Examples For After the Interview | Indeed Career Guide,10 mins,1224 learners have completed this activity in the past 12 months.,Average rating of 4.5 stars by 27 learners in the past 12 months.,27,"<h2 class=""FullPageDescription_title__WsNdH""><span dir=""ltr"" lang=""en"" translate=""yes"">About this learning activity</span></h2><div dir=""ltr"" lang=""en"" translate=""yes""><p>In general, there are three kinds of follow-up emails you can send after an interview: one to your interviewers immediately after the interview, a second follow-up if you haven’t heard back, and a “check-in” email to stay in touch for networking purposes. In the best case, you only need to send one email—a note that thanks your interviewers for their time and expresses your enthusiasm for the job. In this article, the sections include:</p>
<ul>
<li>Overview: Writing a follow-up email after the interview</li>
<li>How to write a follow-up email</li>
<li>Interview follow-up email examples</li>
<li>Follow-up email tips</li>
</ul>
<p>This article is presented by <a href=""https://www.indeed.com/career-advice/"" rel=""noopener noreferrer nofollow"" target=""_blank"">Indeed Career Guide</a>.<br/><br/>
 When you complete the article, be sure to return to this Your Learning activity page to select <strong>Mark Complete</strong> for completion credit.<br/><br/><strong>Note</strong>: This activity is available only in English.</p></div>","['Learning Domain', 'Workplace skills - Workforce readiness', 'Learning Domain Primary', 'Professional skills']"
https://skills.yourlearning.ibm.com/activity/URL-645129271753,career,Webpage,Job Search Guide: Finding Companies That Value Diversity & Inclusion | Indeed Career Guide,10 mins,346 learners have completed this activity in the past 12 months.,Average rating of 4.5 stars by 13 learners in the past 12 months.,13,"<h2 class=""FullPageDescription_title__WsNdH""><span dir=""ltr"" lang=""en"" translate=""yes"">About this learning activity</span></h2><div dir=""ltr"" lang=""en"" translate=""yes""><p>Learn about what it means to be diverse and inclusive in the workplace and ways to identify whether a company values a diverse and inclusive culture.<br/><br/>
 This article is offered by Indeed Career Guide.<br/><br/>
 After you complete this activity, return to this page to select <strong>Mark complete</strong> for completion credit.</p></div>","['Learning Domain', 'Workplace skills - Workforce readiness']"
https://skills.yourlearning.ibm.com/activity/URL-F9C53C800761,career,Webpage,"How to Succeed in Your New Job: The First Week, Month and 90 Days | Indeed Career Guide",15 mins,953 learners have completed this activity in the past 12 months.,Average rating of 4.5 stars by 33 learners in the past 12 months.,33,"<h2 class=""FullPageDescription_title__WsNdH""><span dir=""ltr"" lang=""en"" translate=""yes"">About this learning activity</span></h2><div dir=""ltr"" lang=""en"" translate=""yes""><p>You got the new job! Now, there’s a lot of uncertainty that comes with a new job. You’ll encounter new people, a new environment, and a new set of responsibilities. To set you up for success, here are tips to guide you through your first milestones during the first week, month, and 90 days. The sections include:</p>
<ul>
<li>The first week of a new job</li>
<li>The first month of a new job</li>
<li>The first 90 days of a new job</li>
</ul>This article is presented by <a href=""https://www.indeed.com/career-advice/"" rel=""noopener noreferrer nofollow"" target=""_blank"">Indeed Career Guide</a>. 
<br/>
<br/>
When you complete the article, be sure to return to this Your Learning activity page to select <strong>Mark Complete</strong> for completion credit. 
<br/>
<br/><strong>Note</strong>: This activity is available only in English.</div>","['Learning Domain', 'Workplace skills - Workforce readiness']"
https://skills.yourlearning.ibm.com/activity/URL-87EA56BE71E4,career,Webpage,Future-Proof Your Career: 4 Ways To Enhance Your People Skills | IBM Careers blog,6 mins,302 learners have completed this activity in the past 12 months.,Average rating of 4.5 stars by 7 learners in the past 12 months.,7,"<h2 class=""FullPageDescription_title__WsNdH""><span dir=""ltr"" lang=""en"" translate=""yes"">About this learning activity</span></h2><div dir=""ltr"" lang=""en"" translate=""yes"">The workplace is fundamentally changing, and with it, employees must find new ways to create value and become indispensable. Although the labor market in the developed world is strong, we must be prepared for external factors like fluctuating markets, trade disputes, and disruptive technologies that will impact global employment. There are steps we can take to upskill and reskill ourselves to help future-proof our employability. This blog will share four actions you can take immediately to enhance your people skills. 
<br/>
<br/>
This is an IBM Careers blog by Obed D. Louissaint. 
<br/>
<br/>
When you complete the blog, be sure to return to this Your Learning activity page to select <strong>Mark Complete</strong> for completion credit. 
<br/>
<br/><strong>Note</strong>: This activity is available only in English.</div>","['Learning Domain', 'Workplace skills - Workforce readiness', 'Learning Domain Primary', 'Professional skills']"
https://skills.yourlearning.ibm.com/activity/URL-21AE5C43C38D,career,Webpage,Coronavirus Career Advice: 8 Ways To Be More Effective While You Work From Home | Forbes,10 mins,254 learners have completed this activity in the past 12 months.,Average rating of 3.5 stars by 13 learners in the past 12 months.,13,"<h2 class=""FullPageDescription_title__WsNdH""><span dir=""ltr"" lang=""en"" translate=""yes"">About this learning activity</span></h2><div dir=""ltr"" lang=""en"" translate=""yes"">Yaara Gooner, designer and architect, offers tips for how to be more effective, maximize productivity, and maintain motivation while working from home—in style.  
<br/>
<br/>
This article is presented by <a href=""https://www.forbes.com/#425cae1a2254"" rel=""noopener noreferrer nofollow"" target=""_blank"">Forbes</a> and authored by Laura Begley Bloom 
<br/>
<br/>
When you complete the article, be sure to return to this Your Learning activity page to select <strong>Mark Complete</strong> for completion credit. 
<br/>
<br/><strong>Note</strong>: This activity is available only in English.</div>","['Learning Domain', 'Workplace skills - Workforce readiness', 'Learning Domain Primary', 'Professional skills']"
https://skills.yourlearning.ibm.com/activity/URL-DBDACBE12A39,career,Webpage,Improving Your Computer Literacy: Everything You Need to Know | Indeed Career Guide,10 mins,633 learners have completed this activity in the past 12 months.,Average rating of 4 stars by 48 learners in the past 12 months.,48,"<h2 class=""FullPageDescription_title__WsNdH""><span dir=""ltr"" lang=""en"" translate=""yes"">About this learning activity</span></h2><div dir=""ltr"" lang=""en"" translate=""yes""><p>Hiring managers want candidates that are computer literate. Having basic computer literacy skills makes it easier to complete everyday items and increases productivity. This guide will help you determine what workplace skills you need to be computer literate and how to highlight them for future employers.<br/><br/>
 This article is presented by <a href=""https://www.indeed.com/career-advice/"" rel=""noopener noreferrer nofollow"" target=""_blank"">Indeed Career Guide</a>.<br/><br/>
 After you complete this activity, return to this page to select <strong>Mark complete</strong> for completion credit.<br/><br/><strong>Note</strong>: This activity is available only in English.</p></div>","['Learning Domain', 'Workplace skills - Ways of working', 'Learning Domain Primary', 'Professional skills', 'Lightcast Skills Taxonomy', 'Computer Literacy Skill']"
https://skills.yourlearning.ibm.com/activity/PLAN-998B42E1BB90,career,Learning Plan,Preparación para tu Career Conversations,About 1 hour,41 learners have completed this activity in the past 12 months.,Average rating of 5 stars by 4 learners in the past 12 months.,4,"<div dir=""ltr"" lang=""es-la"" translate=""yes""><p>Prepara tu camino para conversar con tus mentores a través de las siguientes actividades. Obtén acceso a los recursos y servicios tecnológicos de IBM Cloud para dar el siguiente paso en tu carrera académica.</p></div>",[]
https://skills.yourlearning.ibm.com/activity/URL-B7965B706A55,career,Webpage,What is Self-Awareness: Tips on Being More Mindful at Work | Indeed Career Guide,10 mins,2910 learners have completed this activity in the past 12 months.,Average rating of 4.5 stars by 17 learners in the past 12 months.,17,"<h2 class=""FullPageDescription_title__WsNdH""><span dir=""ltr"" lang=""en"" translate=""yes"">About this learning activity</span></h2><div dir=""ltr"" lang=""en"" translate=""yes""><p>Self-awareness is a complex topic because it’s not always easy for an individual to know where they fall on the scale of personal understanding. Taking the time to explore self-awareness can give you a distinct edge in the workplace. The more mindful you are of your own capabilities, the better you’ll do at your job.<br/><br/>
 In this article, we’ll explore what self awareness is and how you can increase it.<br/><br/>
 This article is presented by <a href=""https://www.indeed.com/career-advice/"" rel=""noopener noreferrer nofollow"" target=""_blank"">Indeed Career Guide</a>.<br/><br/>
 After you complete this activity, return to this page to select <strong>Mark complete</strong> for completion credit.<br/><br/><strong>Note</strong>: This activity is available only in English.</p></div>","['Learning Domain', 'Workplace skills - Workforce readiness']"
https://skills.yourlearning.ibm.com/activity/URL-UBV0W8QWHV4,career,Video,How To Become An Artificial Intelligence Engineer | AI Engineer Career Path And Skills | Simplilearn,7 mins 34 s,1209 learners have completed this activity in the past 12 months.,Average rating of 4 stars by 93 learners in the past 12 months.,93,"<h2 class=""FullPageDescription_title__WsNdH""><span dir=""ltr"" lang=""en"" translate=""yes"">About this learning activity</span></h2><div dir=""ltr"" lang=""en"" translate=""yes""><p>This video explains the skills that one should master to become successful in his Artificial Intelligence career an the job opportunities in AI industry.  The AI industry is growing at a rapid speed. We can’t even imagine what will develop, but we do know we already have a shortage of trained AI and machine learning professionals, and that gap will only grow until we get people trained and placed in the millions of AI jobs. If you want to be one of those professionals, get certified, because the sooner you get your training started, the sooner you will be working in this exciting and rapidly changing field. Now, let us get started and understand the steps to become an AI engineer.<br/><br/>
 This video is presented by Simplilearn.<br/><br/>
 After you complete this activity, return to this page to select <strong>Mark complete</strong> for completion credit.<br/><br/><strong>Note</strong>: On the video toolbar, go to <strong>Settings</strong>, <strong> </strong>select <strong>Subtitles</strong>, <strong> </strong>select <strong>English</strong>, and then select <strong>Auto-Translate</strong> to enable subtitles in a language of your choice from the drop-down.</p></div>","['Learning Domain', 'Technical skills - Artificial Intelligence', 'Learning Domain Primary', 'Artificial intelligence', 'Lightcast Skills Taxonomy', 'Machine Learning Skill', 'Artificial Intelligence Skill']"
https://skills.yourlearning.ibm.com/activity/URL-93DE6A56BE23,career,Webpage,"Interview Question: ""Tell Me About Yourself"" (Tips and Example Answers) | Indeed Career Guide",10 mins,865 learners have completed this activity in the past 12 months.,Average rating of 4 stars by 30 learners in the past 12 months.,30,"<h2 class=""FullPageDescription_title__WsNdH""><span dir=""ltr"" lang=""en"" translate=""yes"">About this learning activity</span></h2><div dir=""ltr"" lang=""en"" translate=""yes""><p>Open-ended questions like “Tell me about yourself” are frequently asked at the beginning of in-person or video interviews to get the conversation started. In this article, you’ll find tips on what to avoid in your answer, how to structure your response and how you can get started. Additionally, at the end of the article, you will find a detailed “Tell me about yourself” sample answer. The sections include:</p>
<ul>
<li><em>Interview Tips: Common Questions, Body Language, &amp; More</em> video</li>
<li>Planning your answer</li>
<li>How to answer ""Tell me about yourself""</li>
<li>Example answers to ""Tell me about yourself""</li>
<li>Do's and Don’ts for ""Tell me about yourself""</li>
</ul>
<p>This article is presented by <a href=""https://www.indeed.com/career-advice/"" rel=""noopener noreferrer nofollow"" target=""_blank"">Indeed Career Guide</a>.<br/><br/>
 When you complete the article, be sure to return to this Your Learning activity page to select <strong>Mark Complete</strong> for completion credit.<br/><br/><strong>Note</strong>: This activity is available only in English.</p></div>","['Learning Domain', 'Workplace skills - Ways of working', 'Learning Domain Primary', 'Professional skills', 'Lightcast Skills Taxonomy', 'Planning Skill']"
https://skills.yourlearning.ibm.com/activity/URL-00B91A88481C,career,Webpage,10 Ways to Improve Your Creative Problem-Solving Skills | Indeed Career Guide,10 mins,4754 learners have completed this activity in the past 12 months.,Average rating of 4.5 stars by 57 learners in the past 12 months.,57,"<h2 class=""FullPageDescription_title__WsNdH""><span dir=""ltr"" lang=""en"" translate=""yes"">About this learning activity</span></h2><div dir=""ltr"" lang=""en"" translate=""yes""><p>Creative problem-solving helps businesses bring innovative solutions to their customers. It also helps identify unique opportunities for growth in competitive industries. As a skill, creative problem-solving makes you more valuable to prospective organizations. In this article, we’ll discuss what creative problem-solving is and how to demonstrate it in an interview.<br/><br/>
 This article is presented by <a href=""https://www.indeed.com/career-advice/"" rel=""noopener noreferrer nofollow"" target=""_blank"">Indeed Career Guide</a>.<br/><br/>
 After you complete this activity, return to this page to select <strong>Mark complete</strong> for completion credit.<br/><br/><strong>Note</strong>: This activity is available only in English.</p></div>","['Learning Domain', 'Workplace skills - Ways of working', 'Learning Domain Primary', 'Professional skills', 'Lightcast Skills Taxonomy', 'Innovation Skill']"
https://skills.yourlearning.ibm.com/activity/URL-7D0DAB3D05FA,career,Webpage,How To Use the DACI Model for Making Team Decisions (With Tips) | Indeed Career Guide,10 mins,231 learners have completed this activity in the past 12 months.,Average rating of 4 stars by 6 learners in the past 12 months.,6,"<h2 class=""FullPageDescription_title__WsNdH""><span dir=""ltr"" lang=""en"" translate=""yes"">About this learning activity</span></h2><div dir=""ltr"" lang=""en"" translate=""yes"">During a project, leaders frequently make choices that affect the rest of the team. Implementing the DACI model can streamline the decision-making process and encourage collaboration among team members. As a project manager, you can use the DACI model to recruit professionals that guide and reaffirm your direction for the project, and you can maintain open communication with everyone involved. In this article, we define the DACI model and how to use it to make choices on your team's behalf.
<br/>
<br/>
This article is presented by <a href=""https://www.indeed.com/career-advice/"" rel=""noopener noreferrer nofollow"" target=""_blank"">Indeed Career Guide</a>.
<br/>
<br/>
After you complete this activity, return to this page to select <strong>Mark complete</strong> for completion credit.
<br/>
<br/><strong>Note</strong>: This activity is available only in English.</div>","['Learning Domain', 'Workplace skills - Ways of working', 'Learning Domain Primary', 'Professional skills', 'Lightcast Skills Taxonomy', 'Communications Skill']"
https://skills.yourlearning.ibm.com/activity/URL-2DBCD3A57CB0,career,Webpage,10 Essential Critical Thinking Skills (And How to Improve Them) | Indeed Career Guide,10 mins,2014 learners have completed this activity in the past 12 months.,Average rating of 3.5 stars by 92 learners in the past 12 months.,92,"<h2 class=""FullPageDescription_title__WsNdH""><span dir=""ltr"" lang=""en"" translate=""yes"">About this learning activity</span></h2><div dir=""ltr"" lang=""en"" translate=""yes"">Critical thinking skills allow you to understand and address situations based on all available facts and information. Typically, using critical thinking at work involves processing and organizing facts, data and other information to define a problem and develop effective solutions.
<br/>
<br/>
It’s a good idea to reflect on the critical thinking skills you already possess and what you may need to develop. You should include your strongest critical thinking skills on your resume and discuss them during interviews.
<br/>
<br/>
In this article, we explain what critical thinking is, why it’s important,and how you can improve your skills in this area.
<br/>
<br/>
This article is presented by <a href=""https://www.indeed.com/career-advice/"" rel=""noopener noreferrer nofollow"" target=""_blank"">Indeed Career Guide</a>.
<br/>
<br/>
After you complete this activity, return to this page to select <strong>Mark complete</strong> for completion credit.
<br/>
<br/><strong>Note</strong>: This activity is available only in English.</div>","['Learning Domain', 'Workplace skills - Ways of working', 'Learning Domain Primary', 'Professional skills']"
https://skills.yourlearning.ibm.com/activity/PLAN-844F962460E9,career,Learning Plan,Your Future in Technology,About 1 day,1486 learners have completed this activity in the past 12 months.,Average rating of 4.5 stars by 79 learners in the past 12 months.,79,"<div dir=""ltr"" lang=""en"" translate=""yes""><p>Have an interest for a career in technology, but not sure where to start? Explore this learning plan with the best programs and certificates available for you!</p></div>",[]
https://skills.yourlearning.ibm.com/activity/URL-EC4C93D51645,career,Webpage,What Are You Waiting For? 9 Reasons to Work in IT | CompTIA,5 mins,1237 learners have completed this activity in the past 12 months.,Average rating of 4.5 stars by 72 learners in the past 12 months.,72,"<h2 class=""FullPageDescription_title__WsNdH""><span dir=""ltr"" lang=""en"" translate=""yes"">About this learning activity</span></h2><div dir=""ltr"" lang=""en"" translate=""yes""><p>IT has a lot to offer, including numerous job opportunities, competitive salaries, work–life balance and more. If you’re ready to change careers, learn more about why IT is a great option for your next move.</p></div>",[]
https://skills.yourlearning.ibm.com/activity/URL-9D5180417597,career,eLearning,IBM SkillsBuild: My Inner Genius,21 mins,625 learners have completed this activity in the past 12 months.,Average rating of 4.5 stars by 52 learners in the past 12 months.,52,"<h2 class=""FullPageDescription_title__WsNdH""><span dir=""ltr"" lang=""en"" translate=""yes"">About this learning activity</span></h2><div dir=""ltr"" lang=""en"" translate=""yes""><p>This short video offers a tutorial on how to use the My Inner Genius career and learning insights assessments. </p></div>",[]
https://skills.yourlearning.ibm.com/activity/URL-875C20C302A8,career,Video,How To Dress for a Job Interview (And What Not To Wear),6 mins,125 learners have completed this activity in the past 12 months.,Average rating of 4.5 stars by 3 learners in the past 12 months.,3,"<h2 class=""FullPageDescription_title__WsNdH""><span dir=""ltr"" lang=""en"" translate=""yes"">About this learning activity</span></h2><div dir=""ltr"" lang=""en"" translate=""yes""><p>Video: What To Wear to an Interview: Professional, Business Casual and Smart Casual</p></div>",[]
https://skills.yourlearning.ibm.com/activity/URL-9051B212723B,career,Event,IBM SkillsBuild: From Credentials to Careers,33 mins,133 learners have completed this activity in the past 12 months.,Average rating of 4.5 stars by 10 learners in the past 12 months.,10,"<h2 class=""FullPageDescription_title__WsNdH""><span dir=""ltr"" lang=""en"" translate=""yes"">About this learning activity</span></h2><div dir=""ltr"" lang=""en"" translate=""yes""><p>In this replay, Jim Daniels from Credly discusses the connections between upskilling, digital credentials, and career advancement.</p></div>",[]
https://skills.yourlearning.ibm.com/activity/PLAN-FC31861E042E,career,Learning Plan,Professional Skills to Work in a Digital World,About 90 minutes,27 learners have completed this activity in the past 12 months.,Average rating of 5 stars by 3 learners in the past 12 months.,3,"<div dir=""ltr"" lang=""en"" translate=""yes""><p>The Professional Skills learning plan is designed to equip individuals with essential skills that enhance their effectiveness in the workplace. These skills are crucial for career development and personal growth, spanning areas such as communication, leadership, time management, and problem-solving.</p></div>",[]
https://skills.yourlearning.ibm.com/activity/URL-399C139D1CB0,career,Webpage,What's It Like to Work in IT? The Scoop from IT Pros | CompTIA,10 mins,1094 learners have completed this activity in the past 12 months.,Average rating of 4.5 stars by 23 learners in the past 12 months.,23,"<h2 class=""FullPageDescription_title__WsNdH""><span dir=""ltr"" lang=""en"" translate=""yes"">About this learning activity</span></h2><div dir=""ltr"" lang=""en"" translate=""yes""><p>Are you wondering what technology culture is like for people working in IT careers? CompTIA interviewed a few IT pros to help you get a better understanding of what their day-to-day jobs are like and their experience of working in technology in general.</p></div>","['Learning Domain', 'Technical skills - Information Technology']"
https://skills.yourlearning.ibm.com/activity/PLAN-1F2DB82FDF6A,career,Learning Plan,Transition into Tech,About 10 hours,9 learners have completed this activity in the past 12 months.,Average rating of 5 stars by 1 learner in the past 12 months.,1,"<div dir=""ltr"" lang=""en"" translate=""yes""><p>This learning plan is designed for individuals who are interested in transitioning to a career in technology. It provides a structured pathway to acquire the basic tech skills, explore the various aspects of the tech industry, and gain the necessary competencies to succeed in a tech-driven environment.</p>
<p>Whether you are coming from a non-technical background or looking to enhance your existing skills, this plan will guide you through the essential steps to embark on a successful tech career.</p></div>",[]
https://skills.yourlearning.ibm.com/activity/URL-83BF5083A457,career,Event,"How to Land a Cybersecurity Interview, featuring Kip Boyle: Session II",50 mins,197 learners have completed this activity in the past 12 months.,Average rating of 4.5 stars by 7 learners in the past 12 months.,7,"<h2 class=""FullPageDescription_title__WsNdH""><span dir=""ltr"" lang=""en"" translate=""yes"">About this learning activity</span></h2><div dir=""ltr"" lang=""en"" translate=""yes""><p>In this video replay, Kip Boyle, founder and CEO of Cyber Risk Opportunities, offers practical guidance on  how to secure an interview in cybersecurity. Kip provides in-the-moment feedback comparing cyber job postings to resumes.</p></div>","['Learning Domain', 'Technical skills - Cybersecurity', 'Learning Domain Primary', 'Cybersecurity', 'Lightcast Skills Taxonomy', 'Cyber Security Skill']"
https://skills.yourlearning.ibm.com/activity/ISG-SLA7012,career,eLearning,IBM Security Expert Lecture Series: Women in Security Excelling,54 mins,123 learners have completed this activity in the past 12 months.,Average rating of 5 stars by 1 learner in the past 12 months.,1,"<h2 class=""FullPageDescription_title__WsNdH""><span dir=""ltr"" lang=""en"" translate=""yes"">About this learning activity</span></h2><div dir=""ltr"" lang=""en"" translate=""yes"">This event replay is the second in a series of IBM Security Expert Lectures.This lecture covers Women in Security Excelling (WISE) who host a career panel to discuss the various careers in cyber security.This event replay is the second in a series of IBM Security Expert Lectures.This lecture covers Women in Security Excelling (WISE) who host a career panel to discuss the various ca
<p>This course requires you register for an IBMid to access.</p></div>",[]
https://skills.yourlearning.ibm.com/activity/URL-0E79B7C25CA1,career,Event,"Webinar: Chronus, utilização e inscrição",1 hr,6 learners have completed this activity in the past 12 months.,Average rating of 5 stars by 1 learner in the past 12 months.,1,"<h2 class=""FullPageDescription_title__WsNdH""><span dir=""ltr"" lang=""en"" translate=""yes"">About this learning activity</span></h2><div dir=""ltr"" lang=""pt-br"" translate=""yes""><p>Chronus é nossa plataforma de mentoria para conversas de carreira. Neste webinar você aprenderá como acessar e encontrar o mentor necessário para avançar em sua carreira.</p></div>",[]
https://skills.yourlearning.ibm.com/activity/PLAN-1F611B7E6296,career,Learning Plan,Explore Careers in Tech,About 15 hours,26 learners have completed this activity in the past 12 months.,Average rating of 1 star by 1 learner in the past 12 months.,1,"<div dir=""ltr"" lang=""en"" translate=""yes""><p>This learning plan is designed for individuals interested in exploring the vast landscape of technology careers. It aims to provide a comprehensive understanding of essential tech skills, various career opportunities within the tech industry, insights into the job marketplace, and guidance on choosing the right career pathway. Whether you are just starting your journey or considering a career change, this plan will help you navigate the dynamic world of technology.</p></div>",[]
https://skills.yourlearning.ibm.com/activity/PLAN-6BB152CCB779,career,Learning Plan,Job Seeking: Gap fill your resume,About 4 hours,4 learners have completed this activity in the past 12 months.,,65,"<div dir=""ltr"" lang=""en"" translate=""yes""><p>This comprehensive learning plan is designed to empower individuals at every stage of their career journey. Whether you're aiming to fill gaps in your resume, embracing the mindset of lifelong learning, seeking new job opportunities, or exploring and training in the tech industry, this plan has you covered. You'll gain valuable insights into enhancing your resume, acquire new skills to stay competitive in today's job market, and dive into the latest advancements and training opportunities in technology. </p></div>",[]
https://skills.yourlearning.ibm.com/activity/URL-4AD307E14321,career,Webpage,Ten Questions to Ask During an Informational Interview | IBM Careers blog,5 mins,3713 learners have completed this activity in the past 12 months.,Average rating of 3.5 stars by 75 learners in the past 12 months.,75,"<h2 class=""FullPageDescription_title__WsNdH""><span dir=""ltr"" lang=""en"" translate=""yes"">About this learning activity</span></h2><div dir=""ltr"" lang=""en"" translate=""yes"">An informational interview is a great method for when you want to progress your career while you’re still exploring your options. Read this article on the IBM Careers blog to find out how it’s different from a job interview and how you can prepare for one. 
<br/>
<br/>
 After you complete this activity, return to this page to select <strong>Mark complete</strong> for completion credit. 
<br/>
<br/><strong>Note: </strong>This activity is available only in English.</div>","['Content Provider', 'IBM', 'Learning Domain', 'Workplace skills - Workforce readiness', 'Learning Domain Primary', 'Professional skills', 'Popular Subjects', 'Career planning']"
https://skills.yourlearning.ibm.com/activity/URL-693DE3553654,career,Activity Kit,Introduction to Artificial Intelligence | IBM Activity Kit,50 mins,1551 learners have completed this activity in the past 12 months.,Average rating of 4.5 stars by 25 learners in the past 12 months.,25,"<h2 class=""FullPageDescription_title__WsNdH""><span dir=""ltr"" lang=""en"" translate=""yes"">About this learning activity</span></h2><div dir=""ltr"" lang=""en"" translate=""yes"">This activity kit introduces learners to aspects of artificial intelligence (AI) and how AI has been incorporated into their everyday lives. It also acquaints learners with skills that can bolster their AI career potential.
<br/>
<br/>
Topic: Artificial intelligence
<br/>
<br/>
Outcomes:
<ul>
<li>Learners will identify the multi-faceted aspects of AI</li>
<li>Learners will identify ways they currently interface with AI technologies</li>
<li>Learners will review skills that can prep them for AI careers</li>
</ul>
<br/>
*Note the timing is approximate and can be completed in 50-60 minutes.</div>","['Learning Domain', 'Technical skills - Artificial Intelligence', 'Learning Domain Primary', 'Artificial intelligence']"
https://skills.yourlearning.ibm.com/activity/URL-FE500146E8E2,career,eLearning,Learn how to Code,6 hrs,627 learners have completed this activity in the past 12 months.,Average rating of 4.5 stars by 22 learners in the past 12 months.,22,"<h2 class=""FullPageDescription_title__WsNdH""><span dir=""ltr"" lang=""en"" translate=""yes"">About this learning activity</span></h2><div dir=""ltr"" lang=""en"" translate=""yes"">New to coding? Start here and learn programming fundamentals that can be helpful for any language you learn.
<br/>
<br/>
Programming is all around us, from the take-out we order to the movies we stream. Whether you’re about to start your journey as a developer or just want to increase your digital literacy, knowing the basics of coding will be beneficial to your career. Instead of teaching a specific programming language, this course teaches programming fundamentals that can be helpful for any language you learn.
<br/>
<br/>
This course is presented by Codecademy. You will need to register for a free account.
<br/>
<br/>
 </div>",[]
https://skills.yourlearning.ibm.com/activity/URL-2B26E1DEC7CA,career,Book/Article,9 Skills You Need to Become a Great Social Media Manager | Digtital Marketing Institute,15 mins,789 learners have completed this activity in the past 12 months.,Average rating of 4.5 stars by 18 learners in the past 12 months.,18,"<h2 class=""FullPageDescription_title__WsNdH""><span dir=""ltr"" lang=""en"" translate=""yes"">About this learning activity</span></h2><div dir=""ltr"" lang=""en"" translate=""yes"">If you're an aspiring Social Media Manager, but aren’t sure where to start, this article will help you identify the essential skills to acquire and hone for a successful career in social media management.
<br/>
<br/>
This article is by Digital Marketing Institute.
<br/>
<br/>
After you complete this activity, return to this page to select <strong>Mark complete</strong> for completion credit.
<br/>
<br/>
 </div>",[]
https://skills.yourlearning.ibm.com/activity/URL-A894B20678E5,career,Video,IBM SkillsBuild Digital Credentials | IBM SkillsBuild,2 mins,351 learners have completed this activity in the past 12 months.,Average rating of 4.5 stars by 9 learners in the past 12 months.,9,"<h2 class=""FullPageDescription_title__WsNdH""><span dir=""ltr"" lang=""en"" translate=""yes"">About this learning activity</span></h2><div dir=""ltr"" lang=""en"" translate=""yes""><p>Your journey to a career in tech begins with understanding the role of digital credentials to showcase your knowledge and skills and amplify your resume!<br/><br/>
 In this short video, learn about the three levels of the IBM SkillsBuild Digital Credentials Framework (awareness, demonstration, and application) that support your skill growth journey, and why it's important to share your achievements externally.<br/><br/>
 Check out <a href=""https://skillsbuild.org/adult-learners/digital-credentials"" rel=""noopener noreferrer nofollow"" target=""_blank"">Explore IBM SkillsBuild digital credentials</a> to learn more about SkillsBuild's offerings.</p></div>",[]
https://skills.yourlearning.ibm.com/activity/URL-13B221148B38,career,Webpage,"Reset, Renew, and Recharge: How Building Resilience Is The Best Antidote To Today's Stress Epidemic | Forbes",5 mins,288 learners have completed this activity in the past 12 months.,Average rating of 4.5 stars by 13 learners in the past 12 months.,13,"<h2 class=""FullPageDescription_title__WsNdH""><span dir=""ltr"" lang=""en"" translate=""yes"">About this learning activity</span></h2><div dir=""ltr"" lang=""en"" translate=""yes"">When stress inevitably hits us, there are ways to manage it and mitigate its effects. But why wait? Why not be proactive and build up the stress-busting quality of resilience so that, when stress arrives, we are ready for it? 
<br/>
<br/>
This is a Forbes article by Naz Beheshti. 
<br/>
<br/>
After you complete this activity, return to this page to select <strong>Mark complete</strong> for completion credit. 
<br/>
<br/><strong>Note</strong>: This activity is available only in English.</div>","['Learning Domain', 'Workplace skills - Workforce readiness']"
https://skills.yourlearning.ibm.com/activity/PLAN-BA8DEA00BAC0,career,Learning Plan,Partner Curated Learning Plans,Weeks,2 learners have completed this activity in the past 12 months.,,3,"<div dir=""ltr"" lang=""en"" translate=""yes""><p>Our comprehensive learning plans are designed to empower individuals at every stage of their career journey.  These learning journeys are designed to help you gain valuable insights into enhancing your resume, acquire new skills to stay competitive in today's job market, and dive into the latest advancements and training opportunities in technology.  Whether you're aiming to fill gaps in your resume, embracing the mindset of lifelong learning, seeking new job opportunities, or exploring and training in the tech industry,  the learning in these journeys can help you reach your goals.  </p></div>",[]
https://skills.yourlearning.ibm.com/activity/PLAN-93C2707F9435,career,Learning Plan,CV Workshop for Tech Careers,About 1 week,7 learners have completed this activity in the past 12 months.,,,"<div dir=""ltr"" lang=""en"" translate=""yes""><em>Embark on a transformative journey toward a thriving tech career with our CV Workshop by IBM SkillsBuild. In this dynamic and engaging webinar, we'll delve into the art of crafting a compelling curriculum vitae that not only showcases your skills and experiences but also grabs the attention of tech recruiters. IBM will share invaluable insights, insider tips, and proven strategies to help you stand out in a competitive job market. Whether you're a seasoned professional or a recent graduate, this workshop is tailored to elevate your CV to new heights. Don't miss this opportunity to boost your career prospects and gain the edge you need in the ever-evolving tech landscape. Reserve your spot now and pave the way for a successful and fulfilling tech career!</em></div>",[]
https://skills.yourlearning.ibm.com/activity/URL-ZLYFT6BDXD4,career,Video,Top 10 Reasons to Learn Cybersecurity | Why Cybersecurity is Important | Edureka,10 mins,2149 learners have completed this activity in the past 12 months.,Average rating of 4.5 stars by 44 learners in the past 12 months.,44,"<h2 class=""FullPageDescription_title__WsNdH""><span dir=""ltr"" lang=""en"" translate=""yes"">About this learning activity</span></h2><div dir=""ltr"" lang=""en"" translate=""yes""><p>Should you pursue a career in cybersecurity? This video discusses 10 reasons why you may want to consider a career in cybersecurity.<br/><br/>
 This video is presented by Edureka.<br/><br/>
 After you complete this activity, return to this page to select <strong>Mark complete</strong> for completion credit.<br/><br/><strong>Note</strong>: On the video toolbar, go to <strong>Settings</strong>, <strong> </strong>select <strong>Subtitles</strong>, <strong> </strong>select <strong>English</strong>, and then select <strong>Auto-Translate</strong> to enable subtitles in a language of your choice from the drop-down.</p></div>","['Learning Domain', 'Technical skills - Cybersecurity', 'Learning Domain Primary', 'Cybersecurity', 'Lightcast Skills Taxonomy', 'Cyber Security Skill']"
https://skills.yourlearning.ibm.com/activity/URL-25C6FB6FF591,career,eLearning,Plongez-vous dans le monde de l'alternance,2 hrs,10 learners have completed this activity in the past 12 months.,,,"<h2 class=""FullPageDescription_title__WsNdH""><span dir=""ltr"" lang=""en"" translate=""yes"">About this learning activity</span></h2><div dir=""ltr"" lang=""fr"" translate=""yes"">Vous êtes intéressé par l'alternance ? Vous ne savez pas ce qui vous correspond le plus entre un contrat d’apprentissage ou un contrat de professionnalisation ? Suivez ce cours pour avoir des réponses à ces questions !
<br/>
<br/>
Ce Mooc est proposé par Open Class Room. 
<br/>
Après avoir complété cette activité, assurez-vous de retourner sur la page d'activité Your Learning pour cocher la case ""Complété"" afin d'indiquer la réalisation de l'apprentissage. 
<br/>
Note : cette activité est uniquement disponible en français. </div>","['Areas of Interest', 'Professional skills > Career planning']"
https://skills.yourlearning.ibm.com/activity/URL-AF5BB9E19883,career,Webpage,Attract Recruiters’ Attention with These Resume Writing Tips | IBM Careers blog,5 mins,4981 learners have completed this activity in the past 12 months.,Average rating of 4 stars by 45 learners in the past 12 months.,45,"<h2 class=""FullPageDescription_title__WsNdH""><span dir=""ltr"" lang=""en"" translate=""yes"">About this learning activity</span></h2><div dir=""ltr"" lang=""en"" translate=""yes"">On average, recruiters spend about six seconds reviewing a resume before making a decision to: a) continue reading, b) maybe save for later, or c) throw in the trash. Read this article to learn why it’s important to format your resume in a way that allows recruiters and hiring managers to easily scan and identify your qualifications. 
<br/>
<br/>
This is an IBM Careers blog by Kari Coffey. 
<br/>
<br/>
After you complete this activity, return to this page to select <strong>Mark complete</strong> for completion credit. 
<br/>
<br/><strong>Note: </strong>This activity is available only in English.</div>","['Content Provider', 'IBM', 'Learning Domain', 'Workplace skills - Ways of working', 'Learning Domain Primary', 'Professional skills', 'Popular Subjects', 'Career planning']"
https://skills.yourlearning.ibm.com/activity/URL-DE3200DA09D3,career,Webpage,Eight Common Résumé-Writing Mistakes That Keep You From Getting Your Dream Job | IBM Careers blog,5 mins,4332 learners have completed this activity in the past 12 months.,Average rating of 3.5 stars by 366 learners in the past 12 months.,366,"<h2 class=""FullPageDescription_title__WsNdH""><span dir=""ltr"" lang=""en"" translate=""yes"">About this learning activity</span></h2><div dir=""ltr"" lang=""en"" translate=""yes"">Much has been written about the importance of writing a good résumé. In this blog, an IBM recruiter will share common resume mistakes along with tips to avoid them and get the job you want. 
<br/>
<br/>
 This is an IBM Careers blog by Steve Choquette. 
<br/>
<br/>
 After you complete this activity, return to this page to select <strong>Mark complete</strong> for completion credit. 
<br/>
<br/><strong>Note: </strong>This activity is available only in English.</div>","['Content Provider', 'IBM', 'Learning Domain', 'Workplace skills - Workforce readiness', 'Learning Domain Primary', 'Professional skills', 'Popular Subjects', 'Career planning']"
https://skills.yourlearning.ibm.com/activity/URL-7D07DE078E5D,career,Webpage,COVID-19 and Your Job: Tips and Actions to Consider | Indeed,10 mins,493 learners have completed this activity in the past 12 months.,Average rating of 4.5 stars by 18 learners in the past 12 months.,18,"<h2 class=""FullPageDescription_title__WsNdH""><span dir=""ltr"" lang=""en"" translate=""yes"">About this learning activity</span></h2><div dir=""ltr"" lang=""en"" translate=""yes"">This article offers actionable steps you can take to position yourself for success during an unpredictable and challenging season. The sections include: 
<ul>
<li>Staying productive during COVID-19 
  <ul>
<li>If you’re currently searching for a job…</li>
<li>If you need gig work fast…</li>
<li>If your company has asked you to work from home...</li>
</ul></li>
<li>Tips for staying positive</li>
</ul>This article is presented by <a href=""https://www.indeed.com/career-advice/"" rel=""noopener noreferrer nofollow"" target=""_blank"">Indeed Career Guide</a>. 
<br/>
<br/>
After you complete this activity, return to this page to select <strong>Mark complete</strong> for completion credit. 
<br/>
<br/><strong>Note</strong>: This activity is available only in English.</div>","['Learning Domain', 'Workplace skills - Workforce readiness', 'Learning Domain Primary', 'Professional skills']"
https://skills.yourlearning.ibm.com/activity/URL-FE4ED046327F,career,Webpage,Ten Questions You Should Ask in a Job Interview | IBM Careers blog,5 mins,4987 learners have completed this activity in the past 12 months.,Average rating of 3 stars by 109 learners in the past 12 months.,109,"<h2 class=""FullPageDescription_title__WsNdH""><span dir=""ltr"" lang=""en"" translate=""yes"">About this learning activity</span></h2><div dir=""ltr"" lang=""en"" translate=""yes"">Whether you're searching for your first job, or are an experienced professional looking for that next career step, it's good to learn more about the role or company while at the same time showing your interest for the position. Check out this article on the IBM Careers blog to prepare yourself and get ideas about questions you want answered during the interview. 
<br/>
<br/>
After you complete this activity, return to this page to select <strong>Mark complete</strong> for completion credit. 
<br/>
<br/><strong>Note: </strong>This activity is available only in English.</div>","['Content Provider', 'IBM', 'Learning Domain', 'Workplace skills - Workforce readiness', 'Learning Domain Primary', 'Professional skills', 'Popular Subjects', 'Career planning']"
https://skills.yourlearning.ibm.com/activity/URL-1285CD8772E6,career,Webpage,What does it mean to be digitally literate? | Deakin University,5 mins,16671 learners have completed this activity in the past 12 months.,Average rating of 4.5 stars by 734 learners in the past 12 months.,734,"<h2 class=""FullPageDescription_title__WsNdH""><span dir=""ltr"" lang=""en"" translate=""yes"">About this learning activity</span></h2><div dir=""ltr"" lang=""en"" translate=""yes""><p>We hear a lot about digital literacy. We know it’s important to have the skills to confidently navigate technology but the quest for digital literacy can be kind of vague. Is it enough to be able to search on Google and send emails? Does everyone need to know how to code?<br/><br/>
 Check out this article to learn about what digital literacy means.<br/><br/>
 This article is presented by Deakin University.<br/><br/>
 After you complete this activity, return to this page to select <strong>Mark complete</strong> for completion credit.<br/><br/><strong>Note</strong>: This activity is available only in English.</p></div>","['Learning Domain', 'Workplace skills - Workforce readiness', 'Learning Domain Primary', 'Professional skills']"
https://skills.yourlearning.ibm.com/activity/URL-IV8RSLSI1XO,career,Video,GitHub Tutorial 2020 - Beginner's Training Guide | Anson Alexander,8 mins 11 s,13338 learners have completed this activity in the past 12 months.,Average rating of 4 stars by 209 learners in the past 12 months.,209,"<h2 class=""FullPageDescription_title__WsNdH""><span dir=""ltr"" lang=""en"" translate=""yes"">About this learning activity</span></h2><div dir=""ltr"" lang=""en"" translate=""yes""><p>This beginner's tutorial covers everything you need to know to get up and running on GitHub. You will learn to create new repositories, clone repositories locally, commit changes, and manage project files.<br/><br/>
 This video is presented by Anson Alexander.<br/><br/>
 After you complete this activity, return to this page to select <strong>Mark complete</strong> for completion credit.<br/><br/><strong>Note</strong>: On the video toolbar, go to <strong>Settings</strong>, select <strong>Subtitles</strong>, select <strong>English</strong>, and then select <strong>Auto-Translate</strong> to enable subtitles in a language of your choice from the drop-down.</p></div>","['Areas of Interest', 'Career paths > Web developer']"
https://skills.yourlearning.ibm.com/activity/URL-09B38F6CEC4C,career,Webpage,A Guide to Professionalism in the Workplace | Glassdoor,10 mins,956 learners have completed this activity in the past 12 months.,Average rating of 4.5 stars by 64 learners in the past 12 months.,64,"<h2 class=""FullPageDescription_title__WsNdH""><span dir=""ltr"" lang=""en"" translate=""yes"">About this learning activity</span></h2><div dir=""ltr"" lang=""en"" translate=""yes"">We’ve all heard the word “professionalism,” and we know it’s tied to being professional—but what exactly does that mean? It’s important to understand professionalism, because being professional can take you places in your career—and being unprofessional can cost you your dream job. So, in this guide, we’ll examine what professionalism looks like in the workplace, how to demonstrate it, and the big dos and don’ts of being professional.
<br/>
<br/>
This article is presented by Glassdoor.
<br/>
<br/>
After you complete this activity, return to this page to select <strong>Mark complete</strong> for completion credit.
<br/>
<br/><strong>Note</strong>: This activity is available only in English.</div>","['Learning Domain', 'Workplace skills - Workforce readiness', 'Learning Domain Primary', 'Professional skills', 'Lightcast Skills Taxonomy', 'Professionalism Skill']"
https://skills.yourlearning.ibm.com/activity/URL-695E390F0913,career,Webpage,How to Write A Cover Letter | Glassdoor,15 mins,3329 learners have completed this activity in the past 12 months.,Average rating of 4 stars by 47 learners in the past 12 months.,47,"<h2 class=""FullPageDescription_title__WsNdH""><span dir=""ltr"" lang=""en"" translate=""yes"">About this learning activity</span></h2><div dir=""ltr"" lang=""en"" translate=""yes""><p>The cover letter is a tool to help introduce yourself in a memorable, personal way during a job application. A well-crafted cover letter goes over information on your resume and expands this information for the reader, taking them on a guided journey of some of your greatest career and life achievements. This online guide's sections include:</p>
<ul>
<li>What is a Cover Letter?</li>
<li>What to Include in Your Cover Letter?</li>
<li>What to Leave Off a Cover Letter?</li>
<li>How to Submit a Cover Letter?</li>
<li>Learn More!</li>
</ul>This article is presented by <a href=""https://www.glassdoor.com/index.htm"" rel=""noopener noreferrer nofollow"" target=""_blank"">Glassdoor</a>. 
<br/>
<br/>
When you complete the article, be sure to return to this Your Learning activity page to select <strong>Mark Complete</strong> for completion credit. 
<br/>
<br/><strong>Note</strong>: This activity is available only in English.</div>","['Learning Domain', 'Workplace skills - Workforce readiness', 'Learning Domain Primary', 'Professional skills']"
https://skills.yourlearning.ibm.com/activity/URL-F4581B71B0F5,career,Webpage,How to Succeed in a Virtual Interview | Indeed,10 mins,648 learners have completed this activity in the past 12 months.,Average rating of 4 stars by 55 learners in the past 12 months.,55,"<h2 class=""FullPageDescription_title__WsNdH""><span dir=""ltr"" lang=""en"" translate=""yes"">About this learning activity</span></h2><div dir=""ltr"" lang=""en"" translate=""yes"">Many companies still need to make hiring decisions during difficult COVID-19 times. Phone and video interviews are becoming a widespread solution. In this article, we will review the best ways to be successful during your next virtual interview. The sections include: 
<ul>
<li>What is a virtual interview?</li>
<li>Perfecting your virtual interview to decrease the impact of COVID-19</li>
</ul>This article is presented by <a href=""https://www.indeed.com/career-advice/"" rel=""noopener noreferrer nofollow"" target=""_blank"">Indeed Career Guide</a>. 
<br/>
<br/>
After you complete this activity, return to this page to select <strong>Mark complete</strong> for completion credit. 
<br/>
<br/><strong>Note</strong>: This activity is available only in English.</div>","['Learning Domain', 'Workplace skills - Ways of working', 'Learning Domain Primary', 'Professional skills']"
https://skills.yourlearning.ibm.com/activity/URL-5D6420CF2EA3,career,Webpage,The Art Of Working Remotely: How To Ensure Productivity | Forbes,10 mins,313 learners have completed this activity in the past 12 months.,Average rating of 4.5 stars by 5 learners in the past 12 months.,5,"<h2 class=""FullPageDescription_title__WsNdH""><span dir=""ltr"" lang=""en"" translate=""yes"">About this learning activity</span></h2><div dir=""ltr"" lang=""en"" translate=""yes""><p>Working remotely isn’t a new concept. People in all kinds of career fields have been doing it for years. Once on your own, you may find yourself floundering a bit to stay productive. Here are some tips to set yourself up for success.<br/><br/>
 This is a Forbes article by H.V. MacArthur.<br/><br/>
 When you complete the article, be sure to return to this Your Learning activity page to select <strong>Mark Complete</strong> for completion credit.<br/><br/><strong>Note</strong>: This activity is available only in English.</p></div>","['Learning Domain', 'Workplace skills - Ways of working', 'Learning Domain Primary', 'Professional skills']"
https://skills.yourlearning.ibm.com/activity/ALM-COURSE_3822997,career,eLearning,Digital Literacy and Accessing Future Careers,25 mins,1140 learners have completed this activity in the past 12 months.,Average rating of 4.5 stars by 49 learners in the past 12 months.,49,"<h2 class=""FullPageDescription_title__WsNdH""><span dir=""ltr"" lang=""en"" translate=""yes"">About this learning activity</span></h2><div dir=""ltr"" lang=""en-us"" translate=""yes""><p>In this module, you’ll learn about the impact of digital literacy on the job market. You’ll explore the digital literacy skills necessary for various career paths and understand the impact of emerging technologies on different industries.</p><p> </p><p><strong>What you’ll learn</strong></p><ul><li>Explain how key digital literacy skills affect employee performance in the job market</li><li>Describe the digital literacy skills necessary for different career paths</li><li>Understand the benefits of emerging technologies in various industries</li></ul><p> </p><p><strong>Lesson</strong></p><ul><li>Impact of digital literacy</li></ul></div>","['Badge Learning', 'Digital Literacy', 'Learning Domain', 'Workplace skills - Workforce readiness']"
https://skills.yourlearning.ibm.com/activity/URL-422852487287,career,Webpage,How to find a job during the coronavirus pandemic | Monster.com,10 mins,255 learners have completed this activity in the past 12 months.,Average rating of 4.5 stars by 9 learners in the past 12 months.,9,"<h2 class=""FullPageDescription_title__WsNdH""><span dir=""ltr"" lang=""en"" translate=""yes"">About this learning activity</span></h2><div dir=""ltr"" lang=""en"" translate=""yes"">The coronavirus pandemic has not only had a significant impact on the global economy but also your job search. Right now, there's a lot of uncertainty about what the national and global impact will be on hiring, but there are ways you can stay positive and proactive about job searching during this tumultuous time. 
<br/>
<br/>
This article is presented by <a href=""https://www.monster.com/career-advice/job-search-advice/tools-resources"" rel=""noopener noreferrer nofollow"" target=""_blank"">Monster Tools &amp; Resources</a> and authored by Elana Lyn Gross. 
<br/>
<br/>
After you complete this activity, return to this page to select <strong>Mark complete</strong> for completion credit. 
<br/>
<br/><strong>Note</strong>: This activity is available only in English.</div>","['Learning Domain', 'Workplace skills - Workforce readiness']"
https://skills.yourlearning.ibm.com/activity/URL-7A53BBD51114,career,eLearning,Conversations and interviews | The Open University,5 hrs,715 learners have completed this activity in the past 12 months.,Average rating of 4.5 stars by 12 learners in the past 12 months.,12,"<h2 class=""FullPageDescription_title__WsNdH""><span dir=""ltr"" lang=""en"" translate=""yes"">About this learning activity</span></h2><div dir=""ltr"" lang=""en"" translate=""yes"">This is an intermediate level, free course offered by <a href=""https://www.open.edu/openlearn/"" rel=""noopener noreferrer nofollow"" target=""_blank""><strong>OpenLearn</strong></a>. It explores how to ask and answer questions in interviews and conversations. 
<br/>
<br/><strong>Duration</strong>: 5 hours 
<br/><strong>Registering</strong>: You must create an account to sign in. 
<br/><strong>Badging</strong>: Enrolling in the course will give you the opportunity to earn an Open University digital badge. Badges are not accredited by The Open University, but they're a great way to demonstrate your interest in the subject and commitment to your career, and to provide evidence of continuing professional development. 
<br/><strong>Language</strong>: This course is available only in English. 
<br/><strong>Download</strong>: You can take the course online or there are options to download the course for use offline or for other devices 
<br/><strong>Learning outcomes you can expect</strong>: 
<ul>
<li>Understand the various ways of gathering information by asking people questions.</li>
<li>Understand how to decide between the different types of interview.</li>
<li>Develop the skills needed for approaching different types of interviews.</li>
</ul> After you complete this activity, return to this page to select <strong>Mark complete</strong> for completion credit.</div>","['Learning Domain', 'Workplace skills - Ways of working', 'Learning Domain Primary', 'Professional skills']"
https://skills.yourlearning.ibm.com/activity/URL-XKU7LMPGC_O,career,Video,3 Popular Cybersecurity Jobs and How to Get One | CompTIA,6 mins 10 s,514 learners have completed this activity in the past 12 months.,Average rating of 5 stars by 17 learners in the past 12 months.,17,"<h2 class=""FullPageDescription_title__WsNdH""><span dir=""ltr"" lang=""en"" translate=""yes"">About this learning activity</span></h2><div dir=""ltr"" lang=""en"" translate=""yes""><p>Do you want to get into cybersecurity? If you’re intrigued but wondering what cybersecurity jobs are out there, how much money you could make and how to get one, check out this video from Zach Hill of I.T. Career Questions. He’s partnered with CompTIA to highlight three popular cybersecurity jobs and teach you how to get into cybersecurity with IT training and certifications from CompTIA. Zach describes three in-demand cybersecurity jobs and highlights the CompTIA cybersecurity certifications that employers look for:</p>
<ul>
<li>Cybersecurity analyst</li>
<li>Penetration tester</li>
<li>Security operations center (SOC) analyst</li>
</ul>This video is presented by CompTIA. 
<br/>
<br/>
After you complete this activity, return to this page to select <strong>Mark complete</strong> for completion credit. 
<br/>
<br/><strong>Note</strong>: On the video toolbar, go to <strong>Settings</strong>, <strong> </strong>select <strong>Subtitles</strong>, <strong> </strong>select <strong>English</strong>, and then select <strong>Auto-Translate</strong> to enable subtitles in a language of your choice from the drop-down.</div>","['Learning Domain', 'Technical skills - Cybersecurity', 'Learning Domain Primary', 'Cybersecurity', 'Lightcast Skills Taxonomy', 'Cyber Security Skill']"
https://skills.yourlearning.ibm.com/activity/URL-9CDF89BF45B6,career,Video,IBM SkillsBuild Presents: How to Make Your Application Video a Success,1 hr,1388 learners have completed this activity in the past 12 months.,Average rating of 4.5 stars by 18 learners in the past 12 months.,18,"<h2 class=""FullPageDescription_title__WsNdH""><span dir=""ltr"" lang=""en"" translate=""yes"">About this learning activity</span></h2><div dir=""ltr"" lang=""en"" translate=""yes"">Learn why recruiters appreciate job application videos and what you should look for in your job application video.
<br/>
<br/><strong>About this event: </strong>Before COVID-19, job application videos were already a trend, and now this trend is even stronger. Making a video is easy, but application videos have their own rules. What do you have to consider and how do you best present yourself to your potential employer in an application video?
<br/>
  
<br/>
 In this webinar replay, you will: 
<ul>
<li>Learn from a personal professional story, including the ups and the downs</li>
<li>Explore motivators and successful strategies during challenging times in a career</li>
<li>Understand the kind of skills and mindset that people manager expect from their team and how job seekers can showcase those during a job interview</li>
<li>Get insights into IBM Corporate Social Responsibility (CSR) education programs that help job seekers to succeed</li>
</ul>
<br/>
   <strong>Language: </strong>English
<br/>
<br/>
 After you complete this activity, return to this page to select <strong>Mark complete</strong> for completion credit.</div>","['Learning Domain', 'Workplace skills - Workforce readiness']"
https://skills.yourlearning.ibm.com/activity/URL-BEFD8BE213B2,career,eLearning,Using voluntary work to get ahead in the job market | The Open University,12 hrs,446 learners have completed this activity in the past 12 months.,Average rating of 4.5 stars by 14 learners in the past 12 months.,14,"<h2 class=""FullPageDescription_title__WsNdH""><span dir=""ltr"" lang=""en"" translate=""yes"">About this learning activity</span></h2><div dir=""ltr"" lang=""en"" translate=""yes"">This is an introductory, free course offered by <a href=""https://www.open.edu/openlearn/"" rel=""noopener noreferrer nofollow"" target=""_blank""><strong>OpenLearn</strong></a>. It will help you understand using voluntary work to get ahead in the job market. It explores how engaging in voluntary work can enhance your employment opportunities. 
<br/>
<br/><strong>Duration</strong>: 12 hours 
<br/><strong>Registering</strong>: You must create an account to sign in. 
<br/><strong>Badging</strong>: Enrolling in the course will give you the opportunity to earn an Open University digital badge. Badges are not accredited by The Open University, but they're a great way to demonstrate your interest in the subject and commitment to your career, and to provide evidence of continuing professional development. 
<br/><strong>Language</strong>: This course is available only in English. 
<br/><strong>Download</strong>: You can take the course online or there are options to download the course for use offline or for other devices 
<br/><strong>Learning outcomes you can expect</strong>: 
<ul>
<li>Identify your objectives.</li>
<li>Assess what you have to offer.</li>
<li>Balance these against a practical framework of your personal circumstances.</li>
<li>Explore a range of reference sources to select what is most relevant.</li>
<li>Prepare an action plan, including evaluation of achievements.</li>
<li>Produce ongoing strategies to develop your voluntary work.</li>
<li>Understand employers’ requirements and match the skills you acquire.</li>
<li>Articulate and present the evidence of these skills effectively in job seeking.</li>
</ul> After you complete this activity, return to this page to select <strong>Mark complete</strong> for completion credit.</div>","['Learning Domain', 'Workplace skills - Workforce readiness', 'Learning Domain Primary', 'Professional skills']"
https://skills.yourlearning.ibm.com/activity/ILB-DNDYZZQEVNRG1Q4N,career,eLearning,The Ultimate Guide To Report Writing,2 hrs 2 mins,504 learners have completed this activity in the past 12 months.,Average rating of 4.5 stars by 25 learners in the past 12 months.,25,"<h2 class=""FullPageDescription_title__WsNdH""><span dir=""ltr"" lang=""en"" translate=""yes"">About this learning activity</span></h2><div dir=""ltr"" lang=""en"" translate=""yes""><p>Do you know what constitutes to the essentials for building a strong foundation for a professional career? </p>
<p>This is a beginner level course that will teach you the art and science of building a strong foundation for a professional career. </p>
<p>The course covers:</p>
<ul>
<li>Understanding and writing different types of reports.</li>
<li>Assessing a problem statement and proposing a feasible solution to the same.</li>
<li>Using effective structure and format for the ease of a reader's understanding.</li>
</ul>
<p>After completion of this course, you will be proficient in curating Professional reports. </p>
<p><strong>Content creation</strong></p>
<p>The content in this course has been created in partnership with <a href=""https://www.wordsmaya.com/"" rel=""noopener noreferrer nofollow"" target=""_blank"">WordsMaya</a></p>
<p><strong>Content Presenter</strong></p>
<p>Ms. Tejaswini Ballal</p>
<p><strong>Content On-boarding</strong></p>
<p>The content in this course has been on-boarded by <a href=""https://csrbox.org/"" rel=""noopener noreferrer nofollow"" target=""_blank"">CSRBOX</a></p>
<p></p></div>","['Lightcast Skills Taxonomy', 'Content Creation Skill']"
https://skills.yourlearning.ibm.com/activity/URL-HZYDVZCKSA8,career,Video,Robotic Process Automation Tutorial | RPA Tutorial For Beginners | Robotic Process Automation Course,6 hrs 56 mins,31 learners have completed this activity in the past 12 months.,Average rating of 4.5 stars by 9 learners in the past 12 months.,9,"<h2 class=""FullPageDescription_title__WsNdH""><span dir=""ltr"" lang=""en"" translate=""yes"">About this learning activity</span></h2><div dir=""ltr"" lang=""en"" translate=""yes""><p>In this Robotic Process Automation Tutorial, you will learn what is RPA robotic process automation, why RPA, roles &amp; responsibilities of an RPA developer, RPA tools, RPA life cycle, RPA Tools Comparison, UiPath tutorial along with hands-on demo and interview questions in detail. This is a must-watch video for every IT professional who wishes to learn and make a career in RPA.<br/><br/>Once you have watched the video, come back to this page and click on ""Mark complete"" for completion credit. </p></div>","['Learning Domain', 'Technical skills - Information Technology']"
https://skills.yourlearning.ibm.com/activity/URL-53B69486436E,career,eLearning,CV Workshop for Tech Careers: Webinar Link,30 mins,63 learners have completed this activity in the past 12 months.,Average rating of 5 stars by 2 learners in the past 12 months.,2,"<h2 class=""FullPageDescription_title__WsNdH""><span dir=""ltr"" lang=""en"" translate=""yes"">About this learning activity</span></h2><div dir=""ltr"" lang=""en"" translate=""yes""><em><strong>""Unlock Your Career Potential: Join Our CV Workshop for Tech Careers!""</strong></em>
<br/>
<br/><strong><em><em>Access here the link to join the webinar: click on Go to Activity.</em><br/><br/><em>5th March 2024, 3pm UK time</em></em></strong>
<br/>
<br/><em>Embark on a transformative journey toward a thriving tech career with our CV Workshop by IBM SkillsBuild. In this dynamic and engaging webinar, we'll delve into the art of crafting a compelling curriculum vitae that not only showcases your skills and experiences but also grabs the attention of tech recruiters. IBM will share invaluable insights, insider tips, and proven strategies to help you stand out in a competitive job market. Whether you're a seasoned professional or a recent graduate, this workshop is tailored to elevate your CV to new heights. Don't miss this opportunity to boost your career prospects and gain the edge you need in the ever-evolving tech landscape. Reserve your spot now and pave the way for a successful and fulfilling tech career!</em></div>",[]
https://skills.yourlearning.ibm.com/activity/URL-667C32B170F1,career,Webpage,Survey: The Top 8 Concerns of People Around the Impact of COVID-19 | Indeed,10 mins,314 learners have completed this activity in the past 12 months.,Average rating of 4 stars by 10 learners in the past 12 months.,10,"<h2 class=""FullPageDescription_title__WsNdH""><span dir=""ltr"" lang=""en"" translate=""yes"">About this learning activity</span></h2><div dir=""ltr"" lang=""en"" translate=""yes"">Two of the top five most stressful events in a person’s life are major illness or injury and job loss. Over the past several weeks, COVID-19 has continued to spread around the globe and challenges we face can cause stress, confusion, and a significant burden on millions of people. Indeed conducted a survey about the impact of COVID-19. 
<br/>
<br/>
In this article, we will review how people are feeling in various situations and provide ways to help out and tips for navigating changes in your life in the midst of COVID-19. The sections include: 
<ul>
<li>Dealing with the impact of COVID-19 
  <ul>
<li>If you’ve experienced a job loss…</li>
<li>If you’re already searching for jobs or want to change jobs…</li>
<li>If you’re working from home…</li>
<li>If you’re unable to work from home...</li>
</ul></li>
<li>How to help others</li>
</ul>This article is presented by <a href=""https://www.indeed.com/career-advice/"" rel=""noopener noreferrer nofollow"" target=""_blank"">Indeed Career Guide</a>. 
<br/>
<br/>
After you complete this activity, return to this page to select <strong>Mark complete</strong> for completion credit. 
<br/>
<br/><strong>Note</strong>: This activity is available only in English.</div>",[]
https://skills.yourlearning.ibm.com/activity/ALM-COURSE_3822942,career,eLearning,Focus Your Direction with Workplace Research,2 hrs 30 mins,901 learners have completed this activity in the past 12 months.,Average rating of 4.5 stars by 35 learners in the past 12 months.,35,"<h2 class=""FullPageDescription_title__WsNdH""><span dir=""ltr"" lang=""en"" translate=""yes"">About this learning activity</span></h2><div dir=""ltr"" lang=""en-us"" translate=""yes""><p>In this module, you’ll identify and evaluate roles and companies that might interest you and find new ways to apply your skills. You will learn to use artificial intelligence, or AI, for various aspects of your job search and create an impactful resume. </p><p> </p><p><strong>What you’ll learn</strong><br/>After completing this module, you should be able to:</p><ul><li>Describe the workplace research process</li><li>Explain how to identify, list, and assess skills</li><li>Identify job roles based on skills and experience</li><li>Identify aspects that matter in a workplace</li><li>Identify the importance of networking</li><li>Describe how to research workplaces based on preferences</li></ul><p> </p><p><strong>Lessons</strong></p><ol><li>Research companies and roles</li><li>Identify a job role you and employers want</li><li>Turn your skills into job roles</li><li>Identify what you value in a workplace</li><li>Uncover real opportunities now</li><li>Focus your direction with workplace research</li></ol></div>","['Badge Learning', 'Career Management Essentials', 'Learning Domain', 'Workplace skills - Workforce readiness', 'Learning Domain Primary', 'Professional skills']"
https://skills.yourlearning.ibm.com/activity/URL-C3C0087C7428,career,eLearning,Succeed in the workplace | The Open University,24 hrs,611 learners have completed this activity in the past 12 months.,Average rating of 3.5 stars by 41 learners in the past 12 months.,41,"<h2 class=""FullPageDescription_title__WsNdH""><span dir=""ltr"" lang=""en"" translate=""yes"">About this learning activity</span></h2><div dir=""ltr"" lang=""en"" translate=""yes"">This is an introductory, free course offered by <a href=""https://www.open.edu/openlearn/"" rel=""noopener noreferrer nofollow"" target=""_blank""><strong>OpenLearn</strong></a>. Do you want to change jobs? Are you just starting in the job market? Are you returning to work after a break? If so, this course will help you explore career opportunities by starting from you, not the job — getting to know yourself and what you value are the foundations of your career planning. You will gain the skills to write strong CVs and application forms, and to handle different types of interviews. By the end of the course, you will have made a start on your own realistic and robust action plan to enable you to find a job that will fulfil your aspirations and suit your lifestyle. 
<br/>
<br/><strong>Duration</strong>: 24 hours 
<br/><strong>Registering</strong>: You must create an account to sign in. 
<br/><strong>Badging</strong>: Enrolling in the course will give you the opportunity to earn an Open University digital badge. Badges are not accredited by The Open University, but they're a great way to demonstrate your interest in the subject and commitment to your career, and to provide evidence of continuing professional development. 
<br/><strong>Language</strong>: This course is available only in English. 
<br/><strong>Download</strong>: You can take the course online or there are options to download the course for use offline or for other devices 
<br/><strong>Learning outcomes you can expect</strong>: 
<ul>
<li>Reflect on your interests and values and how these are relevant to your career choice.</li>
<li>Understand the value of your networks in career planning.</li>
<li>Develop the skills to write strong job applications and CVs.</li>
<li>Recognise different interview situations and questions, and know how to approach these.</li>
<li>Produce a realistic personal action plan.</li>
</ul> After you complete this activity, return to this page to select <strong>Mark complete</strong> for completion credit.</div>","['Learning Domain', 'Workplace skills - Workforce readiness']"
https://skills.yourlearning.ibm.com/activity/URL-B31A7E28805D,career,Video,IBM SkillsBuild Presents: How to Succeed in a Digital Job Interview,54 mins,807 learners have completed this activity in the past 12 months.,Average rating of 4.5 stars by 40 learners in the past 12 months.,40,"<h2 class=""FullPageDescription_title__WsNdH""><span dir=""ltr"" lang=""en"" translate=""yes"">About this learning activity</span></h2><div dir=""ltr"" lang=""en"" translate=""yes"">Learn about the similarities and differences between a face-to-face and a digital job interview!
<br/>
<br/><strong>About this event: </strong>Although digital job interviews are similar to face-to-face interviews, they have their challenges and stumbling blocks. While in a face-to-face interview, you might score with your natural presence; in a digital interview, this is more difficult. Even if you're used to video conferencing, a digital job interview may bring uncertainty.
<br/>
<br/>
 In this webinar replay, you will: 
<ul>
<li>Learn about the difference between a face-to-face interview and a digital job interview</li>
<li>Get insights into how recruiters assess a digital job interview</li>
<li>Get to know pitfalls in a digital job interview</li>
<li>Explore how to best prepare for a digital job interview</li>
</ul>
<br/><strong>About the presenter: </strong> <strong>Helen Sherwood</strong> is IBM's University and School Leavers Placement Scheme Leader in the UK. In this role, Helen has the pleasure of identifying potential at the point of application, and seeing 200 students a year finish their year with a clear understanding of their skills, passions, and career direction, and many with graduate or apprentice job offers. Helen firmly believes in an open-mindset, and has reinvented herself as new roles came along. Starting her career in banking, the path to early professional management arrived by saying ""yes"" and taking opportunites as they were earned.
<br/>
<br/>
 Helen's been a speaker for the ""Early Careers Podcast"" and a panellist on many webinars for The Institute of Student Employers, Rate My Placement, and numerous universities. Helen is an integral part of IBM's award-winning Movement to Work program. She is very experienced with digital job interviews and has interviewed over 1200 candidates, and reviewed more than 10,000 applications. She prides herself on the ability to spot potential, and feels that attitude and aptitude are the winning combination in her most successful students.
<br/>
<br/><strong>Language:</strong> English
<br/>
<br/>
 After you complete this activity, return to this page to select <strong>Mark complete</strong> for completion credit.</div>","['Learning Domain', 'Workplace skills - Workforce readiness', 'Lightcast Skills Taxonomy', 'Management Skill']"
https://skills.yourlearning.ibm.com/activity/URL-C10D3E095F90,career,eLearning,Effective communication in the workplace | The Open University,24 hrs,28653 learners have completed this activity in the past 12 months.,Average rating of 4 stars by 472 learners in the past 12 months.,472,"<h2 class=""FullPageDescription_title__WsNdH""><span dir=""ltr"" lang=""en"" translate=""yes"">About this learning activity</span></h2><div dir=""ltr"" lang=""en"" translate=""yes"">This is an introductory, free course offered by <a href=""https://www.open.edu/openlearn/"" rel=""noopener noreferrer nofollow"" target=""_blank""><strong>OpenLearn</strong></a>. You will explore the importance of communication as a skill in the workplace. The course aims to increase your understanding of communication skills and to help you to consider how your communication could be perceived by others. It covers areas such as verbal and non-verbal communication, written communication, and using your communication skills in challenging and diverse situations. You'll also look at possible scenarios for communication in the future, ranging from remote working to virtual reality. 
<br/>
<br/>
Each week you'll have an opportunity to reflect on your own communication skills, setting goals to improve them. 
<br/>
<br/><strong>Duration</strong>: 24 hours 
<br/><strong>Registering</strong>: You must create an account to sign in. 
<br/><strong>Badging</strong>: Enrolling in the course will give you the opportunity to earn an Open University digital badge. Badges are not accredited by The Open University, but they're a great way to demonstrate your interest in the subject and commitment to your career, and to provide evidence of continuing professional development. 
<br/><strong>Language</strong>: This course is available only in English. 
<br/><strong>Download</strong>: You can take the course online or there are options to download the course for use offline or for other devices. 
<br/><strong>Learning outcomes you can expect</strong>: 
<ul>
<li>Describe different types of communication and how they are used in the workplace<br/>
  recognise the skills required for effective communication.</li>
<li>Understand the impact that communication can have on how people are perceived by others.</li>
<li>Identify how effective communication can overcome challenges in the workplace.</li>
<li>Reflect on current personal communication skills and how these can be developed and used more successfully.</li>
</ul> After you complete this activity, return to this page to select <strong>Mark complete</strong> for completion credit.</div>","['Learning Domain', 'Workplace skills - Workforce readiness', 'Learning Domain Primary', 'Professional skills', 'Lightcast Skills Taxonomy', 'Writing Skill', 'Communications Skill']"
https://skills.yourlearning.ibm.com/activity/URL-64DEE7D31890,career,Webpage,How to Write a Resume | Glassdoor,10 mins,39803 learners have completed this activity in the past 12 months.,Average rating of 4.5 stars by 555 learners in the past 12 months.,555,"<h2 class=""FullPageDescription_title__WsNdH""><span dir=""ltr"" lang=""en"" translate=""yes"">About this learning activity</span></h2><div dir=""ltr"" lang=""en"" translate=""yes""><p>Let’s face it: writing a resume can be intimidating. And the pressure to make it really sing can make the prospect of putting fingers to keyboard that much scarier. But writing the perfect resume doesn’t have to be terrifying. In fact, it can be easy — if you know what you’re doing. That’s what this guide is for. We’ll take you through all the essential steps of crafting this career document, from how to structure its many sections to how to make sure a spelling error doesn’t sneak in. The sections include:</p>
<ul>
<li>What Is a Resume?</li>
<li>Common Types of Resumes</li>
<li>How to Structure Your Resume</li>
<li>Design &amp; Formatting Tips</li>
<li>How to Edit Your Resume</li>
<li>Learn More!</li>
</ul>This article is presented by <a href=""https://www.glassdoor.com/index.htm"" rel=""noopener noreferrer nofollow"" target=""_blank"">Glassdoor</a>. 
<br/>
<br/>
When you complete the article, be sure to return to this Your Learning activity page to select <strong>Mark Complete</strong> for completion credit. 
<br/>
<br/><strong>Note</strong>: This activity is available only in English.</div>","['Learning Domain', 'Workplace skills - Workforce readiness', 'Learning Domain Primary', 'Professional skills']"
https://skills.yourlearning.ibm.com/activity/URL-48DFEB48F16C,career,eLearning,Apprenez à programmer avec JavaScript,15 hrs,40 learners have completed this activity in the past 12 months.,Average rating of 5 stars by 2 learners in the past 12 months.,2,"<h2 class=""FullPageDescription_title__WsNdH""><span dir=""ltr"" lang=""en"" translate=""yes"">About this learning activity</span></h2><div dir=""ltr"" lang=""fr"" translate=""yes""><p>Pour créer des programmes d'ordinateur ou bâtir l'application de vos rêves, vous devez savoir comment coder dans un langage de programmation. Les applications s'appuient sur des données et une logique pour accomplir leur magie, et cela exige qu'un programmeur - vous - indique à l'ordinateur ce qu'il faut faire et comment. Mais comment écrire des applications, au fait ? Où commencer ?<br/>
 Ce cours est conçu pour vous enseigner les bases du langage de programmation JavaScript et pour vous apporter beaucoup de pratique au passage ! Nous nous intéresserons à :<br/>
 - comment structurer et regrouper des informations dans votre appli avec des types de données ;<br/>
 - comment utiliser la logique de programmation pour que votre application fasse ce que vous en attendez ;<br/>
 - comment gérer les erreurs et permettre à votre appli de communiquer ;<br/>
 - comment écrire un code lisible, de façon à pouvoir plus facilement modifier, maintenir et partager vos applis.<br/>
 Vous appliquerez toutes ces connaissances pour bâtir des fonctionnalités réelles d'une appli JavaScript sur l'ensemble de ce cours. Prêt à découvrir toutes les choses passionnantes que vous pouvez faire avec du code JavaScript ?  Rejoignez-nous dans le premier chapitre !<br/><br/><br/>
 Ce Mooc est proposé par Open Class Room. <br/>
 Après avoir complété cette activité, assurez-vous de retourner sur la page d'activité Your Learning pour cocher la case ""Complété"" afin d'indiquer la réalisation de l'apprentissage. <br/>
 Note : cette activité est uniquement disponible en français. </p></div>","['Areas of Interest', 'Career paths > Web developer', 'Essential skills > Agile methodology', 'Essential skills > Design thinking', 'Learning Domain', 'Workplace skills - Ways of working']"
https://skills.yourlearning.ibm.com/activity/URL-21EFC61DEF51,career,eLearning,Préparez-vous aux tests techniques pour devenir développeur,4 hrs,24 learners have completed this activity in the past 12 months.,Average rating of 4 stars by 1 learner in the past 12 months.,1,"<h2 class=""FullPageDescription_title__WsNdH""><span dir=""ltr"" lang=""en"" translate=""yes"">About this learning activity</span></h2><div dir=""ltr"" lang=""fr"" translate=""yes""><p>Vous êtes étudiant ou salarié et vous êtes à la recherche d’un stage ou d’un emploi en tant que développeur ou développeuse ? Si c'est le cas, il y a fort à parier que vous allez devoir passer par la case ""test technique"".<br/>
 Le problème, c’est que vous ne savez pas vraiment ce que c'est, de quoi il retourne et comment vous y préparer ? Rassurez-vous, vous êtes au bon endroit. Je m'appelle Thomas, je suis développeur aujourd'hui et tout comme vous, je suis aussi passé par l'étape des tests techniques. <br/>
 Ensemble, nous verrons quand ont lieu les tests techniques dans le processus de recrutement, les différents types de tests techniques, et les attitudes à adopter pour être un super candidat. Je partagerai beaucoup de conseils avec vous, et de nombreuses ressources complémentaires pour vous aider à les préparer.<br/><br/><br/>
 Ce Mooc est proposé par Open Class Room. <br/>
 Après avoir complété cette activité, assurez-vous de retourner sur la page d'activité Your Learning pour cocher la case ""Complété"" afin d'indiquer la réalisation de l'apprentissage. <br/>
 Note : cette activité est uniquement disponible en français. </p></div>","['Areas of Interest', 'Professional skills > Problem solving', 'Essential skills > Design thinking', 'Essential skills > Agile methodology', 'Professional skills > Digital literacy', 'Career paths > Web developer', 'Career paths > Full stack web developer', 'Professional skills > Career planning', 'Learning Domain', 'Workplace skills - Ways of working', 'Learning Domain Primary', 'Professional skills']"
https://skills.yourlearning.ibm.com/activity/ALM-COURSE_3822945,career,eLearning,Ace Your Professional Interview,4 hrs 20 mins,613 learners have completed this activity in the past 12 months.,Average rating of 4.5 stars by 14 learners in the past 12 months.,14,"<h2 class=""FullPageDescription_title__WsNdH""><span dir=""ltr"" lang=""en"" translate=""yes"">About this learning activity</span></h2><div dir=""ltr"" lang=""en-us"" translate=""yes""><p>In this module, you’ll learn how to refresh your knowledge about the company you are interviewing with and connect your qualifications and skills with job requirements. You’ll learn how to respond to commonly asked questions, using the STAR method to frame your answers, and how to prepare for in-person and virtual interviews. Finally, you’ll learn to identify the content, timing, and format of follow-up messages to send after interviews.</p><p> </p><p><strong>What you’ll learn</strong><br/>After completing this module, you should be able to:</p><ul><li>Explain how you can refresh what you know about the company</li><li>Describe how to connect your qualifications and skills with job requirements</li><li>Identify how to respond to the three tough questions asked in interviews</li><li>Identify ways to answer common interview questions</li><li>Describe the steps to using the STAR approach to answer behavioral questions</li><li>Describe how to prepare for in-person and virtual interviews</li><li>Identify the content, timing, and format of the follow-up message</li></ul><p> </p><p><strong>Lessons</strong></p><ol><li>Review the company</li><li>Review the job</li><li>Plan answers to three tough questions</li><li>Practice answering common questions</li><li>Practice answering behavioral questions</li><li>Plan your interview day</li><li>Follow up after the interview</li></ol></div>","['Badge Learning', 'Career Management Essentials', 'Learning Domain', 'Workplace skills - Workforce readiness', 'Learning Domain Primary', 'Professional skills']"
https://skills.yourlearning.ibm.com/activity/URL-A7A81EE72408,career,eLearning,Learning LinkedIn | LinkedIn,1 hr 28 mins,3083 learners have completed this activity in the past 12 months.,Average rating of 4.5 stars by 671 learners in the past 12 months.,671,"<h2 class=""FullPageDescription_title__WsNdH""><span dir=""ltr"" lang=""en"" translate=""yes"">About this learning activity</span></h2><div dir=""ltr"" lang=""en"" translate=""yes"">This is an introductory course offered by LinkedIn that is designed to help you develop a better understanding of the LinkedIn platform so you can use it to your benefit. 
<br/>
<br/>
By harnessing the power of the LinkedIn platform, you can tap into an expansive network of professionals, companies, and groups in your industry and beyond. In this course, discover how to make the most of your LinkedIn account. Follow Oliver Schinkten as he explains how to build a stellar LinkedIn profile, and shares how to expand your network, look for new career opportunities, join groups, share updates, and contribute your own thought leadership. Plus, Oliver explores privacy settings and account types. Upon wrapping up this course, you'll have the tools you need to grow your career by leveraging LinkedIn. 
<br/>
<br/>
There are short quizzes at the end of each chapter to check for your understanding and reinforce key concepts. You can review your results, get clarification by asking a question on Q&amp;A, or move on to the next chapter. There is also an exam at the end of the course. 
<br/>
<br/>
When you complete the course, be sure to return to this Your Learning activity page to select <strong>Mark Complete </strong>for completion credit. 
<br/>
<br/><strong>Note</strong>: This activity is available only in English.</div>","['Learning Domain', 'Workplace skills - Workforce readiness', 'Learning Domain Primary', 'Professional skills']"
https://skills.yourlearning.ibm.com/activity/ALM-COURSE_3822944,career,eLearning,Create a Great Professional Resume,2 hrs 50 mins,663 learners have completed this activity in the past 12 months.,Average rating of 4.5 stars by 22 learners in the past 12 months.,22,"<h2 class=""FullPageDescription_title__WsNdH""><span dir=""ltr"" lang=""en"" translate=""yes"">About this learning activity</span></h2><div dir=""ltr"" lang=""en-us"" translate=""yes""><p>In this module, you’ll learn about the resume application process and how application tracking systems work. You’ll learn to showcase your education, experience, and skills in a way that catches attention, even if you’re just starting your career. The module covers modern resume elements such as certifications and activities, and how to tailor a resume for specific jobs, proofread a resume, and use AI tools and technology to enhance a resume, while maintaining authenticity.</p><p> </p><p><strong>What you’ll learn</strong><br/>After completing this module, you should be able to:</p><ul><li>Describe the steps to the resume application process</li><li>Explain how to bypass an application tracking system</li><li>Describe the importance of tailoring a resume</li><li>Identify the content to be included in the various sections of a resume and in additional sections of modern resumes</li><li>List the steps to identify skills</li><li>Describe how to use AI tools to refine and organize your skills</li><li>Identify the ways to proofread a resume and enhance it using tools</li><li>Describe how to use AI to enhance a resume</li></ul><p> </p><p><strong>Lessons</strong></p><ol><li>Building a resume</li><li>Explore a professional resume’s geography</li><li>Create your heading and summary</li><li>Create your education section</li><li>Create your experience section</li><li>List your skills</li><li>Add certifications, activities, and awards</li><li>Fine-tune your resume </li></ol></div>","['Badge Learning', 'Career Management Essentials', 'Learning Domain', 'Workplace skills - Workforce readiness', 'Learning Domain Primary', 'Professional skills']"
https://skills.yourlearning.ibm.com/activity/ALM-COURSE_3822943,career,eLearning,Develop Your Professional Network and Brand,3 hrs 10 mins,1115 learners have completed this activity in the past 12 months.,Average rating of 4.5 stars by 21 learners in the past 12 months.,21,"<h2 class=""FullPageDescription_title__WsNdH""><span dir=""ltr"" lang=""en"" translate=""yes"">About this learning activity</span></h2><div dir=""ltr"" lang=""en-us"" translate=""yes""><p>In this module, you’ll learn about professional networks and how to create a work brand. You’ll also learn how to create various sections in a professional profile and generate your resume.</p><p> </p><p><strong>What you’ll learn</strong><br/>After completing this module, you should be able to:</p><ul><li>List the steps to build your work brand on professional social networks</li><li>Describe how to use AI tools for networking and job searches</li><li>Explain the use of AI tools to optimize the education history of a professional profile</li><li>Explain how AI tools can enhance the experiences section of a professional profile</li><li>Describe how AI can enhance the skills section of a professional profile</li><li>Explain how AI can customize your profile resume for different job applications </li></ul><p> </p><p><strong>Lessons</strong></p><ol><li>Professional social networks</li><li>Using your professional social network to create a profile</li><li>Adding education history</li><li>Creating your experiences section</li><li>Creating your skills section</li><li>Using AI tools to generate and tailor your resume</li></ol></div>","['Badge Learning', 'Career Management Essentials', 'Learning Domain', 'Workplace skills - Workforce readiness', 'Learning Domain Primary', 'Professional skills']"
https://skills.yourlearning.ibm.com/activity/ILB-PZXNZVNYYRRQ2188,career,eLearning,Explorations into Mindfulness (Course and Badge),3 hrs,8683 learners have completed this activity in the past 12 months.,Average rating of 4.5 stars by 416 learners in the past 12 months.,416,"<h2 class=""FullPageDescription_title__WsNdH""><span dir=""ltr"" lang=""en"" translate=""yes"">About this learning activity</span></h2><div dir=""ltr"" lang=""en"" translate=""yes""><p>Are you curious about mindfulness? In this course, learners develop an understanding of mindfulness concepts and techniques. They also learn how to further develop focus and self-awareness and how to apply mindfulness practices in various situations.</p>
<br/>
<p>Complete the course and earn the SkillsBuild <strong>Explorations into Mindfulness</strong> badge, co-created by IBM and the University of Oxford Mindfulness Centre. Badge earners can use these skills as a foundation for further study in mindfulness and to apply mental and emotional management in any career path they choose.</p>
<br/>
<p><strong>Duration:</strong> Complete this course and earn 3 hours of learning credit!</p>
<br/>
<p><strong>Language:</strong> English, Spanish, and Brazilian Portuguese</p></div>","['Badge Learning', '000 All digital credentials', 'Explorations into Mindfulness', 'Learning Domain', 'Workplace skills - Ways of working', 'Other - Health and Wellness', 'Learning Domain Primary', 'Professional skills', 'Lightcast Skills Taxonomy', 'Management Skill']"
https://skills.yourlearning.ibm.com/activity/URL-0E7F2C25E973,career,eLearning,Leadership and followership | The Open University,24 hrs,694 learners have completed this activity in the past 12 months.,Average rating of 4 stars by 19 learners in the past 12 months.,19,"<h2 class=""FullPageDescription_title__WsNdH""><span dir=""ltr"" lang=""en"" translate=""yes"">About this learning activity</span></h2><div dir=""ltr"" lang=""en"" translate=""yes""><p>This is an introductory, free course offered by <a href=""https://www.open.edu/openlearn/"" rel=""noopener noreferrer nofollow"" target=""_blank""><strong>OpenLearn</strong></a>. If you’re interested in finding out more about leadership, from the perspective of a leader or a follower, then this course will help you. Working through this course will help you to explore what makes a good leader, recognise common leadership challenges, and identify the skills you need to develop if you want to enhance your own leadership experience.<br/><br/>
 You’ll start this course by considering your own leadership experience and learning more about different leadership styles. As you progress, you’ll focus on key leadership skills and how you might develop them yourself, exploring elements of both good and bad leadership and looking at possible solutions to problems that can arise. Followership has an important connection with leadership and you’ll find out more about what makes a good follower and how leaders can develop their followers to create more productive relationships and encourage them to consider leadership roles in the future. You’ll look at common leadership challenges and the future of leadership in this changing world. Finally, you’ll identify how you want to develop your own leadership skills and devise a plan to build your experience.<br/><br/><strong>Duration</strong>: 24 hours<br/><strong>Registering</strong>: You must create an account to sign in.<br/><strong>Badging</strong>: Enrolling in the course will give you the opportunity to earn an Open University digital badge. Badges are not accredited by The Open University, but they're a great way to demonstrate your interest in the subject and commitment to your career, and to provide evidence of continuing professional development.<br/><strong>Language</strong>: This course is available only in English.<br/><strong>Download</strong>: You can take the course online or there are options to download the course for use offline or for other devices.<br/><strong>Learning outcomes you can expect</strong>:</p>
<ul>
<li>Describe a variety of leadership styles and approaches and analyse how they fit with personal preferences.</li>
<li>Recognise the skills required for leadership and assess personal experience and capability.</li>
<li>Define followership, from the perspectives of both the leader and the follower.</li>
<li>Identify how effective leadership can overcome a variety of common challenges.</li>
<li>Reflect on personal experience, start a leadership journal and devise an appropriate plan of action to develop leadership skills.</li>
</ul>After you complete this activity, return to this page to select <strong>Mark complete</strong> for completion credit.</div>","['Learning Domain', 'Workplace skills - Ways of working', 'Learning Domain Primary', 'Professional skills', 'Lightcast Skills Taxonomy', 'Leadership Skill']"
https://skills.yourlearning.ibm.com/activity/ILB-EKEQWXENZJVJ1JKX,career,eLearning,IBM and Cybersecurity,30 mins,33867 learners have completed this activity in the past 12 months.,Average rating of 4.5 stars by 834 learners in the past 12 months.,834,"<h2 class=""FullPageDescription_title__WsNdH""><span dir=""ltr"" lang=""en"" translate=""yes"">About this learning activity</span></h2><div dir=""ltr"" lang=""en"" translate=""yes""><p>Get a feel for cybersecurity as a career. You'll see how IBM is helping clients defend against cyberattacks and respond to broader security threats. You’ll also learn about basic cybersecurity terminology and types of cyberattacks.</p>
<br/>
<p><strong>Duration:</strong> Complete the activities in this course and earn 30 minutes of learning credit!</p></div>","['Badge Learning', 'Explore Emerging Tech', 'Learning Domain', 'Other - Emerging technologies', 'Technical skills - Cybersecurity', 'Learning Domain Primary', 'Cybersecurity', 'Lightcast Skills Taxonomy', 'Cyber Security Skill']"
https://skills.yourlearning.ibm.com/activity/ILB-MKRZNDPPDGYW19ZV,career,eLearning,How is cloud computing used?,25 mins,31972 learners have completed this activity in the past 12 months.,Average rating of 4.5 stars by 1419 learners in the past 12 months.,"1,419","<h2 class=""FullPageDescription_title__WsNdH""><span dir=""ltr"" lang=""en"" translate=""yes"">About this learning activity</span></h2><div dir=""ltr"" lang=""en"" translate=""yes""><p>Cloud offers important benefits for corporations and their customers. Learn practical applications for cloud, and get great tips on a getting started in a cloud career.</p>
<p></p>
<p><strong>Duration:</strong> Complete the activities in this course and earn 25 minutes of learning credit!</p></div>","['Badge Learning', 'Explore Emerging Tech', 'Learning Domain', 'Other - Emerging technologies', 'Technical Skills - Cloud', 'Learning Domain Primary', 'Cloud computing']"
https://skills.yourlearning.ibm.com/activity/ILB-DNRPWDGQGMMY7GGD,career,eLearning,Cybersecurity Fundamentals,6 hrs,43522 learners have completed this activity in the past 12 months.,Average rating of 4.5 stars by 1984 learners in the past 12 months.,"1,984","<h2 class=""FullPageDescription_title__WsNdH""><span dir=""ltr"" lang=""en"" translate=""yes"">About this learning activity</span></h2><div dir=""ltr"" lang=""en"" translate=""yes""><p>Note: There is an updated version of this course available in <strong>English, Arabic, French, German, Japanese, Portuguese (Brazil), Spanish. </strong><a href=""https://ibm.biz/Bdv38G"" rel=""noopener noreferrer nofollow"" target=""_blank"">Click<strong> </strong>here</a> to take it.</p><p> </p><p><strong>Learn how to create a credly account to claim your digital credential </strong><a href=""https://skills.yourlearning.ibm.com/activity/URL-0E39749E2965"" rel=""noopener noreferrer nofollow"" target=""_blank""><strong>here</strong></a></p><p> </p><p>This course will provide you with an introduction to cybersecurity. From the offense perspective, you will learn about cyber attackers, their tactics, social engineering, and high profile case studies. From the defense perspective, you will learn about common approaches organizations take to prevent, detect, and respond to cyber attacks. You will also learn about career opportunities in this exciting, growing field.<br/><br/>Complete this course to earn the <strong>Cybersecurity Fundamentals badge</strong>!<br/><br/><strong>Expected duration</strong>: This course will take you about 6 hours.<br/><br/><strong>Languages</strong>: English, Arabic, Brazilian Portuguese, Czech, Dutch, French, German, Hindi, Italian, Japanese, Polish, Spanish, Traditional Chinese, Turkish and Ukrainian</p></div>","['Badge Learning', '000 All digital credentials', 'Cybersecurity Fundamentals', 'Fundamentals', 'All Fundamentals', 'Learning Domain', 'Technical skills - Cybersecurity', 'Learning Domain Primary', 'Cybersecurity', 'Lightcast Skills Taxonomy', 'Cyber Security Skill']"
https://skills.yourlearning.ibm.com/activity/PLAN-CC4C7655BD0D,career,Learning Plan,Job Application Essentials,Days,33858 learners have completed this activity in the past 12 months.,Average rating of 4.5 stars by 941 learners in the past 12 months.,941,"<div dir=""ltr"" lang=""en"" translate=""yes""><p>Note: There is an updated version of this course available in <strong>English. </strong>The new course, <i>Career Management Essentials</i> offers a new credential.<strong> </strong><a href=""https://skills.yourlearning.ibm.com/activity/PLAN-B7F68A410C9C"" rel=""noopener noreferrer nofollow"" target=""_blank"">Click<strong> </strong>here</a> to take it.</p>
<p> </p>
<p>Looking for work that can fulfill your potential? After just a few hours of online study, you'll emerge with a professional brand, a career path that suits your abilities and ambitions, and the resume and interviewing skills that can make your job applications shine. <br/><br/>
 Complete all four courses, including the assessments and hands-on activities, and earn the SkillsBuild <strong>Job Application Essentials</strong> badge, a co-creation of IBM and <a href=""https://naf.org/"" rel=""noopener noreferrer nofollow"" target=""_blank"">NAF</a>! (NAF is a national network of education, business, and community leaders who work together to ensure high school students are college, career, and future ready.) <br/><br/><strong>About the audience: </strong>This content was designed purposefully for high school students and recent college graduates. If you are new to entering the work force or looking to brush up on your job application skills, you might find this content suitable. Depending on your work experience level, SkillsBuild encourages you to adapt the principles and exercises in these courses to meet your current job readinesss needs. <br/><br/><strong>Duration</strong>: 7 hours, 45 minutes <br/><strong>Languages</strong>: English, Spanish, Brazilian Portuguese, Polish, Traditional Chinese, Italian, French, Turkish, Czech, Ukrainian <br/><br/>
 Select <strong>Enroll</strong> to enroll in this learning plan and get started!</p></div>","['Badge Learning', '000 All digital credentials', 'Job Application Essentials', 'Learning Domain', 'Workplace skills - Workforce readiness', 'Learning Domain Primary', 'Professional skills']"
https://skills.yourlearning.ibm.com/activity/MDL-213,career,eLearning,Your Future in AI: The Job Landscape,50 mins,125921 learners have completed this activity in the past 12 months.,Average rating of 4.5 stars by 848 learners in the past 12 months.,848,"<h2 class=""FullPageDescription_title__WsNdH""><span dir=""ltr"" lang=""en"" translate=""yes"">About this learning activity</span></h2><div dir=""ltr"" lang=""en"" translate=""yes"">Are you considering a career in artificial intelligence? In this course, learn about the AI job market’s rapid growth and the skills needed for success in this exciting field. You’ll hear how real professionals got their start, and find resources and learning opportunities that could help you work alongside them.<br/><br/><strong>What you’ll learn</strong><br/>After completing this course, you should be able to:<ul><li>Identify industries in which AI professionals work</li><li>Recognize the global demand for AI specialists in the job market</li><li>Describe a possible future for AI</li><li>Identify the primary responsibilities and skillsets for different job roles in AI</li><li>Identify the skills that AI professionals need</li><li>Identify the tools to know when starting out in the field</li><li>Identify resources to learn more and stay up to date in the field of artificial intelligence</li></ul><br/><strong>Czech learners can complete the learning here:</strong> <a href=""https://ole03.yourlearning.ibm.com/mod/scorm/player.php?a=1020&amp;currentorg=articulate_rise&amp;scoid=3569&amp;sesskey=Xbq2rj0qOp&amp;display=popup&amp;mode=normal"" rel=""noopener noreferrer nofollow"" target=""_blank"">Vaše budoucnost v oblasti AI: pracovní příležitosti</a><br/><br/><strong>Traditional Chinese learners can complete the learning here: </strong><a href=""https://ole03.yourlearning.ibm.com/mod/scorm/player.php?a=996&amp;currentorg=articulate_rise&amp;scoid=3521&amp;sesskey=87xemTiuMx&amp;display=popup&amp;mode=normal"" rel=""noopener noreferrer nofollow"" target=""_blank"">您在人工智慧領域中的未來：就業前景</a></div>","['Badge Learning', 'Artificial Intelligence Fundamentals', 'Initiatives', 'AI2026', 'SDI Explore', 'SDI', 'Learning Domain', 'Workplace skills - Workforce readiness', 'Technical skills - Artificial Intelligence', 'Learning Domain Primary', 'Artificial intelligence', 'Lightcast Skills Taxonomy', 'Artificial Intelligence Skill']"
https://skills.yourlearning.ibm.com/activity/PLAN-FA511CDFAF48,career,Learning Plan,Cybersecurity Fundamentals (Earn a credential!),About 7 hours,7978 learners have completed this activity in the past 12 months.,Average rating of 4.5 stars by 373 learners in the past 12 months.,373,"<div dir=""ltr"" lang=""en"" translate=""yes""><p>Note: There is an updated version of this course in the following languages: <strong>English, French, German, Japanese, Portuguese (Brazil), Spanish. </strong><a href=""https://skills.yourlearning.ibm.com/activity/PLAN-4FB8400F05FC"" rel=""noopener noreferrer nofollow"" target=""_blank"">Click here</a> to take it.</p>
<p> </p>
<p>This course will provide you with an introduction to cybersecurity. From the offense perspective, you will learn about cyber attackers, their tactics, social engineering, and high-profile case studies. From the defense perspective, you will learn about common approaches organizations take to prevent, detect, and respond to cyberattacks. You will also learn about career opportunities in this exciting, growing field.  <br/>
    <br/>
  Complete the following modules to earn an industry-recognized IBM SkillsBuild digital credential called <strong>Cybersecurity Fundamentals</strong>:   </p>
<ul>
<li>Introduction</li>
<li>Overview of Cybersecurity</li>
<li>Cybersecurity: On the Offense</li>
<li>Cybersecurity: On the Defense</li>
<li>A Career in Cybersecurity</li>
<li>What’s New in Cybersecurity</li>
<li>Show What You Know </li>
</ul>
<p><br/>
    <br/><strong>What you’ll learn</strong>  <br/>
  After completing <i>Cybersecurity Fundamentals</i>, you should be able to: </p>
<ul>
<li>Describe cybersecurity, the CIA triad, and key elements of cybersecurity</li>
<li>Identify threat actor groups and common types of cyber attacks</li>
<li>Describe cyber attack tactics and techniques, including social engineering</li>
<li>Recognize the financial impacts of cyber crime</li>
<li>Describe methods organizations take to prevent, detect, and respond to cyber attacks</li>
<li>Recognize the cybersecurity job market, responsibilities, and skill sets of cybersecurity professionals, and resources and learning opportunities to explore </li>
</ul>
<p><br/><strong>Languages:</strong> English, Arabic, Chinese (traditional), Czech, Dutch, French, German, Hindi, Italian, Japanese, Polish, Portuguese (Brazil), Spanish, Turkish, Ukrainian <br/>
    <br/>
  Select <strong>Enroll</strong> to enroll in this learning plan and get started!  </p></div>","['Badge Learning', '000 All digital credentials', 'Cybersecurity Fundamentals', 'Learning Domain', 'Technical skills - Cybersecurity', 'Learning Domain Primary', 'Cybersecurity']"
https://skills.yourlearning.ibm.com/activity/PLAN-4FB8400F05FC,career,Learning Plan,Cybersecurity Fundamentals (New design; earn a credential!),About 7 hours,7118 learners have completed this activity in the past 12 months.,Average rating of 4.5 stars by 269 learners in the past 12 months.,269,"<div dir=""ltr"" lang=""en"" translate=""yes""><p><strong>Note: </strong>This newly designed experience is available in <strong>English, Arabic, French, German, Japanese, Portuguese (Brazil), Spanish</strong>. <br/><strong> </strong> <br/><strong>A version of this course is available in these languages </strong><a href=""https://skills.yourlearning.ibm.com/activity/PLAN-FA511CDFAF48"" rel=""noopener noreferrer nofollow"" target=""_blank""><strong>here</strong></a><strong>:</strong> 簡體中文, Čeština, Nederlands, Deutsch, हिन्दी, Italiano, polski, Türkçe, українська <br/>
    <br/><strong>Description</strong> <br/>
  This course will provide you with an introduction to cybersecurity. From the offense perspective, you will learn about cyberattackers, their tactics, social engineering, and high-profile case studies. From the defense perspective, you will learn about common approaches organizations take to prevent, detect, and respond to cyberattacks. You will also learn about career opportunities in this exciting, growing field. Finally, you’ll explore how new developments and emerging technologies, such as artificial intelligence (AI), impact cybersecurity. <br/>
    <br/>
  Complete the following required courses to earn an industry-recognized IBM SkillsBuild digital credential called <strong>Cybersecurity Fundamentals</strong>:<strong> </strong></p>
<ol>
<li><i>Introduction to Cybersecurity</i></li>
<li><i>Cybersecurity: On the Offense</i></li>
<li><i>Cybersecurity: On the Defense</i></li>
<li><i>Your Future in Cybersecurity: The Job Landscape</i></li>
</ol>
<p>  <br/>
  After completing <i>Cybersecurity Fundamentals</i>, you should be able to:</p>
<ul>
<li>Describe cybersecurity, the CIA triad, and key elements of cybersecurity</li>
<li>Identify threat actor groups and common types of cyberattacks</li>
<li>Describe cyberattack tactics and techniques, including social engineering</li>
<li>Recognize the financial impacts of cybercrime</li>
<li>Describe methods organizations take to prevent, detect, and respond to cyberattacks</li>
<li>Recognize the cybersecurity job market, responsibilities, and skill sets of cybersecurity professionals, and resources and learning opportunities to explore </li>
</ul>
<p><br/>
  The knowledge and skills in these courses build on each other, so SkillsBuild recommends that you complete the courses in the order in which they are presented. <br/><br/><strong>Language:</strong> English, Arabic, French, German, Japanese, Portuguese (Brazil), Spanish<br/><br/>
  Select <strong>Enroll</strong> to enroll in this learning plan and get started! </p></div>","['Areas of Interest', 'Essential skills > Security', 'Badge Learning', 'Cybersecurity Fundamentals new', '000 All digital credentials', 'Badge Learning - Academia', '000 All digital credentials - Academia', 'Learning Domain', 'Technical skills - Cybersecurity', 'Learning Domain Primary', 'Cybersecurity']"
https://skills.yourlearning.ibm.com/credential/CREDLY-34da7e3a-20dc-45dc-83aa-1e0198bdb301,career,Digital Credential,Career Management Essentials,Days,452 learners have earned this digital credential.,,,"<h2 class=""FullPageDescription_title__WsNdH""><span dir=""ltr"" lang=""en"" translate=""yes"">About this digital credential</span></h2><div dir=""ltr"" lang=""en"" translate=""yes""><p>This credential earner demonstrates a thorough understanding of the resume creation and interview process. The individual knows how to research workplaces, build a professional social network brand, identify their skills, create a standout resume to bypass application tracking systems, and prepare for interviews. The earner has practiced using AI tools to enhance a resume and tailor it for different job roles.</p>
<p> </p>
<p><strong>Complete the learning here: </strong><a href=""https://skills.yourlearning.ibm.com/activity/PLAN-B7F68A410C9C"" rel=""noopener noreferrer nofollow"" target=""_blank"">Career Management Essentials</a></p></div>",[]
https://skills.yourlearning.ibm.com/credential/CREDLY-dabbc05f-9024-4c51-a2c0-5ccd08645415,career,Digital Credential,Explorations into Mindfulness,Hours,13691 learners have earned this digital credential.,,,"<h2 class=""FullPageDescription_title__WsNdH""><span dir=""ltr"" lang=""en"" translate=""yes"">About this digital credential</span></h2><div dir=""ltr"" lang=""en"" translate=""yes""><p>This badge earner understands mindfulness concepts and techniques, and has learned how to apply mindfulness practices for various situations. The individual understands how to further develop focus and self-awareness. Badge earners can use these skills as a foundation for further study in mindfulness and to apply mental and emotional management in any career path they choose.</p>
<p> </p>
<p><strong>Languages:</strong> English, Spanish, Brazilian Portuguese, French, and Polish</p>
<p> </p>
<p><strong>Complete the learning here:</strong> <a href=""https://skills.yourlearning.ibm.com/activity/ILB-PZXNZVNYYRRQ2188"" rel=""noopener noreferrer nofollow"" target=""_blank"">Explorations into Mindfulness</a></p>
<p> </p></div>",[]
https://skills.yourlearning.ibm.com/channel/CNL_LCB_1568312250631,career,Channel,Career Planning,,,,11,"<div dir=""ltr"" lang=""en"" translate=""yes""><p>Career development is a journey. To grow your skills and expertise and gain new experiences, you need to understand how to effectively plan your career using career development resources. These learning activities will help you explore the skills and strategies needed to stay current and advance your career in the digital economy.<br/>
  </p></div>","['Areas of Interest', 'Professional skills > Career planning']"
https://skills.yourlearning.ibm.com/channel/CNL_LCB_1594406367617,career,Channel,Job Application Essentials (Earn a badge!),,,,792,"<div dir=""ltr"" lang=""en"" translate=""yes"">Looking for work that can fulfill your potential? After just a few hours of online study, you'll emerge with a professional brand, a career path that suits your abilities and ambitions, and the resume and interviewing skills that can make your job applications shine. 
<br/>
<br/>
Complete all four courses, including the assessments and hands-on activities, and earn the SkillsBuild <strong>Job Application Essentials</strong> badge, a co-creation of IBM and <a href=""https://naf.org/"" rel=""noopener noreferrer nofollow"" target=""_blank"">NAF</a>! 
<br/>
<br/><strong>About the audience: </strong>This content was designed purposefully for high school students and recent college graduates. If you are new to entering the work force or looking to brush up on your job application skills, you might find this content suitable. Depending on your work experience level, SkillsBuild encourages you to adapt the principles and exercises in these courses to meet your current job readinesss needs. 
<br/>
<br/><strong>Duration</strong>: 7 hours, 45 minutes 
<br/><strong>Languages: </strong>English, Spanish, Brazilian Portuguese, Polish</div>",[]
https://skills.yourlearning.ibm.com/channel/CNL_LCB_1583339177658,career,Channel,Job Readiness: Develop a LinkedIn Profile,,,,25,"<div dir=""ltr"" lang=""en"" translate=""yes""><p>In today's busy and connected world, branding yourself and connecting with other professionals has never been more important. One of the popular platforms for doing this is LinkedIn. These learning activities will help you create a great LinkedIn profile, or improve your current profile, so you can network, join LinkedIn groups, stay up to date with your newsfeed, find jobs, and more.</p></div>",[]
https://skills.yourlearning.ibm.com/channel/CNL_LCB_1583343785021,career,Channel,Job Readiness: Write a Good Resume,,,,366,"<div dir=""ltr"" lang=""en"" translate=""yes""><p>Creating a great resume will build your confidence and land you more job interviews. These learning activities will provide you with resume writing best practices and tips about formatting and content, as well as how to write a resume that stands out to employers. The goal is to quickly communicate to a potential employer why you are uniquely qualified for the position based on your skills and experiences.</p></div>",[]
https://skills.yourlearning.ibm.com/channel/CNL_LCB_1568646200311,career,Channel,Professionalism at Work,,,,7,"<div dir=""ltr"" lang=""en"" translate=""yes""><p>Get the most out of interactions with others and respond positively to change in today’s workplace. Learn how emotions affect performance and how you can manage your interactions at work more productively and grow your career. These learning activities will help you develop the skills and strategies to maintain a professional attitude and manage your time and emotions, so that you are able to work with others effectively.</p></div>","['Areas of Interest', 'Professional skills > Professionalism']"
https://skills.yourlearning.ibm.com/channel/CNL_REC_TOPIC-CAREER_PLANNING,career,Channel,Professional skills: Career planning recommendations,,,,14,"<div dir=""ltr"" lang=""en"" translate=""yes""><p>These recommendations are generated with Watson for the Professional skills: Career planning interest area. People with a similar learning history or demographic profile tended to take these activities from this interest area.</p></div>",[]
https://skills.yourlearning.ibm.com/channel/CNL_LCB_1671551717356,career,Channel,IBM SkillsBuild Event Replays,,,,82,"<div dir=""ltr"" lang=""en"" translate=""yes""><p>This channel provides replays of events hosted by IBM SkillsBuild. Many videos offer demonstrations or tutorials on how to navigate the platform. Others provide information regarding program content or expert guidance on career development.</p></div>",[]
https://skills.yourlearning.ibm.com/channel/CNL_LCB_1719388200633,career,Channel,WeThinkCode_ Training and Development Center | WTC Team,,,,10,"<div dir=""ltr"" lang=""en"" translate=""yes""><p>Explore WeThinkCode_ on IBM SkillsBuild for top-tier coding education and career readiness. Join us to unlock your potential in tech and prepare for future-fit skills. Start your journey today towards a successful career in software engineering.</p></div>",[]
https://skills.yourlearning.ibm.com/channel/CNL_LCB_1605189489209,career,Channel,Tips to search for a job or an internship,,,,3,"<div dir=""ltr"" lang=""en"" translate=""yes""><p>Are you looking for a job or an internship? You might want to look at these tips on how to get started and how to put forward all of your potential. Planning your next career move in a global pandemic can be daughnting. Keep calm and own this challenge with the right approach.</p></div>",[]
https://skills.yourlearning.ibm.com/channel/CNL_LCB_1712088983387,career,Channel,Community Corrections Association (CCA) | Residents,,,,,"<div dir=""ltr"" lang=""en"" translate=""yes""><p>The Community Corrections Association (CCA) of Youngstown has embarked on an innovative partnership with IBM SkillsBuild to provide transformative learning opportunities for individuals seeking to reintegrate into society. This collaboration is designed to equip participants with the necessary digital and professional skills for today's workforce, fostering both personal growth and career development. </p></div>",[]
https://skills.yourlearning.ibm.com/channel/CNL_LCB_1588688270183,career,Channel,Cybersecurity-ACCES,,,,"1,268","<div dir=""ltr"" lang=""en"" translate=""yes""><p>From the offense perspective, you will learn about cyber attackers, their tactics, social engineering, and high-profile case studies. From the defense perspective, you will learn about common approaches organizations take to prevent, detect, and respond to cyber attacks. You will also learn about career opportunities in this exciting, growing field.</p></div>",[]
https://skills.yourlearning.ibm.com/channel/CNL_LCB_1697486291771,career,Channel,IBM z/OS (Earn a credential!),,,,2,"<div dir=""ltr"" lang=""en"" translate=""yes""><strong>IBM z/OS</strong> is a widely used operating system, designed to offer a stable, secure, and continuously available environment for applications running on the mainframe. 
<br/>
<br/>
 Develop foundational IBM Z hardware and software skills, with a specialization in z/OS and System Administration. Through hands-on labs, you'll have the experience to begin a career with IBM Z. 
<br/>
<br/>
 Complete three courses about IBM z/OS and earn three corresponding IBM-issued badges: <strong>Introduction to IBM z/OS</strong>, <strong>Introduction to z/OS Commands and Panels on IBM Z</strong>, and <strong>Introduction to System Programming on IBM Z</strong>. Upon completion of the three courses, earn a fourth and culminating IBM certification badge: <a href=""https://www.credly.com/org/ibm/badge/ibm-z-os-mainframe-practitioner"" rel=""noopener noreferrer nofollow"" target=""_blank""><strong>IBM z/OS Mainframe Practitioner</strong></a>. 
<br/>
<br/><strong>Note</strong>: You must set-up an IBM ID or use the IBM ID you already have to log in and access this IBM Training course. It is hosted on a different platform.</div>","['Learning Domain', 'Technical skills - Information Technology']"
https://skills.yourlearning.ibm.com/channel/CNL_LCB_1615309390012,career,Channel,IBM SkillsBuild Presents: Job Exploration Webinars,,,,43,"<div dir=""ltr"" lang=""en"" translate=""yes""><strong>IBM SkillsBuild Presents</strong> is a series of recorded webinars created specially for SkillsBuild learners! Some webinars will help you explore a particular career in which you can learn from the personal stories of those who are in the field, such as cybersecurity. And some webinars offer expert guidance about changing careers or planning, searching, and succeeding in jobs in the world today. See what interests you!</div>",[]
https://skills.yourlearning.ibm.com/channel/CNL_LCB_1588787734159,career,Channel,Job Readiness: Search for Work in Difficult Times,,,,32,"<div dir=""ltr"" lang=""en"" translate=""yes""><p>Many people find themselves having to apply for job positions during one of the most challenging times in modern history. These learning activities will provide you with the latest career advice, trends, and tips to consider when conducting a job search during this difficult time. Job seekers may need to be more thoughtful and put in more effort in order to stand out as a job candidate.</p></div>",[]
https://skills.yourlearning.ibm.com/channel/CNL_LCB_1591202776774,career,Channel,Search for Work in Difficult Times,,,,7,"<div dir=""ltr"" lang=""en"" translate=""yes""><p>Many people find themselves having to apply for job positions during one of the most challenging times in modern history. These learning activities will provide you with the latest career advice, trends, and tips to consider when conducting a job search during this difficult time. Job seekers may need to be more thoughtful and put in more effort in order to stand out as a job candidate.</p></div>",[]
https://app.myinnergenius.com/ibm/career-insights/npo/en/,career,,,,,,,,[]
https://app.myinnergenius.com/ibm/career-insights/open/en/,career,,,,,,,,[]
https://bundles.yourlearning.ibm.com/skills/learn/#page/MKPYMVQVMPDW53J8,career,,,,,,,,[]
https://bundles.yourlearning.ibm.com/skills/learn/#page/VQMMDRZZVEZX255J,career,,,,,,,,[]
