course_url,category,type,title,duration,learners_amount,star_rating,star_num_ratings,description,tags
https://skills.yourlearning.ibm.com/activity/ILB-GYEGYEEDYPMJ6N5X,cybersecurity,eLearning,What is cybersecurity?,1 hr,40854 learners have completed this activity in the past 12 months.,Average rating of 4.5 stars by 1429 learners in the past 12 months.,"1,429","<h2 class=""FullPageDescription_title__WsNdH""><span dir=""ltr"" lang=""en"" translate=""yes"">About this learning activity</span></h2><div dir=""ltr"" lang=""en"" translate=""yes""><p>You already know ways to protect your devices from hackers. Now learn more about the threats and tactics used by cyberattackers, and dig into concepts like encryption and cryptography.</p>
<p></p>
<p><strong>Duration:</strong> Complete the activities in this course and earn 60 minutes of learning credit!</p>
<p></p></div>","['Badge Learning', 'Explore Emerging Tech', 'Learning Domain', 'Other - Emerging technologies', 'Technical skills - Cybersecurity', 'Learning Domain Primary', 'Cybersecurity', 'TryB4', 'All TryB4', 'Lightcast Skills Taxonomy', 'Cyber Security Skill']"
https://skills.yourlearning.ibm.com/activity/PLAN-4FB8400F05FC,cybersecurity,Learning Plan,Cybersecurity Fundamentals (New design; earn a credential!),About 7 hours,6944 learners have completed this activity in the past 12 months.,Average rating of 4.5 stars by 267 learners in the past 12 months.,267,"<div dir=""ltr"" lang=""en"" translate=""yes""><p><strong>Note: </strong>This newly designed experience is available in <strong>English, Arabic, French, German, Japanese, Portuguese (Brazil), Spanish</strong>. <br/><strong> </strong> <br/><strong>A version of this course is available in these languages </strong><a href=""https://skills.yourlearning.ibm.com/activity/PLAN-FA511CDFAF48"" rel=""noopener noreferrer nofollow"" target=""_blank""><strong>here</strong></a><strong>:</strong> 簡體中文, Čeština, Nederlands, Deutsch, हिन्दी, Italiano, polski, Türkçe, українська <br/>
   <br/><strong>Description</strong> <br/>
 This course will provide you with an introduction to cybersecurity. From the offense perspective, you will learn about cyberattackers, their tactics, social engineering, and high-profile case studies. From the defense perspective, you will learn about common approaches organizations take to prevent, detect, and respond to cyberattacks. You will also learn about career opportunities in this exciting, growing field. Finally, you’ll explore how new developments and emerging technologies, such as artificial intelligence (AI), impact cybersecurity. <br/>
   <br/>
 Complete the following required courses to earn an industry-recognized IBM SkillsBuild digital credential called <strong>Cybersecurity Fundamentals</strong>:<strong> </strong></p>
<ol>
<li><i>Introduction to Cybersecurity</i></li>
<li><i>Cybersecurity: On the Offense</i></li>
<li><i>Cybersecurity: On the Defense</i></li>
<li><i>Your Future in Cybersecurity: The Job Landscape</i></li>
</ol>
<p>  <br/>
 After completing <i>Cybersecurity Fundamentals</i>, you should be able to:</p>
<ul>
<li>Describe cybersecurity, the CIA triad, and key elements of cybersecurity</li>
<li>Identify threat actor groups and common types of cyberattacks</li>
<li>Describe cyberattack tactics and techniques, including social engineering</li>
<li>Recognize the financial impacts of cybercrime</li>
<li>Describe methods organizations take to prevent, detect, and respond to cyberattacks</li>
<li>Recognize the cybersecurity job market, responsibilities, and skill sets of cybersecurity professionals, and resources and learning opportunities to explore </li>
</ul>
<p><br/>
 The knowledge and skills in these courses build on each other, so SkillsBuild recommends that you complete the courses in the order in which they are presented. <br/><br/><strong>Language:</strong> English, Arabic, French, German, Japanese, Portuguese (Brazil), Spanish<br/><br/>
 Select <strong>Enroll</strong> to enroll in this learning plan and get started! </p></div>","['Areas of Interest', 'Essential skills > Security', 'Badge Learning', 'Cybersecurity Fundamentals new', '000 All digital credentials', 'Badge Learning - Academia', '000 All digital credentials - Academia', 'Learning Domain', 'Technical skills - Cybersecurity', 'Learning Domain Primary', 'Cybersecurity']"
https://skills.yourlearning.ibm.com/activity/PLAN-FA511CDFAF48,cybersecurity,Learning Plan,Cybersecurity Fundamentals (Earn a credential!),About 7 hours,7978 learners have completed this activity in the past 12 months.,Average rating of 4.5 stars by 368 learners in the past 12 months.,368,"<div dir=""ltr"" lang=""en"" translate=""yes""><p>Note: There is an updated version of this course in the following languages: <strong>English, French, German, Japanese, Portuguese (Brazil), Spanish. </strong><a href=""https://skills.yourlearning.ibm.com/activity/PLAN-4FB8400F05FC"" rel=""noopener noreferrer nofollow"" target=""_blank"">Click here</a> to take it.</p>
<p> </p>
<p>This course will provide you with an introduction to cybersecurity. From the offense perspective, you will learn about cyber attackers, their tactics, social engineering, and high-profile case studies. From the defense perspective, you will learn about common approaches organizations take to prevent, detect, and respond to cyberattacks. You will also learn about career opportunities in this exciting, growing field.  <br/>
    <br/>
  Complete the following modules to earn an industry-recognized IBM SkillsBuild digital credential called <strong>Cybersecurity Fundamentals</strong>:   </p>
<ul>
<li>Introduction</li>
<li>Overview of Cybersecurity</li>
<li>Cybersecurity: On the Offense</li>
<li>Cybersecurity: On the Defense</li>
<li>A Career in Cybersecurity</li>
<li>What’s New in Cybersecurity</li>
<li>Show What You Know </li>
</ul>
<p><br/>
    <br/><strong>What you’ll learn</strong>  <br/>
  After completing <i>Cybersecurity Fundamentals</i>, you should be able to: </p>
<ul>
<li>Describe cybersecurity, the CIA triad, and key elements of cybersecurity</li>
<li>Identify threat actor groups and common types of cyber attacks</li>
<li>Describe cyber attack tactics and techniques, including social engineering</li>
<li>Recognize the financial impacts of cyber crime</li>
<li>Describe methods organizations take to prevent, detect, and respond to cyber attacks</li>
<li>Recognize the cybersecurity job market, responsibilities, and skill sets of cybersecurity professionals, and resources and learning opportunities to explore </li>
</ul>
<p><br/><strong>Languages:</strong> English, Arabic, Chinese (traditional), Czech, Dutch, French, German, Hindi, Italian, Japanese, Polish, Portuguese (Brazil), Spanish, Turkish, Ukrainian <br/>
    <br/>
  Select <strong>Enroll</strong> to enroll in this learning plan and get started!  </p></div>","['Badge Learning', '000 All digital credentials', 'Cybersecurity Fundamentals', 'Learning Domain', 'Technical skills - Cybersecurity', 'Learning Domain Primary', 'Cybersecurity']"
https://skills.yourlearning.ibm.com/activity/PLAN-A273AA80C96E,cybersecurity,Learning Plan,Cyber Investigator: An Interactive Cybersecurity Experience,About 90 minutes,3648 learners have completed this activity in the past 12 months.,Average rating of 4.5 stars by 203 learners in the past 12 months.,203,"<div dir=""ltr"" lang=""en"" translate=""yes""><p>Join a team of cybersecurity investigators as they respond to a series of different cyber attacks. Travel through three different industries to help them conduct interviews, stop the attacks, solve puzzles, and restore things to normal.</p>
<p> </p></div>","['Learning Domain', 'Technical skills - Cybersecurity', 'Learning Domain Primary', 'Cybersecurity']"
https://skills.yourlearning.ibm.com/activity/MDL-276,cybersecurity,eLearning,Network Scanning with Zenmap,50 mins,2138 learners have completed this activity in the past 12 months.,Average rating of 4.5 stars by 226 learners in the past 12 months.,226,"<h2 class=""FullPageDescription_title__WsNdH""><span dir=""ltr"" lang=""en"" translate=""yes"">About this learning activity</span></h2><div dir=""ltr"" lang=""en"" translate=""yes"">Do you want to work in cybersecurity or just know more about the field? If so, you should get to know the tools that cybersecurity professionals use, including network scanners like Nmap and Zenmap.<br/><br/>
In this course, you’ll explore network scanning and practice doing it yourself using Zenmap in a simulation.<br/><br/><strong>What you’ll learn</strong><br/>
After completing this course, you should be able to: 
<ul>
<li>Describe network scanning</li>
<li>Explain how port scanning works and why investigators use it</li>
<li>Discuss vulnerability scanning and various techniques for performing it</li>
<li>Describe Nmap and Zenmap</li>
<li>Install Nmap</li>
<li>Perform quick and intense network scans using Zenmap</li>
<li>Describe the types of data that display on the Zenmap dashboard</li>
</ul></div>","['Learning Domain', 'Technical skills - Cybersecurity', 'Learning Domain Primary', 'Cybersecurity']"
https://skills.yourlearning.ibm.com/activity/MDL-277,cybersecurity,eLearning,Protecting a Device with Malwarebytes,55 mins,11652 learners have completed this activity in the past 12 months.,Average rating of 4.5 stars by 545 learners in the past 12 months.,545,"<h2 class=""FullPageDescription_title__WsNdH""><span dir=""ltr"" lang=""en"" translate=""yes"">About this learning activity</span></h2><div dir=""ltr"" lang=""en"" translate=""yes"">Do you want to work in cybersecurity? Or do you just want to learn more about security threats and how to protect your devices against them? Either way, you should familiarize yourself with standard cyberdefense tools such as antimalware software and virtual private networks (VPNs). One of the most well-known providers of these tools is Malwarebytes.<br/><br/>
In this course, first you’ll explore common threats to devices and networks. Next, you’ll practice using Malwarebytes cyberdefense tools in a simulation. <br/><br/><strong>Learning objectives</strong><br/>
After completing this course, you should be able to: 
<ul>
<li>Describe malware, including its various types</li>
<li>Explain what antimalware software is and how it works</li>
<li>Describe social engineering, phishing, cookies, and eavesdropping</li>
<li>Explain how virtual private networks (VPNs) work and why people use them</li>
<li>Perform antimalware scans and delete malicious files using Malwarebytes</li>
<li>Detect and remove adware and spyware using AdwCleaner</li>
<li>Conceal a device’s online data using Privacy VPN</li>
<li>Block online security threats using Browser Guard</li>
</ul></div>","['Learning Domain', 'Technical skills - Cybersecurity', 'Learning Domain Primary', 'Cybersecurity']"
https://skills.yourlearning.ibm.com/activity/PLAN-EB2D3DA31CF9,cybersecurity,Learning Plan,Explore Emerging Tech (Earn a badge!),Hours,21563 learners have completed this activity in the past 12 months.,Average rating of 4.5 stars by 1105 learners in the past 12 months.,"1,105","<div dir=""ltr"" lang=""en"" translate=""yes"">Curious about tech, but not sure where to focus? You've come to the right place. In this learning plan, you'll get an intro to six emerging technologies that power today's jobs. You'll learn a little about each—like foundational concepts, terminology, and how it's used—and then you can decide where you want to go deeper. 
<br/>
<br/><strong>Badge opportunity:</strong> Complete all the courses in this learning plan and earn the <strong>Explore Emerging Tech </strong>badge. 
<br/>
   
<ul>
<li><strong>Audience: </strong>Anyone who wants to learn about the role of technology in today's careers</li>
<li><strong>Duration:</strong> 7 hours, 10 minutes</li>
<li><strong>Level:</strong> Beginner</li>
<li><strong>Languages: </strong>English, German, French, Spanish, Portuguese (Brazil), Polish, Turkish, Korean, Traditional Chinese, Italian, Arabic, Hindi, and Japanese</li>
</ul>
<br/>
 Click <strong>Enroll</strong> to enroll in this learning plan and get started!</div>","['Badge Learning', '000 All digital credentials', 'Explore Emerging Tech', 'DigN Journey', 'Explorers', 'Learning Domain', 'Other - Emerging technologies', 'Other - Blockchain', 'Technical skills - Artificial Intelligence', 'Technical skills - Data', 'Technical skills - Cybersecurity', 'Technical Skills - Cloud', 'Technical skills - Information Technology']"
https://skills.yourlearning.ibm.com/activity/URL-B666DDD920C4,cybersecurity,eLearning,Cybersecurity Professional,5 mins,371 learners have completed this activity in the past 12 months.,Average rating of 4.5 stars by 30 learners in the past 12 months.,30,"<h2 class=""FullPageDescription_title__WsNdH""><span dir=""ltr"" lang=""en"" translate=""yes"">About this learning activity</span></h2><div dir=""ltr"" lang=""en"" translate=""yes"">Become an expert in Cybersecurity with this hands on training! 
<br/>
 Suitable for beginners</div>","['Learning Domain', 'Technical skills - Cybersecurity', 'Learning Domain Primary', 'Cybersecurity']"
https://skills.yourlearning.ibm.com/activity/PLAN-8C633FABD60A,cybersecurity,Learning Plan,Cybersecurity Express: Cybersecurity Essentials in Minutes!,About 30 minutes,1065 learners have completed this activity in the past 12 months.,Average rating of 4.5 stars by 16 learners in the past 12 months.,16,"<div dir=""ltr"" lang=""en"" translate=""yes"">Did you know that every 39 seconds a cyber attack occurs? Cybersecurity protects an organization’s systems and networks from digital attackers. This quick cybersecurity primer highlights the fundamentals of cybersecurity and underscores the importance of effectively managing risks posed by cyberattacks. 
<br/>
<br/>
 Select <strong>Enroll</strong> to enroll in this learning plan and get started!</div>","['Learning Domain', 'Technical skills - Cybersecurity', 'Learning Domain Primary', 'Cybersecurity']"
https://skills.yourlearning.ibm.com/activity/URL-AFACAD846AF5,cybersecurity,Video,Why cybersecurity? | IBM SkillsBuild,3 mins,1887 learners have completed this activity in the past 12 months.,Average rating of 4.5 stars by 22 learners in the past 12 months.,22,"<h2 class=""FullPageDescription_title__WsNdH""><span dir=""ltr"" lang=""en"" translate=""yes"">About this learning activity</span></h2><div dir=""ltr"" lang=""en"" translate=""yes""><p>Watch a  brief video illustrating the ramifications of cyberattacks and emphasizing the significance of cybersecurity.</p></div>","['Learning Domain', 'Technical skills - Cybersecurity', 'Learning Domain Primary', 'Cybersecurity']"
https://skills.yourlearning.ibm.com/activity/PLAN-7BD104D112EB,cybersecurity,Learning Plan,City and Guilds: Cybersecurity,About 4 hours,73 learners have completed this activity in the past 12 months.,Average rating of 4.5 stars by 5 learners in the past 12 months.,5,"<div dir=""ltr"" lang=""en"" translate=""yes""><p>Cybersecurity is the practice of protecting systems, networks, and programs from digital attacks. These cyberattacks typically aim to access, change, or destroy sensitive information, extort money from users, or interrupt normal business processes. Implementing effective cybersecurity measures is particularly challenging today because there are more devices than people, and attackers are becoming more innovative. A robust cybersecurity strategy includes multiple layers of protection spread across computers, networks, programs, and data. To create a successful defense, an organization needs to integrate people, processes, and technology, ensuring that sensitive data is secured from unauthorized access and potential cyber threats. Learn the basics, and dive into the cybersecurity world.</p></div>",[]
https://skills.yourlearning.ibm.com/activity/ISG-SLA7240,cybersecurity,eLearning,Generative AI in Cybersecurity,1 hr,307 learners have completed this activity in the past 12 months.,Average rating of 5 stars by 11 learners in the past 12 months.,11,"<h2 class=""FullPageDescription_title__WsNdH""><span dir=""ltr"" lang=""en"" translate=""yes"">About this learning activity</span></h2><div dir=""ltr"" lang=""en"" translate=""yes"">This event replay is part of the HBCU IBM® Cybersecurity Speaker Lecture series. This lecture covers the generative AI concepts and real-life examples in cybersecurity.This event replay is part of the HBCU IBM® Cybersecurity Speaker Lecture series. This lecture covers the generative AI concepts and real-life examples in cybersecurity.
<p>This course requires you register for an IBMid to access.</p></div>","['Learning Domain', 'Technical skills - Cybersecurity', 'Technical skills - Artificial Intelligence', 'Learning Domain Primary', 'Artificial intelligence']"
https://skills.yourlearning.ibm.com/activity/URL-4CUXNS6SBOU,cybersecurity,Video,How to Get a Career in Cybersecurity | IBM,6 mins,1904 learners have completed this activity in the past 12 months.,Average rating of 4.5 stars by 27 learners in the past 12 months.,27,"<h2 class=""FullPageDescription_title__WsNdH""><span dir=""ltr"" lang=""en"" translate=""yes"">About this learning activity</span></h2><div dir=""ltr"" lang=""en"" translate=""yes""><p>Watch this concise video offering insights into careers within the cybersecurity sector.</p></div>","['Learning Domain', 'Technical skills - Cybersecurity', 'Learning Domain Primary', 'Cybersecurity']"
https://skills.yourlearning.ibm.com/activity/URL-0A255BA99414,cybersecurity,Document,Learn about a career in cybersecurity,5 mins,1183 learners have completed this activity in the past 12 months.,Average rating of 4.5 stars by 35 learners in the past 12 months.,35,"<h2 class=""FullPageDescription_title__WsNdH""><span dir=""ltr"" lang=""en"" translate=""yes"">About this learning activity</span></h2><div dir=""ltr"" lang=""en"" translate=""yes"">Cybersecurity crosses all job roles and industries, and all companies need some form of security solution. What skills do you need to face down security threats and what interesting jobs are in this field? Answers to these questions, plus a few more facts, are included in the following infographic.
<br/>
<br/>
Also available in <a href=""https://ibm.box.com/s/igadqaa57ndme4uuwmchaj4gvbayv7o1"" rel=""noopener noreferrer nofollow"" target=""_blank"">Spanish</a>, <a href=""https://ibm.box.com/s/4gtq7itd2qd3t9pgoi8l8py71t6rkye8"" rel=""noopener noreferrer nofollow"" target=""_blank"">French</a>, and <a href=""https://ibm.box.com/s/ksw2bo31d0cna4c7ld2hit1ha4y7wvo7"" rel=""noopener noreferrer nofollow"" target=""_blank"">Brazilian Portuguese</a>.
<br/>
<br/>
After you complete this activity, return to this page to select <strong>Mark complete</strong> for completion credit.</div>","['Learning Domain', 'Technical skills - Cybersecurity', 'Learning Domain Primary', 'Cybersecurity', 'Lightcast Skills Taxonomy', 'Cyber Security Skill']"
https://skills.yourlearning.ibm.com/activity/URL-51C92EA05835,cybersecurity,Event,IBM SkillsBuild: Cybersecurity Content Tour,33 mins,3807 learners have completed this activity in the past 12 months.,Average rating of 4.5 stars by 82 learners in the past 12 months.,82,"<h2 class=""FullPageDescription_title__WsNdH""><span dir=""ltr"" lang=""en"" translate=""yes"">About this learning activity</span></h2><div dir=""ltr"" lang=""en"" translate=""yes""><p>Usame Samim, IBM SkillsBuild Content Manager, provides a tour of the cybersecurity offerings available on the platform.</p></div>","['Learning Domain', 'Technical skills - Cybersecurity', 'Learning Domain Primary', 'Cybersecurity', 'Lightcast Skills Taxonomy', 'Cyber Security Skill']"
https://skills.yourlearning.ibm.com/activity/URL-5BC6AF7340E7,cybersecurity,eLearning,IBM Cybersecurity Analyst Professional Certificate,120 hrs,596 learners have completed this activity in the past 12 months.,Average rating of 4.5 stars by 18 learners in the past 12 months.,18,"<h2 class=""FullPageDescription_title__WsNdH""><span dir=""ltr"" lang=""en"" translate=""yes"">About this learning activity</span></h2><div dir=""ltr"" lang=""en"" translate=""yes"">What you'll learn:
<ul>
<li>Develop knowledge of cybersecurity analyst tools including data protection; endpoint protection; SIEM; and systems and network fundamentals.</li>
<li>Learn about key compliance and threat intelligence topics important in today’s cybersecurity landscape.</li>
<li>Gain skills for incident responses and forensics with real-world cybersecurity case studies.</li>
</ul>Get hands-on experience to develop skills via industry specific and open source Security tools.</div>","['Learning Domain', 'Technical skills - Cybersecurity', 'Learning Domain Primary', 'Cybersecurity']"
https://skills.yourlearning.ibm.com/activity/ISG-DL0071231G,cybersecurity,eLearning,IBM zSystems Cybersecurity Insights,4 hrs,21 learners have completed this activity in the past 12 months.,Average rating of 5 stars by 2 learners in the past 12 months.,2,"<h2 class=""FullPageDescription_title__WsNdH""><span dir=""ltr"" lang=""en"" translate=""yes"">About this learning activity</span></h2><div dir=""ltr"" lang=""en"" translate=""yes""><p>This is a course for System Administrators, Architects, and IT professionals in general looking to gain a deeper and broader insight into the various areas and disciplines necessary to maintain a secure environment. The content gets into some deep corners of z/OS specifically, though the best practices covered apply to most everyone working against hackers and bad actors on all platforms. </p>Engaging and practical insights into various risk mitigating solutions within access management and logging, authentication and system integrity, encryption, data privacy, and more. 
<p>This course requires you register for an IBMid to access.</p></div>",[]
https://skills.yourlearning.ibm.com/activity/PLAN-65EA3D20577B,cybersecurity,Learning Plan,MCIT Certificate Programs (Cybersecurity Certificate),Months,1 learner has completed this activity in the past 12 months.,Average rating of 4.5 stars by 3 learners in the past 12 months.,3,"<div dir=""ltr"" lang=""en"" translate=""yes""><p>Complete this self-paced course with experiential learning to earn up to even (7) digital credentials, or badges, including the culminating certificate.</p></div>",[]
https://skills.yourlearning.ibm.com/activity/URL-BCD205AB179C,cybersecurity,Video,Cybersecurity for Small Business (U.S.),43 mins,81 learners have completed this activity in the past 12 months.,Average rating of 4.5 stars by 10 learners in the past 12 months.,10,"<h2 class=""FullPageDescription_title__WsNdH""><span dir=""ltr"" lang=""en"" translate=""yes"">About this learning activity</span></h2><div dir=""ltr"" lang=""en"" translate=""yes"">This on-demand webinar, presented by lawyers from Jones Day and IBM, is part of a series of webinars covering legal education topics for small business owners and entrepreneurs in the United States.  
<br/>
<br/><strong>Webinar summary:</strong>
<br/>
Cybersecurity is a critical risk for small businesses in all industries. This presentation is designed to provide you with an understanding of the current cyber threat environment.  It also will explain the legal framework and the consequences your company may face in the event of a cyberattack. The session also will identify some practical steps that you can take now to protect the data your business handles and stores and mitigate the impact of a cybersecurity event.  As the risks continue to grow, you can meet the challenge of navigating the cyber landscape with an informed and pragmatic approach to protecting your business.   
<br/>
<br/><strong>Language: </strong>English <strong> </strong>
<br/>
<br/>
After you complete this activity, return to this page to select <strong>Mark complete</strong> for completion credit. 
<br/>
<br/><strong>Resources:</strong>
<br/><a href=""https://ibm.box.com/s/mybl0rxkl0b96lkkal3owuj1b59bh1e6"" rel=""noopener noreferrer nofollow"" target=""_blank"">Presentation slides</a>
<br/>
<br/><strong>Disclaimer:</strong>
<br/>
By clicking <strong>Go to this activity</strong>, you agree to the following:  
<br/>
Any presentation by the presenting lawyers and the firms and companies with which they work should not be considered or construed as legal advice on any individual matter or circumstance. The distribution of this presentation or its content is not intended to create, and receipt of it does not constitute, an attorney-client relationship. The contents of this document are intended for general information purposes only and may not be quoted or referred to in any other presentation, publication or proceeding without the prior written consent of the presenting lawyers and/or the firms and companies with which they work, which may be given or withheld at their discretion. The views set forth herein are the personal views of the authors and do not necessarily reflect those of the firms and companies with which they work. Any listener of any presentation pursuant to this program who needs legal advice should consult an attorney for that purpose.</div>","['Learning Domain', 'Technical skills - Cybersecurity', 'Learning Domain Primary', 'Cybersecurity', 'Lightcast Skills Taxonomy', 'Cyber Security Skill']"
https://skills.yourlearning.ibm.com/activity/URL-ZLYFT6BDXD4,cybersecurity,Video,Top 10 Reasons to Learn Cybersecurity | Why Cybersecurity is Important | Edureka,10 mins,2135 learners have completed this activity in the past 12 months.,Average rating of 4.5 stars by 44 learners in the past 12 months.,44,"<h2 class=""FullPageDescription_title__WsNdH""><span dir=""ltr"" lang=""en"" translate=""yes"">About this learning activity</span></h2><div dir=""ltr"" lang=""en"" translate=""yes""><p>Should you pursue a career in cybersecurity? This video discusses 10 reasons why you may want to consider a career in cybersecurity.<br/><br/>
 This video is presented by Edureka.<br/><br/>
 After you complete this activity, return to this page to select <strong>Mark complete</strong> for completion credit.<br/><br/><strong>Note</strong>: On the video toolbar, go to <strong>Settings</strong>, <strong> </strong>select <strong>Subtitles</strong>, <strong> </strong>select <strong>English</strong>, and then select <strong>Auto-Translate</strong> to enable subtitles in a language of your choice from the drop-down.</p></div>","['Learning Domain', 'Technical skills - Cybersecurity', 'Learning Domain Primary', 'Cybersecurity', 'Lightcast Skills Taxonomy', 'Cyber Security Skill']"
https://skills.yourlearning.ibm.com/activity/URL-B8E393762813,cybersecurity,eLearning,Navigating Your Journey to a Cybersecurity Career,1 hr,568 learners have completed this activity in the past 12 months.,Average rating of 4.5 stars by 8 learners in the past 12 months.,8,"<h2 class=""FullPageDescription_title__WsNdH""><span dir=""ltr"" lang=""en"" translate=""yes"">About this learning activity</span></h2><div dir=""ltr"" lang=""en"" translate=""yes""><br/>
Cybersecurity skills are in high demand. Hear from a panel of IBM cybersecurity professionals to learn more about cybersecurity roles and the types of skills and attributes they look for in candidates they hire. Use the insights you gain from their guidance and their own career journeys to help you prepare for your own.
<br/>
 
<br/>
In this recorded webinar, you will: 
<br/>
·       Explore the typical working day of a cybersecurity professional. 
<br/>
·       Get insights into the skills needed to become a cybersecurity professional and the non-technical skills you may already have.  
<br/>
·       Understand first steps into cybersecurity learning. 
<br/>
·       Find out what makes the difference when employers are looking for cybersecurity professionals. 
<br/>
 
<br/>
<br/>
<br/>
 </div>","['Learning Domain', 'Technical skills - Cybersecurity', 'Learning Domain Primary', 'Cybersecurity']"
https://skills.yourlearning.ibm.com/activity/URL-JDFMV2KW11I,cybersecurity,Video,How it Works: Cybersecurity | IBM Think Academy,4 mins 50 s,583 learners have completed this activity in the past 12 months.,Average rating of 4.5 stars by 31 learners in the past 12 months.,31,"<h2 class=""FullPageDescription_title__WsNdH""><span dir=""ltr"" lang=""en"" translate=""yes"">About this learning activity</span></h2><div dir=""ltr"" lang=""en"" translate=""yes"">Having the proper response plan in place in case of a security breach can stop it from becoming a major disaster. Let's introduce how cybersecurity works.
<br/>
<br/>
This video is presented by IBM Think Academy.
<br/>
<br/>
After you complete this activity, return to this page to select <strong>Mark complete</strong> for completion credit.</div>","['Learning Domain', 'Technical skills - Cybersecurity', 'Learning Domain Primary', 'Cybersecurity', 'Lightcast Skills Taxonomy', 'Cyber Security Skill']"
https://skills.yourlearning.ibm.com/activity/ISG-SLA7155,cybersecurity,eLearning,IBM Security Expert Lecture Series: Cybersecurity and the law,54 mins,47 learners have completed this activity in the past 12 months.,Average rating of 5 stars by 2 learners in the past 12 months.,2,"<h2 class=""FullPageDescription_title__WsNdH""><span dir=""ltr"" lang=""en"" translate=""yes"">About this learning activity</span></h2><div dir=""ltr"" lang=""en"" translate=""yes"">This presentation looks at cybersecurity law, how it applies to corporations at a high level and how it applies to their cybersecurity operations. This presentation looks at cybersecurity law, how it applies to corporations at a high level and how it applies to their cybersecurity operations.
<p>This course requires you register for an IBMid to access.</p></div>","['Learning Domain', 'Technical skills - Cybersecurity', 'Learning Domain Primary', 'Cybersecurity']"
https://skills.yourlearning.ibm.com/activity/MDL-383,cybersecurity,eLearning,Cyber Investigator Part 2: An Interactive Cybersecurity Experience,1 hr,3697 learners have completed this activity in the past 12 months.,Average rating of 4.5 stars by 203 learners in the past 12 months.,203,"<h2 class=""FullPageDescription_title__WsNdH""><span dir=""ltr"" lang=""en"" translate=""yes"">About this learning activity</span></h2><div dir=""ltr"" lang=""en"" translate=""yes""><p>Join a team of cybersecurity investigators as they respond to a series of different cyber attacks. Travel through three different industries to help them conduct interviews, stop the attacks, solve puzzles, and restore things to normal.</p><p> </p><p><strong>Disclaimer</strong></p><p>To receive completion credit for this activity, learners must complete the full 30 minute experience at once. Progress cannot be saved. Partial completion will not be recognized.</p></div>","['Learning Domain', 'Technical skills - Cybersecurity', 'Learning Domain Primary', 'Cybersecurity']"
https://skills.yourlearning.ibm.com/activity/URL-YAQVURHA84M,cybersecurity,Video,Cybersecurity Quiz: How Much Do You Know? | IBM,11 mins,1750 learners have completed this activity in the past 12 months.,Average rating of 4.5 stars by 35 learners in the past 12 months.,35,"<h2 class=""FullPageDescription_title__WsNdH""><span dir=""ltr"" lang=""en"" translate=""yes"">About this learning activity</span></h2><div dir=""ltr"" lang=""en"" translate=""yes""><p>Let's find out what you know!  Watch this concise video to  evaluate what you know about cybersecurity.</p></div>","['Learning Domain', 'Technical skills - Cybersecurity', 'Learning Domain Primary', 'Cybersecurity']"
https://skills.yourlearning.ibm.com/activity/URL-735724680A3B,cybersecurity,Video,IBM SkillsBuild Presents: How to Become a Cybersecurity Professional,56 mins,3701 learners have completed this activity in the past 12 months.,Average rating of 4.5 stars by 269 learners in the past 12 months.,269,"<h2 class=""FullPageDescription_title__WsNdH""><span dir=""ltr"" lang=""en"" translate=""yes"">About this learning activity</span></h2><div dir=""ltr"" lang=""en"" translate=""yes""><p><strong>About this event: </strong> Cybersecurity skills are in high demand in many countries around the world and there are multiple professions in the fields. Many examples show that the cybersecurity field is well suited for a career change. But who is suitable for it and where is the best place to start?<br/><br/>
  In this recorded webinar, you will:</p>
<ul>
<li>Learn from the personal stories of an army career changer into cybersecurity and a founder of a social enterprise redefining inclusion and integration of migrants and refugees through industry-led education in cybersecurity.</li>
<li>Explore the typical working day of a cybersecurity professional.</li>
<li>Get insights into the skills needed to become a cybersecurity professional.</li>
<li>Understand first steps into cybersecurity learning.</li>
<li>Find out what makes the difference when employers are looking for cybersecurity professionals.</li>
</ul>
<br/><strong>Language</strong>: English 
<br/>
<br/>
 After you complete this activity, return to this page to select <strong>Mark complete</strong> for completion credit.</div>","['Learning Domain', 'Technical skills - Cybersecurity', 'Learning Domain Primary', 'Cybersecurity', 'Lightcast Skills Taxonomy', 'Cyber Security Skill']"
https://skills.yourlearning.ibm.com/activity/MDL-381,cybersecurity,eLearning,Cyber Investigator Part 1: An Interactive Cybersecurity Experience,30 mins,4200 learners have completed this activity in the past 12 months.,Average rating of 4.5 stars by 168 learners in the past 12 months.,168,"<h2 class=""FullPageDescription_title__WsNdH""><span dir=""ltr"" lang=""en"" translate=""yes"">About this learning activity</span></h2><div dir=""ltr"" lang=""en"" translate=""yes""><p>Join a team of cybersecurity investigators as they respond to a series of different cyber attacks. Travel through three different industries to help them conduct interviews, stop the attacks, solve puzzles, and restore things to normal.</p><p> </p><p><strong>Disclaimer</strong></p><p>To receive completion credit for this activity, learners must complete the full 30 minute experience at once. Progress cannot be saved. Partial completion will not be recognized.</p></div>","['Learning Domain', 'Technical skills - Cybersecurity', 'Learning Domain Primary', 'Cybersecurity']"
https://skills.yourlearning.ibm.com/activity/URL-DK-ZQQ-BFY4,cybersecurity,Video,8 Most Common Cybersecurity Threats | Types of Cyber Attacks | Cybersecurity for Beginners | Edureka,22 mins,1445 learners have completed this activity in the past 12 months.,Average rating of 4.5 stars by 44 learners in the past 12 months.,44,"<h2 class=""FullPageDescription_title__WsNdH""><span dir=""ltr"" lang=""en"" translate=""yes"">About this learning activity</span></h2><div dir=""ltr"" lang=""en"" translate=""yes""><p>This video will help you understand the types of cyber attacks that commonly plague businesses and how to tackle them and prevent them. The topics include:</p>
<ul>
<li>The 8 most common cyber threats</li>
<li>What the particular threat is</li>
<li>How the threat works</li>
<li>How to protect yourself</li>
</ul>This video is presented by Edureka. 
<br/>
<br/>
After you complete this activity, return to this page to select <strong>Mark complete</strong> for completion credit. 
<br/>
<br/><strong>Note</strong>: On the video toolbar, go to <strong>Settings</strong>, <strong> </strong>select <strong>Subtitles</strong>, <strong> </strong>select <strong>English</strong>, and then select <strong>Auto-Translate</strong> to enable subtitles in a language of your choice from the drop-down.</div>","['Learning Domain', 'Technical skills - Cybersecurity', 'Learning Domain Primary', 'Cybersecurity', 'Lightcast Skills Taxonomy', 'Cyber Security Skill']"
https://skills.yourlearning.ibm.com/activity/URL-1EE539817834,cybersecurity,Event,"How to Land a Cybersecurity Interview, featuring Kip Boyle: Session I",1 hr,259 learners have completed this activity in the past 12 months.,Average rating of 4.5 stars by 15 learners in the past 12 months.,15,"<h2 class=""FullPageDescription_title__WsNdH""><span dir=""ltr"" lang=""en"" translate=""yes"">About this learning activity</span></h2><div dir=""ltr"" lang=""en"" translate=""yes""><p>In this video, Kip Boyle, CEO and founder of Cyber Risk Opportunities, offers professional guidance on how to secure an interview in the cybersecurity arena.</p></div>","['Learning Domain', 'Technical skills - Cybersecurity', 'Learning Domain Primary', 'Cybersecurity', 'Lightcast Skills Taxonomy', 'Cyber Security Skill']"
https://skills.yourlearning.ibm.com/activity/URL-MUMJN-FH8TY,cybersecurity,Video,Ethical Hacking Roadmap | How to Become an Ethical Hacker | Cybersecurity Training | Edureka,10 mins,1095 learners have completed this activity in the past 12 months.,Average rating of 4.5 stars by 30 learners in the past 12 months.,30,"<h2 class=""FullPageDescription_title__WsNdH""><span dir=""ltr"" lang=""en"" translate=""yes"">About this learning activity</span></h2><div dir=""ltr"" lang=""en"" translate=""yes"">This video will help you understand what is ethical hacking and why it is important. You will also learn about a roadmap to become an ethical hacker as well as the needed skills and tools.
<br/>
<br/>
This video is presented by Edureka.
<br/>
<br/>
After you complete this activity, return to this page to select <strong>Mark complete</strong> for completion credit.
<br/>
<br/><strong>Note</strong>: On the video toolbar, go to <strong>Settings</strong>, <strong> </strong>select <strong>Subtitles</strong>, <strong> </strong>select <strong>English</strong>, and then select <strong>Auto-Translate</strong> to enable subtitles in a language of your choice from the drop-down.</div>","['Learning Domain', 'Technical skills - Cybersecurity', 'Learning Domain Primary', 'Cybersecurity', 'Lightcast Skills Taxonomy', 'Cyber Security Skill']"
https://skills.yourlearning.ibm.com/activity/URL-83BF5083A457,cybersecurity,Event,"How to Land a Cybersecurity Interview, featuring Kip Boyle: Session II",50 mins,196 learners have completed this activity in the past 12 months.,Average rating of 4.5 stars by 7 learners in the past 12 months.,7,"<h2 class=""FullPageDescription_title__WsNdH""><span dir=""ltr"" lang=""en"" translate=""yes"">About this learning activity</span></h2><div dir=""ltr"" lang=""en"" translate=""yes""><p>In this video replay, Kip Boyle, founder and CEO of Cyber Risk Opportunities, offers practical guidance on  how to secure an interview in cybersecurity. Kip provides in-the-moment feedback comparing cyber job postings to resumes.</p></div>","['Learning Domain', 'Technical skills - Cybersecurity', 'Learning Domain Primary', 'Cybersecurity', 'Lightcast Skills Taxonomy', 'Cyber Security Skill']"
https://skills.yourlearning.ibm.com/activity/URL-XKU7LMPGC_O,cybersecurity,Video,3 Popular Cybersecurity Jobs and How to Get One | CompTIA,6 mins 10 s,504 learners have completed this activity in the past 12 months.,Average rating of 4.5 stars by 44 learners in the past 12 months.,44,"<h2 class=""FullPageDescription_title__WsNdH""><span dir=""ltr"" lang=""en"" translate=""yes"">About this learning activity</span></h2><div dir=""ltr"" lang=""en"" translate=""yes""><p>Do you want to get into cybersecurity? If you’re intrigued but wondering what cybersecurity jobs are out there, how much money you could make and how to get one, check out this video from Zach Hill of I.T. Career Questions. He’s partnered with CompTIA to highlight three popular cybersecurity jobs and teach you how to get into cybersecurity with IT training and certifications from CompTIA. Zach describes three in-demand cybersecurity jobs and highlights the CompTIA cybersecurity certifications that employers look for:</p>
<ul>
<li>Cybersecurity analyst</li>
<li>Penetration tester</li>
<li>Security operations center (SOC) analyst</li>
</ul>This video is presented by CompTIA. 
<br/>
<br/>
After you complete this activity, return to this page to select <strong>Mark complete</strong> for completion credit. 
<br/>
<br/><strong>Note</strong>: On the video toolbar, go to <strong>Settings</strong>, <strong> </strong>select <strong>Subtitles</strong>, <strong> </strong>select <strong>English</strong>, and then select <strong>Auto-Translate</strong> to enable subtitles in a language of your choice from the drop-down.</div>","['Learning Domain', 'Technical skills - Cybersecurity', 'Learning Domain Primary', 'Cybersecurity', 'Lightcast Skills Taxonomy', 'Cyber Security Skill']"
https://skills.yourlearning.ibm.com/activity/PLAN-FD4A6451370B,cybersecurity,Learning Plan,Cybersecurity Basics Learning Track | Equal Access for IBM Federal Ecosystem Partners of All Sizes,Days,56 learners have completed this activity in the past 12 months.,Average rating of 5 stars by 10 learners in the past 12 months.,10,"<div dir=""ltr"" lang=""en"" translate=""yes"">This initial learning offering covers fundamentals for entry-level cyber activities and certification of network security expertise. Activities for the IBM Security Learning Academy introduce partners to more in-depth cybersecurity training and the Zero Trust environment as well as operational and advanced training on some of IBM's most powerful cyber tools. 
<br/>
<br/>
 Select <strong>Start tracking progress</strong> to enroll in this learning plan and get started!</div>","['Learning Domain', 'Technical skills - Cybersecurity', 'Learning Domain Primary', 'Cybersecurity', 'Lightcast Skills Taxonomy', 'Cyber Security Skill']"
https://skills.yourlearning.ibm.com/activity/MDL-403,cybersecurity,eLearning,Introduction to Cybersecurity,1 hr 15 mins,14594 learners have completed this activity in the past 12 months.,Average rating of 4.5 stars by 344 learners in the past 12 months.,344,"<h2 class=""FullPageDescription_title__WsNdH""><span dir=""ltr"" lang=""en"" translate=""yes"">About this learning activity</span></h2><div dir=""ltr"" lang=""en"" translate=""yes""><p>In this course, you’ll learn fundamental cybersecurity concepts. You will learn what cybersecurity is, including its objectives and key elements and the common misconceptions about it. You’ll discover core concepts for risk management and how they apply to cybersecurity. You’ll also explore legal and ethical considerations relevant to cybersecurity.<br/><br/><strong>What you’ll learn</strong><br/>
 After completing this course, you should be able to:</p>
<ul>
<li>Identify the objectives of the CIA triad and their relevance in various cybersecurity scenarios</li>
<li>Classify tasks by using the key elements of cybersecurity</li>
<li>Explain the ways to apply risk management concepts to cybersecurity</li>
<li>Describe common misconceptions about cybersecurity</li>
<li>Describe common types of laws and ethical considerations for cybersecurity</li>
</ul></div>","['Learning Domain', 'Technical skills - Cybersecurity', 'Learning Domain Primary', 'Cybersecurity']"
https://skills.yourlearning.ibm.com/activity/MDL-407,cybersecurity,eLearning,Cybersecurity: On the Defense,2 hrs 5 mins,10035 learners have completed this activity in the past 12 months.,Average rating of 4.5 stars by 141 learners in the past 12 months.,141,"<h2 class=""FullPageDescription_title__WsNdH""><span dir=""ltr"" lang=""en"" translate=""yes"">About this learning activity</span></h2><div dir=""ltr"" lang=""en"" translate=""yes""><p>In this course, you’ll learn about the defensive side of cybersecurity, meaning organizations and their techniques and tools. You’ll discover basic strategies that organizations take to detect and prevent cyberattacks and how organizations respond when incidents occur. You’ll explore standard encryption practices used to preserve data confidentiality. You’ll also learn about threat intelligence, including its benefits and sources.<br/><br/><strong>What you'll learn</strong><br/>
 After completing this course, you should be able to:</p>
<ul>
<li>Describe the financial impacts of cybercrime on organizations</li>
<li>Describe basic security strategy concepts</li>
<li>Describe strategies that organizations can use to prevent cyberattacks</li>
<li>Describe methods that organizations use to detect cyberattacks</li>
<li>Run an on-demand antimalware scan on a computer by using Malwarebytes</li>
<li>Describe basic concepts of cyberattack incident response</li>
<li>Explain basic cryptography concepts</li>
<li>Describe benefits, sources, and emerging technologies for threat intelligence</li>
</ul></div>","['Learning Domain', 'Technical skills - Cybersecurity', 'Learning Domain Primary', 'Cybersecurity']"
https://skills.yourlearning.ibm.com/activity/MDL-405,cybersecurity,eLearning,Cybersecurity: On the Offense,2 hrs 50 mins,10605 learners have completed this activity in the past 12 months.,Average rating of 4.5 stars by 161 learners in the past 12 months.,161,"<h2 class=""FullPageDescription_title__WsNdH""><span dir=""ltr"" lang=""en"" translate=""yes"">About this learning activity</span></h2><div dir=""ltr"" lang=""en"" translate=""yes""><p>In this course, you'll learn about the offensive side of cybersecurity. You'll discover the main types of threat actor or cyberattacker groups and their motivations, including money. You'll explore cyberattacks in detail, including the types of attacks and the techniques for planning attacks. You'll also examine several high-profile case studies of cyberattacks that demonstrate the large impact that such attacks can have.<br/><br/><strong>What you'll learn</strong><br/>
 After completing this course, you should be able to:</p>
<ul>
<li>Contrast the five main threat actor groups based on their profiles and characteristics</li>
<li>Describe common types of cyberattacks</li>
<li>Explain the overall structure of a typical cyberattack outlined in the Cyber Kill Chain framework</li>
<li>Identify cyberattacker tactics and techniques by using the MITRE ATT&amp;CK matrix</li>
<li>Explain key elements of the cybercrime ecosystem</li>
<li>Describe common social engineering techniques</li>
<li>Describe open-source intelligence (OSINT) and standard sources that cyberattackers use</li>
<li>Explain the purpose of and information provided by typical technical scanning techniques</li>
<li>Perform network reconnaissance by using network scanning tools</li>
<li>List the details and lessons learned from several high-profile cyberattacks</li>
</ul></div>","['Initiatives', 'AI2026', 'Learning Domain', 'Technical skills - Cybersecurity', 'Learning Domain Primary', 'Cybersecurity']"
https://skills.yourlearning.ibm.com/activity/ILB-DNRPWDGQGMMY7GGD,cybersecurity,eLearning,Cybersecurity Fundamentals,6 hrs,41463 learners have completed this activity in the past 12 months.,Average rating of 4.5 stars by 1984 learners in the past 12 months.,"1,984","<h2 class=""FullPageDescription_title__WsNdH""><span dir=""ltr"" lang=""en"" translate=""yes"">About this learning activity</span></h2><div dir=""ltr"" lang=""en"" translate=""yes""><p>Note: There is an updated version of this course available in <strong>English, Arabic, French, German, Japanese, Portuguese (Brazil), Spanish. </strong><a href=""https://ibm.biz/Bdv38G"" rel=""noopener noreferrer nofollow"" target=""_blank"">Click<strong> </strong>here</a> to take it.</p><p> </p><p><strong>Learn how to create a credly account to claim your digital credential </strong><a href=""https://skills.yourlearning.ibm.com/activity/URL-0E39749E2965"" rel=""noopener noreferrer nofollow"" target=""_blank""><strong>here</strong></a></p><p> </p><p>This course will provide you with an introduction to cybersecurity. From the offense perspective, you will learn about cyber attackers, their tactics, social engineering, and high profile case studies. From the defense perspective, you will learn about common approaches organizations take to prevent, detect, and respond to cyber attacks. You will also learn about career opportunities in this exciting, growing field.<br/><br/>Complete this course to earn the <strong>Cybersecurity Fundamentals badge</strong>!<br/><br/><strong>Expected duration</strong>: This course will take you about 6 hours.<br/><br/><strong>Languages</strong>: English, Arabic, Brazilian Portuguese, Czech, Dutch, French, German, Hindi, Italian, Japanese, Polish, Spanish, Traditional Chinese, Turkish and Ukrainian</p></div>","['Badge Learning', '000 All digital credentials', 'Cybersecurity Fundamentals', 'Fundamentals', 'All Fundamentals', 'Learning Domain', 'Technical skills - Cybersecurity', 'Learning Domain Primary', 'Cybersecurity', 'Lightcast Skills Taxonomy', 'Cyber Security Skill']"
https://skills.yourlearning.ibm.com/activity/ILB-EKEQWXENZJVJ1JKX,cybersecurity,eLearning,IBM and Cybersecurity,30 mins,33845 learners have completed this activity in the past 12 months.,Average rating of 4.5 stars by 834 learners in the past 12 months.,834,"<h2 class=""FullPageDescription_title__WsNdH""><span dir=""ltr"" lang=""en"" translate=""yes"">About this learning activity</span></h2><div dir=""ltr"" lang=""en"" translate=""yes""><p>Get a feel for cybersecurity as a career. You'll see how IBM is helping clients defend against cyberattacks and respond to broader security threats. You’ll also learn about basic cybersecurity terminology and types of cyberattacks.</p>
<br/>
<p><strong>Duration:</strong> Complete the activities in this course and earn 30 minutes of learning credit!</p></div>","['Badge Learning', 'Explore Emerging Tech', 'Learning Domain', 'Other - Emerging technologies', 'Technical skills - Cybersecurity', 'Learning Domain Primary', 'Cybersecurity', 'Lightcast Skills Taxonomy', 'Cyber Security Skill']"
https://skills.yourlearning.ibm.com/activity/ILB-XVZEKQZWWNVN4M3Z,cybersecurity,eLearning,How is cybersecurity used?,30 mins,35657 learners have completed this activity in the past 12 months.,Average rating of 4.5 stars by 864 learners in the past 12 months.,864,"<h2 class=""FullPageDescription_title__WsNdH""><span dir=""ltr"" lang=""en"" translate=""yes"">About this learning activity</span></h2><div dir=""ltr"" lang=""en"" translate=""yes""><p>Learn about Havyn, the voice-enabled cybersecurity assistant, and watch a team in action as they isolate cyberattacks and shut down the threat. Then, try it for yourself and test your cyber-defense skills with the NOVA Cybersecurity Lab.</p>
<br/>
<p><strong>Duration:</strong> Complete the activities in this course and earn 30 minutes of learning credit!</p></div>","['Badge Learning', 'Explore Emerging Tech', 'Learning Domain', 'Other - Emerging technologies', 'Technical skills - Cybersecurity', 'Learning Domain Primary', 'Cybersecurity', 'Lightcast Skills Taxonomy', 'Cyber Security Skill']"
https://skills.yourlearning.ibm.com/activity/MDL-409,cybersecurity,eLearning,Your Future in Cybersecurity: The Job Landscape,1 hr,13254 learners have completed this activity in the past 12 months.,Average rating of 4.5 stars by 169 learners in the past 12 months.,169,"<h2 class=""FullPageDescription_title__WsNdH""><span dir=""ltr"" lang=""en"" translate=""yes"">About this learning activity</span></h2><div dir=""ltr"" lang=""en"" translate=""yes""><p>Organizations recognize the key role of cybersecurity in protecting their systems, networks, and data. They are actively seeking professionals with expertise to prevent, detect, contain, and recover from cyberattacks. As a result, the demand for skilled cybersecurity professionals grows every day. In this course, you’ll learn about the cybersecurity job market and the skills that cybersecurity professionals need to be successful. You’ll also find resources and learning opportunities so you can explore more.<br/><br/><strong>What you’ll learn</strong><br/>
 After completing this course, you should be able to:</p>
<ul>
<li>Identify industries in which cybersecurity professionals work</li>
<li>Recognize the global demand for cybersecurity professionals in the job market</li>
<li>Describe the key responsibilities and tasks of roles in the cybersecurity field</li>
<li>Describe the baseline and workplace skills and knowledge that cybersecurity professionals need</li>
<li>List industry-recognized cybersecurity certifications</li>
<li>Identify the resources to learn more and stay up to date in the field of cybersecurity</li>
</ul></div>","['Learning Domain', 'Technical skills - Cybersecurity', 'Workplace skills - Workforce readiness', 'Learning Domain Primary', 'Cybersecurity']"
https://skills.yourlearning.ibm.com/activity/PLAN-3CD39552C435,cybersecurity,Learning Plan,City and Guilds: Journey into Tech,About 4 hours,54 learners have completed this activity in the past 12 months.,Average rating of 5 stars by 6 learners in the past 12 months.,6,"<div dir=""ltr"" lang=""en"" translate=""yes""><p>Follow us for a journey into tech, covering the basic topics you need to know to work as an IT Support Specialist, Cybersecurity Specialist, and Cloud Computing.</p></div>",[]
https://skills.yourlearning.ibm.com/activity/ISG-C110077G,cybersecurity,eLearning,Implementing Encryption Models,42 mins,348 learners have completed this activity in the past 12 months.,Average rating of 4.5 stars by 8 learners in the past 12 months.,8,"<h2 class=""FullPageDescription_title__WsNdH""><span dir=""ltr"" lang=""en"" translate=""yes"">About this learning activity</span></h2><div dir=""ltr"" lang=""en"" translate=""yes""><p>In this course, you will learn to how to implement data protection on IBM Cloud.</p>This course describes how to implement data protection and encryption models on IBM Cloud. 
<p>This course requires you register for an IBMid to access.</p></div>","['Learning Domain', 'Technical skills - Cybersecurity', 'Learning Domain Primary', 'Cybersecurity']"
https://skills.yourlearning.ibm.com/activity/PLAN-B1962A6BDFAD,cybersecurity,Learning Plan,CyberDay Gaynes School,About 1 day,15 learners have completed this activity in the past 12 months.,Average rating of 4.5 stars by 3 learners in the past 12 months.,3,"<div dir=""ltr"" lang=""en"" translate=""yes"">Learn more about Cybersecurity on SkillsBuild! 
<br/>
Start your learning experience to prepare for your York visit.</div>","['Learning Domain', 'Technical skills - Cybersecurity', 'Learning Domain Primary', 'Cybersecurity']"
https://skills.yourlearning.ibm.com/activity/URL-177B9DBEECCD,cybersecurity,Guidance,IBM SkillsBuild: Main Career Pathways,30 mins,229 learners have completed this activity in the past 12 months.,Average rating of 5 stars by 12 learners in the past 12 months.,12,"<h2 class=""FullPageDescription_title__WsNdH""><span dir=""ltr"" lang=""en"" translate=""yes"">About this learning activity</span></h2><div dir=""ltr"" lang=""en"" translate=""yes""><p>In this replay, Usame Samim, a content manager for IBM SkillsBuild, offers an overview of the cybersecurity, data analysis, and web development learning pathways available to learners.</p></div>","['Learning Domain', 'Technical skills - Cybersecurity', 'Learning Domain Primary', 'Cybersecurity', 'Lightcast Skills Taxonomy', 'Data Analysis Skill', 'Cyber Security Skill']"
https://skills.yourlearning.ibm.com/activity/PLAN-830ED921FAB4,cybersecurity,Learning Plan,Getting started with Technology,About 30 minutes,16 learners have completed this activity in the past 12 months.,Average rating of 5 stars by 1 learner in the past 12 months.,1,"<div dir=""ltr"" lang=""en"" translate=""yes""><p>Curious about tech skills? These videos are designed to provide a foundational understanding of six crucial technology domains: Artificial Intelligence (AI), Data, Cloud Computing, Cybersecurity, Information Technology (IT), and User Experience (UX). Each video will introduce key concepts in these fields providing introductory knowledge for aspiring technologists and professionals who may be looking to expand their expertise.</p></div>",[]
https://skills.yourlearning.ibm.com/activity/URL-8D5CC0162203,cybersecurity,Video,CompTIA 220-1001 A+ Training Course,9 hrs 21 mins,62 learners have completed this activity in the past 12 months.,Average rating of 4.5 stars by 9 learners in the past 12 months.,9,"<h2 class=""FullPageDescription_title__WsNdH""><span dir=""ltr"" lang=""en"" translate=""yes"">About this learning activity</span></h2><div dir=""ltr"" lang=""en"" translate=""yes""><p>Presented by Professor Messer.<br/><br/>After you complete this activity, return to this page to select <strong>Mark complete</strong> for completion credit.</p></div>","['Learning Domain', 'Technical skills - Cybersecurity', 'Learning Domain Primary', 'Cybersecurity']"
https://skills.yourlearning.ibm.com/activity/ISG-DL70239G,cybersecurity,eLearning,Overview of Network Strategies for the VPC Network,30 mins,31 learners have completed this activity in the past 12 months.,Average rating of 5 stars by 3 learners in the past 12 months.,3,"<h2 class=""FullPageDescription_title__WsNdH""><span dir=""ltr"" lang=""en"" translate=""yes"">About this learning activity</span></h2><div dir=""ltr"" lang=""en"" translate=""yes""><p>This course covers the IBM Cloud VPC network infrastructure, including access control lists and security groups. This course will also cover the advantages of VPC interconnectivity and bare metal servers for VPC.</p>This course covers the IBM Cloud VPC network infrastructure, including access control lists and security groups. 
<p>This course requires you register for an IBMid to access.</p></div>","['Learning Domain', 'Technical skills - Cybersecurity', 'Learning Domain Primary', 'Cybersecurity']"
https://skills.yourlearning.ibm.com/activity/URL-8D79C54EB7BF,cybersecurity,Video,Secure Coding - Security Mentality (1 of 2),8 mins,31 learners have completed this activity in the past 12 months.,Average rating of 5 stars by 5 learners in the past 12 months.,5,"<h2 class=""FullPageDescription_title__WsNdH""><span dir=""ltr"" lang=""en"" translate=""yes"">About this learning activity</span></h2><div dir=""ltr"" lang=""en"" translate=""yes""><p>Presented by Red Hat.<br/><br/>After you complete this activity, return to this page to select <strong>Mark complete</strong> for completion credit.</p></div>","['Learning Domain', 'Technical skills - Cybersecurity', 'Learning Domain Primary', 'Cybersecurity']"
https://skills.yourlearning.ibm.com/activity/ISG-DL70240G,cybersecurity,eLearning,Security and Compliance Services,2 hrs 12 mins,36 learners have completed this activity in the past 12 months.,Average rating of 5 stars by 5 learners in the past 12 months.,5,"<h2 class=""FullPageDescription_title__WsNdH""><span dir=""ltr"" lang=""en"" translate=""yes"">About this learning activity</span></h2><div dir=""ltr"" lang=""en"" translate=""yes""><p>This course introduces Security and Compliance Services for IBM Cloud VMware Solutions. You will explore offerings that are available to ensure secure and compliant workloads, working with IBM's Security and Compliance Center, and typical use cases for the various security and compliance offerings.</p>This course introduces Security and Compliance Services for IBM Cloud VMware Solutions. 
<p>This course requires you register for an IBMid to access.</p></div>","['Learning Domain', 'Technical skills - Cybersecurity', 'Learning Domain Primary', 'Cybersecurity']"
https://skills.yourlearning.ibm.com/activity/PLAN-2ED19AD27C71,cybersecurity,Learning Plan,Advance Your Skills in Tech Domains,About 30 minutes,10 learners have completed this activity in the past 12 months.,Average rating of 4 stars by 1 learner in the past 12 months.,1,"<div dir=""ltr"" lang=""en"" translate=""yes""><p>Curious about different technologies? This learning plan is perfect for individuals looking to enhance their expertise in the technology field. </p>
<p>Choose the topic in which you would like to advance your skills:</p>
<ul>
<li>Cybersecurity</li>
<li>Artificial Intelligence</li>
<li>Data Analytics</li>
<li>Cloud</li>
<li>User Experience (UX)</li>
<li>IT Support </li>
</ul></div>",[]
https://skills.yourlearning.ibm.com/activity/ISG-C110075G,cybersecurity,eLearning,Monitoring and Managing Security Threats on IBM Cloud,30 mins,24 learners have completed this activity in the past 12 months.,Average rating of 4 stars by 4 learners in the past 12 months.,4,"<h2 class=""FullPageDescription_title__WsNdH""><span dir=""ltr"" lang=""en"" translate=""yes"">About this learning activity</span></h2><div dir=""ltr"" lang=""en"" translate=""yes""><p>In this course, you will learn an overview of monitoring and managing security threats on IBM Cloud. This course discusses the various security options that are available in IBM Cloud and how to apply code patterns to a solution.</p>This course identifies how to monitor and manage security threats on IBM Cloud. 
<p>This course requires you register for an IBMid to access.</p></div>","['Learning Domain', 'Technical skills - Cybersecurity', 'Technical Skills - Cloud', 'Learning Domain Primary', 'Cybersecurity']"
https://skills.yourlearning.ibm.com/activity/URL-FF97E787BA0C,cybersecurity,Video,Secure Coding - Security Mentality (2 of 2),8 mins,30 learners have completed this activity in the past 12 months.,Average rating of 5 stars by 1 learner in the past 12 months.,1,"<h2 class=""FullPageDescription_title__WsNdH""><span dir=""ltr"" lang=""en"" translate=""yes"">About this learning activity</span></h2><div dir=""ltr"" lang=""en"" translate=""yes""><p>Presented by Red Hat.<br/><br/>After you complete this activity, return to this page to select <strong>Mark complete</strong> for completion credit.</p></div>","['Learning Domain', 'Technical skills - Cybersecurity', 'Learning Domain Primary', 'Cybersecurity']"
https://skills.yourlearning.ibm.com/activity/URL-30D404DBD257,cybersecurity,Video,CompTIA 220-1002 A+ Training Course,9 hrs 8 mins,35 learners have completed this activity in the past 12 months.,Average rating of 4 stars by 4 learners in the past 12 months.,4,"<h2 class=""FullPageDescription_title__WsNdH""><span dir=""ltr"" lang=""en"" translate=""yes"">About this learning activity</span></h2><div dir=""ltr"" lang=""en"" translate=""yes""><p>Presented by Professor Messer.<br/><br/>After you complete this activity, return to this page to select <strong>Mark complete</strong> for completion credit.</p></div>","['Learning Domain', 'Technical skills - Cybersecurity', 'Learning Domain Primary', 'Cybersecurity']"
https://skills.yourlearning.ibm.com/activity/URL-240F15625B2F,cybersecurity,Webpage,Voices of Security,15 mins,901 learners have completed this activity in the past 12 months.,Average rating of 4 stars by 248 learners in the past 12 months.,248,"<h2 class=""FullPageDescription_title__WsNdH""><span dir=""ltr"" lang=""en"" translate=""yes"">About this learning activity</span></h2><div dir=""ltr"" lang=""en"" translate=""yes""><p>The security industry is full of dedicated, passionate individuals doing stellar work every day to keep the world’s data safe. Check out this series by Security Intelligence to meet the heroes of IBM Security and discover what drew them to the industry, what drives them to fight cybercrime and how their work helps free organizations to thrive in the face of cyber uncertainty.<br/><br/><strong>Note:</strong> This activity is currently available only in English.</p></div>","['Learning Domain', 'Technical skills - Cybersecurity', 'Learning Domain Primary', 'Cybersecurity']"
https://skills.yourlearning.ibm.com/activity/PLAN-3B9FFEDE788B,cybersecurity,Learning Plan,Fortinet Certified Associate (FCA),About 6 hours,1535 learners have completed this activity in the past 12 months.,Average rating of 4.5 stars by 55 learners in the past 12 months.,55,"<div dir=""ltr"" lang=""en"" translate=""yes""><strong>The Fortinet Certified Associate</strong> <strong>(FCA) certification</strong> validates your ability to execute high-level operation of FortiGate devices. This curriculum will offer a course that covers the fundamental operating procedures for the most common FortiGate features. 
<br/>
<br/><strong>To achieve FCA certification in Cybersecurity</strong>, professionals <u>must complete</u> FortiGate Operator course. 
<br/>
<br/>
 For more information, refer to the following <a href=""https://helpdesk.training.fortinet.com/en/support/solutions/articles/73000607789-what-is-the-difference-between-an-exam-badge-and-a-certification-badge-"" rel=""noopener noreferrer nofollow"" target=""_blank"">knowledge base article</a> in the Fortinet Training Institute Helpdesk.</div>","['Learning Domain', 'Technical skills - Cybersecurity', 'Learning Domain Primary', 'Cybersecurity']"
https://skills.yourlearning.ibm.com/activity/URL-3DD310276921,cybersecurity,Webpage,The COVID-19 cyberwar: How to protect your business | IBM Institute for Business Value,20 mins,155 learners have completed this activity in the past 12 months.,Average rating of 3.5 stars by 3 learners in the past 12 months.,3,"<h2 class=""FullPageDescription_title__WsNdH""><span dir=""ltr"" lang=""en"" translate=""yes"">About this learning activity</span></h2><div dir=""ltr"" lang=""en"" translate=""yes"">Cybersecurity threats have escalated, as bad actors take advantage of the pandemic. 
<br/>
<br/>
This report is presented by IBM Institute for Business Value, and authored by Wendi Whitmore and Gerry Parham. 
<br/>
<br/>
After you complete this activity, return to this page to select  <strong>Mark complete</strong> for completion credit.  
<br/>
<br/><strong>Note</strong>: This activity is available only in English. 
<br/>
 </div>","['Learning Domain', 'Technical skills - Cybersecurity', 'Learning Domain Primary', 'Cybersecurity', 'Lightcast Skills Taxonomy', 'Cyber Security Skill']"
https://skills.yourlearning.ibm.com/activity/ISG-C110089G,cybersecurity,eLearning,Troubleshoot inter service connectivity on IBM Cloud,30 mins,24 learners have completed this activity in the past 12 months.,Average rating of 4.5 stars by 2 learners in the past 12 months.,2,"<h2 class=""FullPageDescription_title__WsNdH""><span dir=""ltr"" lang=""en"" translate=""yes"">About this learning activity</span></h2><div dir=""ltr"" lang=""en"" translate=""yes""><p>In this course, you will learn how to troubleshoot inter service connectivity for Transit Gateways, Private and Service Endpoints, ACLs and Security Groups.</p>This course identifies the methods to troubleshoot inter service connectivity, as well as the limitations and user case for each type. 
<p>This course requires you register for an IBMid to access.</p></div>","['Learning Domain', 'Technical skills - Cybersecurity', 'Technical Skills - Cloud', 'Learning Domain Primary', 'Cybersecurity', 'Lightcast Skills Taxonomy', 'Troubleshooting (Problem Solving) Skill']"
https://skills.yourlearning.ibm.com/activity/MDL-199,cybersecurity,eLearning,Security Measures and Security Options in IBM Cloud,12 mins,61 learners have completed this activity in the past 12 months.,Average rating of 4.5 stars by 8 learners in the past 12 months.,8,"<h2 class=""FullPageDescription_title__WsNdH""><span dir=""ltr"" lang=""en"" translate=""yes"">About this learning activity</span></h2><div dir=""ltr"" lang=""en"" translate=""yes""><p>This course introduces the learner to the security measures and security options within IBM Cloud including readiness, encryption and shared responsibility.<br/></p></div>","['Learning Domain', 'Technical skills - Cybersecurity', 'Learning Domain Primary', 'Cybersecurity']"
https://skills.yourlearning.ibm.com/activity/ISG-DL10034G,cybersecurity,eLearning,Introduction to IBM WebSphere Automation,2 hrs,28 learners have completed this activity in the past 12 months.,Average rating of 5 stars by 1 learner in the past 12 months.,1,"<h2 class=""FullPageDescription_title__WsNdH""><span dir=""ltr"" lang=""en"" translate=""yes"">About this learning activity</span></h2><div dir=""ltr"" lang=""en"" translate=""yes""><p>This course is intended for server administrators who need to ensure the security of WebSphere Application Server and Liberty installations by detecting unresolved security vulnerabilities that affect them. By using WebSphere Automation, administrators can more easily plan their response to security vulnerabilities and no longer need to manually evaluate security bulletins for relevance or applicability.</p>This course is intended for server administrators who need to ensure the security of WebSphere Application Server and Liberty installations by detecting unresolved security vulnerabilities.
<p>This course requires you register for an IBMid to access.</p></div>","['Learning Domain', 'Technical skills - Cybersecurity', 'Learning Domain Primary', 'Cybersecurity', 'Lightcast Skills Taxonomy', 'Automation Skill', 'Vulnerability Skill']"
https://skills.yourlearning.ibm.com/activity/ISG-DL70307G,cybersecurity,eLearning,Security Considerations for SAP on IBM Cloud,48 mins,47 learners have completed this activity in the past 12 months.,Average rating of 4.5 stars by 2 learners in the past 12 months.,2,"<h2 class=""FullPageDescription_title__WsNdH""><span dir=""ltr"" lang=""en"" translate=""yes"">About this learning activity</span></h2><div dir=""ltr"" lang=""en"" translate=""yes""><p>This course explores the importance of network isolation and includes options for ensuring the safety of SAP workloads on IBM Cloud, including security at the edge and data encryption options.</p>This course explores the importance of network isolation and includes options for ensuring the safety of SAP workloads on IBM Cloud, including security at the edge and data encryption options.
<p>This course requires you register for an IBMid to access.</p></div>","['Learning Domain', 'Technical skills - Cybersecurity', 'Technical Skills - Cloud', 'Learning Domain Primary', 'Cloud computing', 'Lightcast Skills Taxonomy', 'SAP Applications Skill']"
https://skills.yourlearning.ibm.com/activity/ISG-DL70238G,cybersecurity,eLearning,Overview of Network Strategies for the Classic Network,54 mins,15 learners have completed this activity in the past 12 months.,Average rating of 5 stars by 2 learners in the past 12 months.,2,"<h2 class=""FullPageDescription_title__WsNdH""><span dir=""ltr"" lang=""en"" translate=""yes"">About this learning activity</span></h2><div dir=""ltr"" lang=""en"" translate=""yes""><p>This course reviews the IBM classic network infrastructure, including network connections and security. Additionally, this course covers effective strategies to connect to IBM Cloud using Direct Link. Finally, this course differentiates between the IBM Cloud Gateway Appliance options to add security and network services at the edge of public or private cloud environments. </p>This course reviews the IBM classic network infrastructure, including network connections and security. Additionally, this course covers effective strategies to connect to IBM Cloud using Direct Link.
<p>This course requires you register for an IBMid to access.</p></div>","['Learning Domain', 'Technical skills - Cybersecurity', 'Learning Domain Primary', 'Cybersecurity']"
https://skills.yourlearning.ibm.com/activity/MDL-210,cybersecurity,eLearning,IBM Cloud Security and Monitoring Services,12 mins,55 learners have completed this activity in the past 12 months.,Average rating of 4.5 stars by 8 learners in the past 12 months.,8,"<h2 class=""FullPageDescription_title__WsNdH""><span dir=""ltr"" lang=""en"" translate=""yes"">About this learning activity</span></h2><div dir=""ltr"" lang=""en"" translate=""yes""><p>This course introduces the learner to IBM Cloud security and monitoring services including monitoring, logging, the Activity Tracker, and IBMs Security Compliance Center.<br/></p></div>","['Learning Domain', 'Technical skills - Cybersecurity', 'Learning Domain Primary', 'Cybersecurity']"
https://skills.yourlearning.ibm.com/activity/ISG-C110076G,cybersecurity,eLearning,Implementing and Managing Security Policies on IBM Cloud,42 mins,17 learners have completed this activity in the past 12 months.,,,"<h2 class=""FullPageDescription_title__WsNdH""><span dir=""ltr"" lang=""en"" translate=""yes"">About this learning activity</span></h2><div dir=""ltr"" lang=""en"" translate=""yes""><p>This course teaches you how to deploy, configure, and enable IBM Cloud security policy solutions. In addition, as IBM Cloud Site Reliability Engineers (SRE), this course enhances your knowledge on IBM Cloud security policies including compliance, data security, privacy, and access management.</p>This course articulates how to implement and manage security policies on IBM Cloud. 
<p>This course requires you register for an IBMid to access.</p></div>","['Learning Domain', 'Technical skills - Cybersecurity', 'Technical Skills - Cloud', 'Learning Domain Primary', 'Cybersecurity', 'Lightcast Skills Taxonomy', 'Security Policies Skill', 'Management Skill']"
https://skills.yourlearning.ibm.com/activity/ISG-DL70332G,cybersecurity,eLearning,Security Engineer Accelerator Badge,30 mins,23 learners have completed this activity in the past 12 months.,,,"<h2 class=""FullPageDescription_title__WsNdH""><span dir=""ltr"" lang=""en"" translate=""yes"">About this learning activity</span></h2><div dir=""ltr"" lang=""en"" translate=""yes""><p>The IBM Cloud Security Engineer Accelerator badge is for jam participants who have a fundamental knowledge of cloud security and are interested in developing skills to support the security of their organizations cloud presence. This achievement is a stepping stone to earning the IBM Cloud Security Engineer certification.</p>The IBM Cloud Security Engineer Accelerator badge is for jam participants who have a fundamental knowledge of cloud security.
<p>This course requires you register for an IBMid to access.</p></div>","['Learning Domain', 'Technical skills - Cybersecurity', 'Learning Domain Primary', 'Cybersecurity', 'Lightcast Skills Taxonomy', 'Cloud Security Skill']"
https://skills.yourlearning.ibm.com/activity/URL-2VSNN7UIXN8,cybersecurity,Video,What is Ethical Hacking? | Ethical Hacking for Beginners | Ethical Hacking Course | Edureka,16 mins,1592 learners have completed this activity in the past 12 months.,Average rating of 4.5 stars by 65 learners in the past 12 months.,65,"<h2 class=""FullPageDescription_title__WsNdH""><span dir=""ltr"" lang=""en"" translate=""yes"">About this learning activity</span></h2><div dir=""ltr"" lang=""en"" translate=""yes""><p>This video will give you an introduction to the fundamentals of ethical hacking. The topics include:</p>
<ul>
<li>What is ethical hacking?</li>
<li>Types of hackers</li>
<li>Types of hacking</li>
<li>Phases of ethical hacking</li>
<li>Reconnaissance</li>
<li>Footprinting</li>
<li>Fingerprinting</li>
</ul>
<p>This video is presented by Edureka.<br/><br/>
 After you complete this activity, return to this page to select <strong>Mark complete</strong> for completion credit.<br/><br/><strong>Note</strong>: On the video toolbar, go to <strong>Settings</strong>, <strong> </strong>select <strong>Subtitles</strong>, <strong> </strong>select <strong>English</strong>, and then select <strong>Auto-Translate</strong> to enable subtitles in a language of your choice from the drop-down.</p></div>","['Learning Domain', 'Technical skills - Cybersecurity', 'Learning Domain Primary', 'Cybersecurity']"
https://skills.yourlearning.ibm.com/activity/URL-B1B68A94EB37,cybersecurity,eLearning,Sicherheit im Internet | openHPI,25 hrs,680 learners have completed this activity in the past 12 months.,Average rating of 4 stars by 19 learners in the past 12 months.,19,"<h2 class=""FullPageDescription_title__WsNdH""><span dir=""ltr"" lang=""en"" translate=""yes"">About this learning activity</span></h2><div dir=""ltr"" lang=""de"" translate=""yes""><p>Dieser Kurs führt in die Grundbegriffe der Internetsicherheit ein: Hier lernen Sie nicht nur, was formelle Sicherheitsziele sind, sondern auch, warum das Internet in seinem Grunddesign unsicher ist. Die häufigsten Schwachstellen des Internets werden dargelegt, wie diese ausgenutzt werden können und schließlich, wie Sie sich schützen können.<br/><br/>
 Bitte beachten Sie: Dieser Kurs ist kostenlos. Erstellen Sie einen Zugang auf OpenHPI dafür.<br/><br/>
 Nachdem Sie diese Aktivität abgeschlossen haben, kehren Sie zu dieser Seite zurück, um sie mit der Option <strong>Als abgeschlossen markieren</strong> (Mark complete).</p></div>","['Learning Domain', 'Technical skills - Cybersecurity', 'Learning Domain Primary', 'Cybersecurity', 'Popular Subjects', 'Security']"
https://skills.yourlearning.ibm.com/activity/URL-5JPGMXT1Z9Y,cybersecurity,Video,What is Cryptography? | Introduction to Cryptography | Cryptography for Beginners | Edureka,17 mins,1254 learners have completed this activity in the past 12 months.,Average rating of 4.5 stars by 30 learners in the past 12 months.,30,"<h2 class=""FullPageDescription_title__WsNdH""><span dir=""ltr"" lang=""en"" translate=""yes"">About this learning activity</span></h2><div dir=""ltr"" lang=""en"" translate=""yes""><p>Cryptography is essential to protect the information shared across the internet. This video explains the fundamental concepts along with various encryption techniques. The topics include:</p>
<ul>
<li>What is cryptography?</li>
<li>Classification of cryptography</li>
<li>How various crytographic algorithms work</li>
<li>A demo on RSA Cryptography</li>
</ul>This video is presented by Edureka. 
<br/>
<br/>
After you complete this activity, return to this page to select <strong>Mark complete</strong> for completion credit. 
<br/>
<br/><strong>Note</strong>: On the video toolbar, go to <strong>Settings</strong>, <strong> </strong>select <strong>Subtitles</strong>, <strong> </strong>select <strong>English</strong>, and then select <strong>Auto-Translate</strong> to enable subtitles in a language of your choice from the drop-down.</div>","['Learning Domain', 'Technical skills - Cybersecurity', 'Learning Domain Primary', 'Cybersecurity', 'Lightcast Skills Taxonomy', 'Algorithms Skill']"
https://skills.yourlearning.ibm.com/activity/URL-ZL6446SHQ08,cybersecurity,Video,How to Create Strong Passwords | Consumer Reports,4 mins 4 s,484 learners have completed this activity in the past 12 months.,Average rating of 4.5 stars by 43 learners in the past 12 months.,43,"<h2 class=""FullPageDescription_title__WsNdH""><span dir=""ltr"" lang=""en"" translate=""yes"">About this learning activity</span></h2><div dir=""ltr"" lang=""en"" translate=""yes""><p>Think your passwords are tough to hack? Think again. We crack the code on how to protect your most private information.<br/><br/>
 This video is presented by Consumer Reports.<br/><br/>
 After you complete this activity, return to this page to select <strong>Mark complete</strong> for completion credit.<br/><br/><strong>Note</strong>: On the video toolbar, go to <strong>Settings</strong>, select <strong>Subtitles</strong>, select <strong>English</strong>, and then select <strong>Auto-Translate </strong>to enable subtitles in a language of your choice from the drop-down.</p></div>","['Learning Domain', 'Technical skills - Cybersecurity', 'Learning Domain Primary', 'Cybersecurity']"
https://skills.yourlearning.ibm.com/activity/URL-EAD5DF36F78A,cybersecurity,Webpage,9 Types of Cloud Computing (With Definition and Tips) | Indeed Career Guide,10 mins,278 learners have completed this activity in the past 12 months.,Average rating of 5 stars by 3 learners in the past 12 months.,3,"<h2 class=""FullPageDescription_title__WsNdH""><span dir=""ltr"" lang=""en"" translate=""yes"">About this learning activity</span></h2><div dir=""ltr"" lang=""en"" translate=""yes"">Organizations looking for ways to store and access their data often may consider cloud computing services. Clouds can help companies reduce their IT operational costs, strengthen their cybersecurity system and boost their computing speeds. In this article, you will learn what cloud computing is, explain five types of cloud deployment systems and assess four different cloud computing services.
<br/>
<br/>
This article is presented by <a href=""https://www.indeed.com/career-advice/"" rel=""noopener noreferrer nofollow"" target=""_blank"">Indeed Career Guide</a>.
<br/>
<br/>
After you complete this activity, return to this page to select <strong>Mark complete</strong> for completion credit.
<br/>
<br/><strong>Note</strong>: This activity is available only in English.</div>","['Learning Domain', 'Technical Skills - Cloud', 'Learning Domain Primary', 'Cloud computing']"
https://skills.yourlearning.ibm.com/activity/URL-JI8IKPJICSM,cybersecurity,Video,What is Cloud Security? | IBM Technology,10 mins,393 learners have completed this activity in the past 12 months.,Average rating of 4.5 stars by 14 learners in the past 12 months.,14,"<h2 class=""FullPageDescription_title__WsNdH""><span dir=""ltr"" lang=""en"" translate=""yes"">About this learning activity</span></h2><div dir=""ltr"" lang=""en"" translate=""yes"">Check out this lightboard video with Nataraj Nagaratnam from IBM Cloud as he maps out what cloud security is and explains how important it is for enterprises to incorporate it into their business operations.
<br/>
<br/>
After you complete this activity, return to this page to select <strong>Mark complete</strong> for completion credit.
<br/>
<br/><strong>Note</strong>: On the video toolbar, go to <strong>Settings</strong>, <strong> </strong>select <strong>Subtitles</strong>, <strong> </strong>select <strong>English</strong>, and then select <strong>Auto-Translate</strong> to enable subtitles in a language of your choice from the drop-down.</div>","['Learning Domain', 'Technical skills - Cybersecurity', 'Technical Skills - Cloud', 'Learning Domain Primary', 'Cybersecurity', 'Lightcast Skills Taxonomy', 'Cloud Security Skill', 'Business Operations Skill']"
https://skills.yourlearning.ibm.com/activity/ISG-DL70325G,cybersecurity,eLearning,Professional SRE Principles,30 mins,20 learners have completed this activity in the past 12 months.,Average rating of 4 stars by 5 learners in the past 12 months.,5,"<h2 class=""FullPageDescription_title__WsNdH""><span dir=""ltr"" lang=""en"" translate=""yes"">About this learning activity</span></h2><div dir=""ltr"" lang=""en"" translate=""yes""><p>The Professional SRE Principles badge is for learners who have learned how to manage incidents, develop a balanced action plan, and perform post incident reviews, along with monitoring and managing security threats, implementing encryption models and managing role-based access control on IBM Cloud. In addition, you have learned how to troubleshoot problems related to various network and server issues, manage virtual networks, configure name resolution and manage performance on IBM Cloud.</p>The Professional SRE Principles badge is for learners who have learned how to manage incidents, develop a balanced action plan, and perform post incident reviews, along with managing security threats.
<p>This course requires you register for an IBMid to access.</p></div>","['Learning Domain', 'Technical skills - Cybersecurity', 'Learning Domain Primary', 'Cybersecurity', 'Lightcast Skills Taxonomy', 'Troubleshooting (Problem Solving) Skill']"
https://skills.yourlearning.ibm.com/activity/ISG-DL70224G,cybersecurity,eLearning,IBM Cloud Satellite Flash Cards and Study Guides,2 hrs,17 learners have completed this activity in the past 12 months.,,,"<h2 class=""FullPageDescription_title__WsNdH""><span dir=""ltr"" lang=""en"" translate=""yes"">About this learning activity</span></h2><div dir=""ltr"" lang=""en"" translate=""yes""><p>The IBM Cloud Satellite study preparation content consists of study guides and flash cards the correlate with the online training courses in the IBM Cloud Satellite curriculum. These study materials provide the learner with content that will enable them to prepare for the certification examination. Content and practice questions focus on topics such as motivation for using IBM Cloud Satellite, the infrastructure requirements, setting up an IBM Cloud Satellite location, security for IBM Cloud Satellite, and deploying and debugging workloads on IBM Cloud Satellite locations.</p>The IBM Cloud Satellite study preparation content consists of study guides and flash cards the correlate with the online training courses in the IBM Cloud Satellite curriculum.
<p>This course requires you register for an IBMid to access.</p></div>","['Learning Domain', 'Technical skills - Cybersecurity', 'Technical Skills - Cloud', 'Learning Domain Primary', 'Cybersecurity']"
https://skills.yourlearning.ibm.com/activity/PLAN-8BA559FB451B,cybersecurity,Learning Plan,Fortinet Certified Fundamentals (FCF),About 10 hours,1902 learners have completed this activity in the past 12 months.,Average rating of 4.5 stars by 68 learners in the past 12 months.,68,"<div dir=""ltr"" lang=""en"" translate=""yes""><br/><strong>The Fortinet Certified Fundamentals (FCF) certification</strong> validates that you have mastered the technical knowledge and skills that are required for any entry-level job role in cybersecurity. This curriculum will offer courses that cover today’s threat landscape and the fundamentals of cybersecurity. 
<br/>
<br/><strong>To achieve a Fortinet Certified Fundamentals (FCF) certification in cybersecurity</strong>, professionals <u>must complete</u> the online core course and <strong>one of the two</strong> elective online courses. 
<br/>
<br/><strong>1. Core course: </strong> <em>Introduction to the Threat Landscape</em>
<br/>
<br/><strong>2. Elective course: </strong>The selection depends on your job role:  You can select from one of the following: 
<br/>
   
<ul>
<li><strong>Getting Started in Cybersecurity</strong> is ideal for individuals in non-technical job positions that require a high-level understanding of the most important technical fundamentals of cybersecurity. Examples include security product sales people and company CEOs.</li>
</ul>                                                      
<ul>
<li><strong>Technical Introduction to Cybersecurity</strong> is ideal for individuals in technical roles that require a more in-depth understanding of the fundamentals of cybersecurity. This course is also ideal for people who are pursuing a technical role in cybersecurity.</li>
</ul><strong>Earn your digital credentials</strong>
<br/>
<br/>
 You will receive digital badges credentials under the following circumstances: 
<ul>
<li><strong>Exam badge</strong>: Each time you pass any version of the exam included in FCF - Cybersecurity.</li>
<li><strong>Certification badge</strong>: Once you achieve the requirements for the FCF - Cybersecurity.</li>
</ul></div>","['Learning Domain', 'Technical skills - Cybersecurity', 'Learning Domain Primary', 'Cybersecurity']"
https://skills.yourlearning.ibm.com/activity/URL-DE5111A56F27,cybersecurity,eLearning,Online data security | Khan Academy,1 hr 30 mins,2737 learners have completed this activity in the past 12 months.,Average rating of 4 stars by 107 learners in the past 12 months.,107,"<h2 class=""FullPageDescription_title__WsNdH""><span dir=""ltr"" lang=""en"" translate=""yes"">About this learning activity</span></h2><div dir=""ltr"" lang=""en"" translate=""yes""><p>This is the <strong>Online data security </strong>unit from an online, self-paced review course for Computer Science Principles. This unit introduces the concept of PII and the ways in which PII and other data can be tracked online (cookies, search history, browsing history, geolocation). Learn how attackers can gain access to data and devices with phishing, rogue access points, and malware, and see how you can protect yourself with encryption, secure protocols, strong passwords, and multifactor authentication.<br/><br/>
 You will find short instructional content offerings, videos, and sample quiz questions to practice what you've learned and ""level up"" on your skills.<br/><br/><strong>Note</strong>: It is designed to prepare for a U.S. college examination, however the computer science content is valuable more broadly.<br/><br/>
 The topics include:</p>
<ul>
<li>Introduction to online data security</li>
<li>PII (Personally identifiable information)</li>
<li>User data tracking</li>
<li>Cyber attacks</li>
<li>Data encryption techniques</li>
<li>Secure Internet protocols</li>
<li>User authentication methods</li>
</ul>
<p><br/>
 The content is offered in English.<br/><br/>
 This learning activity is presented by Khan Academy.<br/><br/>
 After you complete this activity, return to this page to select <strong>Mark complete</strong> for completion credit.</p></div>","['Learning Domain', 'Technical skills - Data', 'Technical skills - Cybersecurity', 'Learning Domain Primary', 'Cybersecurity', 'Lightcast Skills Taxonomy', 'Computer Science Skill']"
https://skills.yourlearning.ibm.com/activity/MDL-238,cybersecurity,eLearning,Security Basics,1 hr 15 mins,8183 learners have completed this activity in the past 12 months.,Average rating of 4.5 stars by 137 learners in the past 12 months.,137,"<h2 class=""FullPageDescription_title__WsNdH""><span dir=""ltr"" lang=""en"" translate=""yes"">About this learning activity</span></h2><div dir=""ltr"" lang=""en"" translate=""yes"">In this course, you’ll learn about threats to computer security and ways to keep computer systems and users safe. You will discover the differences between threats, such as hacking, malware, and viruses, and vulnerabilities, such as bugs and buffer overflows. You will explore key security measures to protect computer hardware, software, and networks.
<br/>
<br/><strong>What you’ll learn</strong>
<br/>
After completing this course, you should be able to:
<ul>
<li>Recognize common ways to make hardware secure</li>
<li>Compare and contrast authentication and authorization</li>
<li>Explain common threats on computer security</li>
<li>Identify ways information technology (IT) professionals protect users and systems</li>
</ul></div>","['Badge Learning', 'Information Technology Fundamentals', 'Learning Domain', 'Technical skills - Cybersecurity', 'Technical skills - Information Technology', 'Learning Domain Primary', 'Cybersecurity', 'Lightcast Skills Taxonomy', 'Computer Hardware Skill', 'Information Technology Skill', 'Vulnerability Skill']"
https://skills.yourlearning.ibm.com/activity/URL-72EDBD9D1B31,cybersecurity,Video,Cyber Security Fundamentals | IBM Security Learning Academy,2 hrs 15 mins,1094 learners have completed this activity in the past 12 months.,Average rating of 4 stars by 60 learners in the past 12 months.,60,"<h2 class=""FullPageDescription_title__WsNdH""><span dir=""ltr"" lang=""en"" translate=""yes"">About this learning activity</span></h2><div dir=""ltr"" lang=""en"" translate=""yes"">This is series of short learning activities presented by the IBM Security Learning Academy.
<br/>
<br/>
In each video, you'll learn from a cyber security experts about current principles, topics and threats, and how IBM products are being used to solve complex security problems.
<br/>
<br/>
All courses are free of charge and you will complete them in the IBM Security Learning Academy.
<ul>
<li>Click the <strong>Enroll me </strong>button.</li>
<li>Then, you will be prompted to log in. For first time users, your User ID must be the email address linked to your IBMid. If you don't have an IBMid, you will create one.</li>
<li>When the course page displays, you will find the listing of all courses.</li>
<li>You will get completion credit in the IBM Security Learning Academy.</li>
</ul>
<br/>
Have fun exploring!
<br/>
<br/>
&gt; When you complete all courses, be sure to return to page to select <strong>Mark Complete</strong> for completion credit on IBM SkillsBuild.</div>","['Learning Domain', 'Technical skills - Cybersecurity', 'Learning Domain Primary', 'Cybersecurity', 'Lightcast Skills Taxonomy', 'Cyber Security Skill']"
https://skills.yourlearning.ibm.com/activity/URL-OLRDSGG9MPW,cybersecurity,Video,Cyber Security Tutorial | Cyber Security Training For Beginners | Cyber Security | Simplilearn,1 hr 13 mins,5628 learners have completed this activity in the past 12 months.,Average rating of 4 stars by 337 learners in the past 12 months.,337,"<h2 class=""FullPageDescription_title__WsNdH""><span dir=""ltr"" lang=""en"" translate=""yes"">About this learning activity</span></h2><div dir=""ltr"" lang=""en"" translate=""yes""><p>Cyber Security refers to the practice of protecting networks, programs, computer systems, and their components from unauthorized digital access and attacks. In this video, you will learn about the various types of attacks such as:</p>
<ul>
<li>Malware attack</li>
<li>Social engineering attack</li>
<li>Denial of service attack</li>
<li>Password attack</li>
<li>SQL injection attack</li>
<li>Man in the middle attack</li>
</ul>You will learn about firewalls, IDS, and honeypots, which help us prevent these attacks. Finally, you will see a demo on Kali Linux. 
<br/>
<br/>
This video is presented by Simplilearn. 
<br/>
<br/>
After you complete this activity, return to this page to select <strong>Mark complete</strong> for completion credit. 
<br/>
<br/><strong>Note</strong>: On the video toolbar, go to <strong>Settings</strong>, <strong> </strong>select <strong>Subtitles</strong>, <strong> </strong>select <strong>English</strong>, and then select <strong>Auto-Translate</strong> to enable subtitles in a language of your choice from the drop-down.</div>","['Learning Domain', 'Technical skills - Cybersecurity', 'Learning Domain Primary', 'Cybersecurity', 'Lightcast Skills Taxonomy', 'Cyber Security Skill', 'Firewall Skill']"
https://skills.yourlearning.ibm.com/activity/URL-2D3A1BB5628E,cybersecurity,Experiential,Using IBM QRadar SIEM | IBM Security Learning Academy,1 hr 30 mins,160 learners have completed this activity in the past 12 months.,Average rating of 4 stars by 7 learners in the past 12 months.,7,"<h2 class=""FullPageDescription_title__WsNdH""><span dir=""ltr"" lang=""en"" translate=""yes"">About this learning activity</span></h2><div dir=""ltr"" lang=""en"" translate=""yes"">IBM QRadar is a network security intelligence and analytics software that detects cybersecurity attacks and network breaches to take action before any considerable damage is done or begin to immediately respond to any critical data losses.
<br/>
<br/>
The exercises in this lab provide a broad introduction to the features of QRadar SIEM. The exercises cover the following topics:
<ul>
<li>Navigating the web interface</li>
<li>Reviewing the Pulse app</li>
<li>Investigating a suspicious activity</li>
<li>Using QRadar Analyst Workflow app to investigate offenses</li>
<li>Creating a report</li>
<li>Managing the network hierarchy</li>
</ul>
<br/><strong>Note</strong>: You will complete them on the IBM Security Learning Academy. It is free of charge. When enrolling, you will be prompted to log in. For first time users, your User ID must be the email address linked to your IBMid. If you don't have an IBMid, you will create one.
<br/>
<br/>
Upon completion, be sure to return to this page to select <strong>Mark Complete</strong> for completion credit.
<br/>
<br/>
 </div>","['Learning Domain', 'Technical skills - Cybersecurity', 'Learning Domain Primary', 'Cybersecurity', 'Lightcast Skills Taxonomy', 'Security Information And Event Management (SIEM) Skill', 'Cyber Security Skill', 'Workflow Management Skill']"
https://skills.yourlearning.ibm.com/activity/URL-RWGW-CGDIK0,cybersecurity,Video,Cloud Computing Tutorial for Beginners | Cloud Computing Explained | Cloud Computing | Simplilearn,24 mins,683 learners have completed this activity in the past 12 months.,Average rating of 4.5 stars by 75 learners in the past 12 months.,75,"<h2 class=""FullPageDescription_title__WsNdH""><span dir=""ltr"" lang=""en"" translate=""yes"">About this learning activity</span></h2><div dir=""ltr"" lang=""en"" translate=""yes""><p>In simple words, cloud computing is the use of network of remote servers hosted on the internet to store, manage and process data rather than a local server. Organizations have moved to cloud platforms for better scalability, mobility, and security.<br/><br/>
 This video will help you understand:</p>
<ul>
<li>Why cloud computing?</li>
<li>What is cloud computing?</li>
<li>Types of cloud computing?</li>
<li>Cloud providers</li>
<li>The lifecycle of a cloud computing solution</li>
<li>Cloud computing with AWS</li>
<li>A Demo of AWS EC2 and AWS S3</li>
</ul>This video is presented by Simplilearn. 
<br/>
<br/>
After you complete this activity, return to this page to select <strong>Mark complete</strong> for completion credit. 
<br/>
<br/><strong>Note</strong>: On the video toolbar, go to <strong>Settings</strong>, <strong> </strong>select <strong>Subtitles</strong>, <strong> </strong>select <strong>English</strong>, and then select <strong>Auto-Translate</strong> to enable subtitles in a language of your choice from the drop-down.</div>","['Learning Domain', 'Technical skills - Cybersecurity', 'Technical Skills - Cloud', 'Learning Domain Primary', 'Cloud computing', 'Lightcast Skills Taxonomy', 'Amazon Web Services Skill']"
https://skills.yourlearning.ibm.com/activity/URL-8NJNUQSH4BS,cybersecurity,Video,Introducing the 2020 Red Hat Certified Professional of the Year | Red Hat,2 mins 41 s,298 learners have completed this activity in the past 12 months.,Average rating of 4 stars by 18 learners in the past 12 months.,18,"<h2 class=""FullPageDescription_title__WsNdH""><span dir=""ltr"" lang=""en"" translate=""yes"">About this learning activity</span></h2><div dir=""ltr"" lang=""en"" translate=""yes""><p>Red Hat recognizes Red Hat Certified Professionals who demonstrate ingenuity, hard work, and expertise by making a difference in their organizations and in the community. <strong>Fabrice Harbulot</strong> has been named the 2020 Red Hat Certified Professional of the Year. Harbulot holds 14 different Red Hat certifications, including Red Hat Certified Architect (RHCA®) in Infrastructure Level VII. He is most proud of the RHCA credential, which represents Red Hat’s highest level of certification. “Becoming a Red Hat Certified Architect was the defining moment in my career,” he said. Fabrice has developed skills and experience in cloud, DevOps, security, and high-availability systems. He has put that knowledge to work as a <strong>senior Linux systems engineer and technical leader with IBM</strong>, as well as a <strong>Linux administrator for Steria and Canal+ Group</strong>.<br/><br/>
 Hear from Fabrice Harbulot about his experiences in this video presented by Red Hat.<br/><br/>
 After you complete this activity, return to this page to select <strong>Mark complete</strong> for completion credit.<br/><br/><strong>Note</strong>: On the video toolbar, go to <strong>Settings</strong>, <strong> </strong>select <strong>Subtitles</strong>, <strong> </strong>select <strong>English</strong>, and then select <strong>Auto-Translate</strong> to enable subtitles in a language of your choice from the drop-down.</p></div>","['Learning Domain', 'Technical skills - Cybersecurity', 'Learning Domain Primary', 'Cybersecurity', 'Lightcast Skills Taxonomy', 'DevOps Skill', 'Systems Engineering Skill', 'Linux Skill']"
https://skills.yourlearning.ibm.com/activity/URL-FC8E8650BA51,cybersecurity,Video,Introduction to CICS | IBM Redbooks,1 hr,88 learners have completed this activity in the past 12 months.,Average rating of 4.5 stars by 22 learners in the past 12 months.,22,"<h2 class=""FullPageDescription_title__WsNdH""><span dir=""ltr"" lang=""en"" translate=""yes"">About this learning activity</span></h2><div dir=""ltr"" lang=""en"" translate=""yes"">Without knowing it, you’ve probably interacted with CICS already today. Perhaps you checked your bank balance or bought a bagel for breakfast? CICS is used by enterprises to provide the services that the world depends on, but you may have never even heard of it before.
<br/>
 
<br/>
This video-based course introduces CICS, an unparalleled mixed language application server. We explore what an application server is, what it provides to developers and what distinguishes CICS as a mixed language application server. Through the use of a illustrative application, we explain how CICS can provide shared programming contexts such as reliability, scalability, security and monitoring to applications written in a variety of programming languages - from Java Enterprise Edition to COBOL.
<br/>
<br/>
The content is offered in English.
<br/>
<br/>
This learning activity is presented by IBM Redbooks® and authored by William Yates and David Harris.
<br/>
<br/>
After you complete this activity, return to this page to select <strong>Mark complete</strong> for completion credit.</div>","['Learning Domain', 'Technical skills - Cybersecurity', 'Learning Domain Primary', 'Cybersecurity', 'Lightcast Skills Taxonomy', 'COBOL (Programming Language) Skill', 'Customer Information Control System (CICS) Skill']"
https://skills.yourlearning.ibm.com/activity/URL-E21655853614,cybersecurity,Video,Cyber Skillsbuild: Vulnerability Management with Ray Evans | IBM X-Force,1 hr 47 mins,49 learners have completed this activity in the past 12 months.,Average rating of 4.5 stars by 5 learners in the past 12 months.,5,"<h2 class=""FullPageDescription_title__WsNdH""><span dir=""ltr"" lang=""en"" translate=""yes"">About this learning activity</span></h2><div dir=""ltr"" lang=""en"" translate=""yes"">In this recorded webinar, Ray Evans from IBM's X-Force Red team gives an overview of vulnerability management in the cybersecurity field, both generally and with respect to penetration testing. It includes a live demo of the Qualys vulnerability scanning tool, and an overview of solutioning and design for effective VMS. There is also Q&amp;A. 
<br/>
<br/>
The live event was produced in partnership with SkillsBuild partner SaluteMyJob. 
<br/>
<br/>
After you complete this activity, return to this page to select <strong>Mark complete</strong> for completion credit. 
<br/>
<br/><strong>Note</strong>: This activity is available only in English. 
<br/>
 </div>","['Learning Domain', 'Technical skills - Cybersecurity', 'Learning Domain Primary', 'Cybersecurity', 'Lightcast Skills Taxonomy', 'Cyber Security Skill']"
https://skills.yourlearning.ibm.com/activity/URL-E9CE10CB13FD,cybersecurity,Video,CompTIA Security+ Training Course,13 hrs 45 mins,110 learners have completed this activity in the past 12 months.,Average rating of 4 stars by 12 learners in the past 12 months.,12,"<h2 class=""FullPageDescription_title__WsNdH""><span dir=""ltr"" lang=""en"" translate=""yes"">About this learning activity</span></h2><div dir=""ltr"" lang=""en"" translate=""yes"">* Identify common malware technologies and attack types<br/>* Install and configure hardware and software security technologies<br/>* Troubleshoot common security issues<br/>* Securely deploy mobile devices<br/>* Implement secure network architectures and systems design<br/>* Implement identity and access management controls<br/>* Explain organization security and business impact analysis concepts<br/>* Understand cryptography algorithms and public key infrastructure technologies<br/><br/>Presented by Professor Messer.<br/><br/>After you complete this activity, return to this page to select <strong>Mark complete</strong> for completion credit.</div>","['Learning Domain', 'Technical skills - Cybersecurity', 'Learning Domain Primary', 'Cybersecurity', 'Lightcast Skills Taxonomy', 'Troubleshooting (Problem Solving) Skill', 'Algorithms Skill']"
https://skills.yourlearning.ibm.com/activity/AB-097AFAD6221A,cybersecurity,Video,Zero Trust | IBM Security Learning Academy,5 hrs 15 mins,122 learners have completed this activity in the past 12 months.,Average rating of 4.5 stars by 6 learners in the past 12 months.,6,"<h2 class=""FullPageDescription_title__WsNdH""><span dir=""ltr"" lang=""en"" translate=""yes"">About this learning activity</span></h2><div dir=""ltr"" lang=""en"" translate=""yes"">Zero trust is a philosophy and a strategy. More than a security strategy, it is an IT strategy done securely. A zero trust framework provides advanced protection from cyberthreats. This approach wraps security around every user, every device, every connection — every time.
<br/>
<br/>
This is series of short learning activities presented by the IBM Security Learning Academy.
<br/>
<br/>
See how to apply zero trust to help resolve top security challenges. A zero trust approach aims to wrap security around every user, every device, every connection — every time.
<br/>
<br/>
IBM is focused on 4 zero trust business initiatives:
<ul>
<li>Zero trust for insider threat</li>
<li>Zero trust for privacy</li>
<li>Zero trust for hybrid cloud</li>
<li>Zero trust for remote workforce</li>
</ul>
<br/>
All courses contain videos that are organized by the categories you see below. They are free of charge. You will complete them in the IBM Security Learning Academy.
<ul>
<li>Select a category to view a description of the courses.</li>
<li>Select a course to read its description.</li>
<li>Click the <strong>Enroll me </strong>button.</li>
<li>Then, you will be prompted to log in. For first time users, your User ID must be the email address linked to your IBMid. If you don't have an IBMid, you will create one.</li>
<li>You will get completion credit in the IBM Security Learning Academy.</li>
</ul>
<br/>
Have fun exploring!
<br/>
<br/>
&gt; When you complete all courses, be sure to return to page to select <strong>Mark Complete</strong> for completion credit on IBM SkillsBuild.</div>","['Learning Domain', 'Technical skills - Cybersecurity', 'Learning Domain Primary', 'Cybersecurity']"
https://skills.yourlearning.ibm.com/activity/URL-5051063FE6B2,cybersecurity,Webpage,COVID-19 Action Guide: Beyond the Great Lockdown | IBM Institute for Business Value,20 mins,146 learners have completed this activity in the past 12 months.,Average rating of 4 stars by 1 learner in the past 12 months.,1,"<h2 class=""FullPageDescription_title__WsNdH""><span dir=""ltr"" lang=""en"" translate=""yes"">About this learning activity</span></h2><div dir=""ltr"" lang=""en"" translate=""yes"">This special report provides such a framework, organized around seven key imperatives that will be useful for any organization’s executive team. These seven areas are: 
<ol>
<li>Empower a remote workforce</li>
<li>Engage customers virtually</li>
<li>Remote access to everything</li>
<li>Accelerate agility and efficiency</li>
<li>Protect against new cybersecurity risks</li>
<li>Reduce operational costs and enhance supply chain continuity</li>
<li>Support health providers and government services</li>
</ol>This guide is practical and actionable, offering a set of activities that should be addressed immediately, if they haven't been already. It also suggests longer-term consequences and persistent changes that COVID-19 has brought to industries, companies and individual habits. 
<br/>
<br/>
These changes require actions now to ensure companies adapt to what will be a new, different kind of normal. There’s much to do and it will seem daunting. The entire executive team will need to be engaged. Our different normal will include new habits—organizational, social and cultural. Each leader will have a role to play in preparing the organization for a successful future. Let’s get to it. 
<br/>
<br/>
This report is presented by IBM Institute for Business Value. 
<br/>
<br/>
After you complete this activity, return to this page to select  <strong>Mark complete</strong> for completion credit.  
<br/>
<br/><strong>Note</strong>: This activity is available only in English. 
<br/>
 </div>","['Learning Domain', 'Workplace skills - Ways of working', 'Learning Domain Primary', 'Professional skills', 'Lightcast Skills Taxonomy', 'Cyber Security Skill']"
https://skills.yourlearning.ibm.com/activity/ISG-SLA7239,cybersecurity,eLearning,IBM Security Guides Clients to Zero Trust,1 hr 30 mins,52 learners have completed this activity in the past 12 months.,Average rating of 5 stars by 3 learners in the past 12 months.,3,"<h2 class=""FullPageDescription_title__WsNdH""><span dir=""ltr"" lang=""en"" translate=""yes"">About this learning activity</span></h2><div dir=""ltr"" lang=""en"" translate=""yes""><p>Students of this course learn how IBM implements zero trust principles, and how IBM aids clients as they build a zero trust framework with suitable IBM Security solutions that integrate to lay a solid zero trust foundation across enterprises.</p>
<p>This course is for anyone who wants to learn about zero trust concepts and strategies that can secure their projects and organizations.</p>
<p>Watch these 4 videos to learn the IBM point of view, and its solutions:</p>
<ul>
<li>IBM Security General Manager on security strategy</li>
<li>Zero trust approach to developing a cybersecurity strategy - and where IBM fits</li>
<li>IBM Security Command Center simulation at the Cyber Range</li>
<li>IBM Security Framing and Discovery Workshop</li>
</ul>
<p>There is no prior learning required, though this course follows the <i>Zero Trust Introduction</i> (SLA7237) and <i>Zero Trust Architecture and Business Initiatives</i> (SLA7238) courses.</p>Students of this course learn how IBM implements zero trust principles, and how IBM aids clients as they build a zero trust framework with suitable IBM Security solutions that integrate to lay a solid
<p>This course requires you register for an IBMid to access.</p></div>","['Learning Domain Primary', 'Cybersecurity']"
https://skills.yourlearning.ibm.com/activity/URL-4E212FEC9342,cybersecurity,Video,Professor Messer’s 220-1001 Core 1 CompTIA A+ Training Course,30 mins,371 learners have completed this activity in the past 12 months.,Average rating of 4 stars by 9 learners in the past 12 months.,9,"<h2 class=""FullPageDescription_title__WsNdH""><span dir=""ltr"" lang=""en"" translate=""yes"">About this learning activity</span></h2><div dir=""ltr"" lang=""en"" translate=""yes""><p>This video-based online course will provide you with the knowledge needed to prepare you for the 220-1001 Core 1 CompTIA A+ exam. CompTIA is the Computing Technology Industry Association. CompTIA’s A+ certification is one of the most popular IT certifications in the world.<br/><br/>
 This course is designed to give you a strong foundation in technology. So whether you’re looking for your first job or whether you’re looking for a better job in IT, this course would apply to you.<br/><br/>
 The course videos are broken into bit-sized chunks. All of the videos follow the CompTIA exam objectives.<br/><br/>
 Each section in the course includes a series of videos on specific topics. The sections include:</p>
<ul>
<li>An Overview of the A+ Certification</li>
<li>Mobile Devices</li>
<li>Networking</li>
<li>Hardware</li>
<li>Virtualization and Cloud Computing</li>
<li>Hardware and Network Troubleshooting</li>
</ul>
<p><br/>
 You will also find transcribed text below the videos and video recordings of past study groups.<br/><br/>
 This course is offered by <a href=""https://www.professormesser.com/"" rel=""noopener noreferrer nofollow"" target=""_blank"">Professor Messer</a>. The Professor Messer mission is to provide quality technology information and training, including specialized training courses for CompTIA A+, CompTIA Network+, and CompTIA Security+. Their training courses have become popular study resources for some of the IT industry’s most popular certifications.<br/><br/>
 After you complete this activity, return to this page to select <strong>Mark complete</strong> to verify you checked out the course and enter the actual learning time you spent for your completion credit.<br/><br/><strong>Note</strong>: On the video toolbar, go to <strong>Settings</strong>, select <strong>Subtitles</strong>, select <strong>English</strong>, and then select <strong>Auto-Translate </strong>to enable subtitles in a language of your choice from the drop-down.</p></div>","['Learning Domain', 'Technical skills - Cybersecurity', 'Learning Domain Primary', 'Cybersecurity']"
https://skills.yourlearning.ibm.com/activity/URL-9817D4B0366D,cybersecurity,eLearning,IBM QRadar SIEM Foundation Badge | IBM Security Learning Academy,14 hrs,129 learners have completed this activity in the past 12 months.,Average rating of 4 stars by 11 learners in the past 12 months.,11,"<h2 class=""FullPageDescription_title__WsNdH""><span dir=""ltr"" lang=""en"" translate=""yes"">About this learning activity</span></h2><div dir=""ltr"" lang=""en"" translate=""yes"">Welcome to the learning offerings for the <strong> IBM QRadar SIEM Foundation badge</strong>. IBM QRadar is a network security intelligence and analytics software that detects cybersecurity attacks and network breaches to take action before any considerable damage is done or begin to immediately respond to any critical data losses.
<br/>
<br/>
This is an IBM-issued and IBM-recognized skill badge that demonstrates learners have knowledge of various QRadar deployments architecture and key concepts such as user management, domains and tenants, assets, network hierarchy, flows, events, rules, offenses, reference data, data obfuscation, and reporting.
<br/>
<br/>
All courses are free of charge and you will complete them on the IBM Security Learning Academy.
<ul>
<li>Click the <strong>Enroll </strong>button.</li>
<li>Then, you will be prompted to log in. For first time users, your User ID must be the email address linked to your IBMid. If you don't have an IBMid, you will create one.</li>
<li>When the course page displays, you will find information and a listing of all courses. Begin with the <em>Why QRadar SIEM?</em> course.</li>
</ul>The online self-paced courses offer learning videos and lab exercises. You will get completion credit in the IBM Security Learning Academy. <strong>You must successfully complete each of the required courses and pass the quiz with a score of 80 percent or higher.</strong> When you complete all courses, the quiz is enabled.
<br/>
<br/>
When you complete all courses, be sure to return to this Your Learning activity page to select <strong>Mark Complete</strong> for completion credit.
<br/>
<br/><strong>Note</strong>: The courses are available only in English. However, many of the learning videos offer closed captioning in several languages.
<br/>
<br/>
The estimated duration is <strong>14 hours</strong>.</div>","['Learning Domain', 'Technical skills - Cybersecurity', 'Learning Domain Primary', 'Cybersecurity', 'Lightcast Skills Taxonomy', 'Security Information And Event Management (SIEM) Skill', 'Management Skill', 'Cyber Security Skill']"
https://skills.yourlearning.ibm.com/activity/URL-438CC16D94AC,cybersecurity,Video,IP 101 – An Intellectual Property Primer (U.S.),51 mins,104 learners have completed this activity in the past 12 months.,Average rating of 3.5 stars by 5 learners in the past 12 months.,5,"<h2 class=""FullPageDescription_title__WsNdH""><span dir=""ltr"" lang=""en"" translate=""yes"">About this learning activity</span></h2><div dir=""ltr"" lang=""en"" translate=""yes"">This on-demand webinar, presented by lawyers from Jones Day and IBM, is part of a series of webinars covering legal education topics for small business owners and entrepreneurs in the United States.  
<br/>
<br/><strong>Webinar summary:</strong>
<br/>
Intellectual property law protects non-tangible work or invention that is the result of one’s creativity.  U.S. law contemplates four primary regimes of intellectual property protection: trademarks, patents, trade secrets, and copyrights.  These four realms of protection overlap and each has its own advantages and disadvantages regarding difficulty in procuring, cost, and enforceability.  Importantly, certain missteps can be made (e.g., public disclosures, failure to implement proper security controls) that could jeopardize the ability to protect and enforce one’s intellectual property.  This presentation teaches the basics of intellectual property protection in the U.S. to enable identification of intellectual property issues so that companies can make thoughtful decisions on protection. 
<br/>
<br/><strong>Language:</strong> English  
<br/>
<br/>
After you complete this activity, return to this page to select <strong>Mark complete</strong> for completion credit. 
<br/>
<br/><strong>Resources:</strong>
<br/><a href=""https://ibm.box.com/s/bupw4ha9r41xkop8nieugz0dc70rc49t"" rel=""noopener noreferrer nofollow"" target=""_blank"">Invention Disclosure Form</a>
<br/><a href=""https://ibm.box.com/s/gtcogkdk3ffho8fhsbm8cdyba2inmhkb"" rel=""noopener noreferrer nofollow"" target=""_blank"">Presentation slides</a>
<br/>
<br/><strong>Disclaimer:</strong>  
<br/>
By clicking <strong>Go to this activity</strong>, you agree to the following:  
<br/>
Any presentation by the presenting lawyers and the firms and companies with which they work should not be considered or construed as legal advice on any individual matter or circumstance. The distribution of this presentation or its content is not intended to create, and receipt of it does not constitute, an attorney-client relationship. The contents of this document are intended for general information purposes only and may not be quoted or referred to in any other presentation, publication or proceeding without the prior written consent of the presenting lawyers and/or the firms and companies with which they work, which may be given or withheld at their discretion. The views set forth herein are the personal views of the authors and do not necessarily reflect those of the firms and companies with which they work. Any listener of any presentation pursuant to this program who needs legal advice should consult an attorney for that purpose.</div>","['Learning Domain', 'Technical skills - Cybersecurity', 'Learning Domain Primary', 'Cybersecurity', 'Lightcast Skills Taxonomy', 'Security Controls Skill']"
https://skills.yourlearning.ibm.com/activity/URL-5E275704D9E9,cybersecurity,Experiential,サイバーセキュリティー疑似体験ゲーム : TERMINAL | IBM,1 hr,14 learners have completed this activity in the past 12 months.,Average rating of 4 stars by 1 learner in the past 12 months.,1,"<h2 class=""FullPageDescription_title__WsNdH""><span dir=""ltr"" lang=""en"" translate=""yes"">About this learning activity</span></h2><div dir=""ltr"" lang=""ja"" translate=""yes"">もしあなたがサイバー攻撃に対応する立場になったら、どうしますか？
<br/>
<br/>サイバー攻撃が起きている状況では、何が起こっているのかを素早く把握し、次に何をすべきかを把握しなければなりません。健康と安全を考慮し、情報とコミュニケーションを管理し、データ分析から法的要件まで、氾濫する問題に対処しなければなりません。様々なチームからの全面的なビジネス対応が求められます。
<br/>
<br/>IBM Cybersecurity Ops: TERMINALゲームにチャレンジしてください。あなたはハッカーの攻撃から空港を守れるでしょうか！？
<br/>このゲームには以下のような特長があります。
<ul>
<li>    IBMのセキュリティー・コマンド・センターを疑似体験できます</li>
<li>    サイバーセキュリティの脅威に対する認識を高められます</li>
<li>    彼らと戦うために必要なことを知ることができます</li>
</ul>
<br/>
<br/>このゲームでは、攻撃が展開するにつれてあなたへのプレッシャーが高まっていきます。あなたは様々な役割を演じ、あなたの決断が重要になります。報道レポーターからの電話を受けるか否か? 起きていることをレポーターにどう伝えるか？危険にさらされている重要なシステムをシャットダウンするか？ネットワークから削除するか？安全を優先するために重要なことは？慎重に、適切な時間内に選択してください。時は刻々と過ぎています。
<br/>
<br/>このゲームは、実際のサイバー攻撃のための訓練を目的としたものではありませんが、このシミュレーション型ゲームの展開は明快で、シナリオに没頭して楽しめるでしょう。
<br/>
<br/>このアクティビティを完了したら、このページに戻って「完了」を選択してください。
<br/>
<br/>注：このアクティビティーはパソコンでアクセスしてください。
<br/>
<br/>（参考）
<ul>
<li><a href=""https://www.ibm.com/blogs/security/jp-ja/what-can-games-teach-us-about-cybersecurity/"" rel=""noopener noreferrer nofollow"" target=""_blank"">ゲームで体験するサイバーセキュリティーの勘所 「TERMINAL」開発秘話</a></li>
<li><a href=""https://www.ibm.com/downloads/cas/XMLZON29"" rel=""noopener noreferrer nofollow"" target=""_blank"">「TERMINAL」遊び方ガイド</a>（PDF）</li>
</ul></div>","['Learning Domain', 'Technical skills - Cybersecurity', 'Learning Domain Primary', 'Cybersecurity']"
https://skills.yourlearning.ibm.com/credential/CREDLY-b8810a57-2c5a-4bbc-81f1-9bfc649ad13d,cybersecurity,Digital Credential,Cybersecurity Fundamentals,6 Hours,70909 learners have earned this digital credential.,,,"<h2 class=""FullPageDescription_title__WsNdH""><span dir=""ltr"" lang=""en"" translate=""yes"">About this digital credential</span></h2><div dir=""ltr"" lang=""en"" translate=""yes""><p>This badge earner demonstrates a foundational understanding of cybersecurity concepts, objectives, and practices. This includes cyber threat groups, types of attacks, social engineering, case studies, overall security strategies, cryptography, and common approaches that organizations take to prevent, detect, and respond to cyber attacks. This also includes an awareness of the job market. Badge earners can use this knowledge to pursue further education for a variety of roles in cybersecurity.</p>
<p> </p>
<p><strong>Languages:</strong> English, German, French, Spanish, Japanese, Brazilian Portuguese, Hindi, Czech, Italian, Arabic, Traditional Chinese, and Ukrainian</p>
<p> </p>
<p><strong>Complete the learning here: </strong><a href=""https://skills.yourlearning.ibm.com/activity/PLAN-4FB8400F05FC"" rel=""noopener noreferrer nofollow"" target=""_blank"">Cybersecurity Fundamentals (New design)</a><strong> </strong>or <a href=""https://skills.yourlearning.ibm.com/activity/ILB-DNRPWDGQGMMY7GGD"" rel=""noopener noreferrer nofollow"" target=""_blank"">Cybersecurity Fundamentals</a></p></div>","['Fundamentals', 'All Fundamentals']"
https://skills.yourlearning.ibm.com/credential/CREDLY-ce897036-6f39-4466-863f-0aa873f82213,cybersecurity,Digital Credential,Explore Emerging Tech,Hours,37665 learners have earned this digital credential.,,,"<h2 class=""FullPageDescription_title__WsNdH""><span dir=""ltr"" lang=""en"" translate=""yes"">About this digital credential</span></h2><div dir=""ltr"" lang=""en"" translate=""yes""><p>Badges earners have an understanding of six emerging technologies that power today's jobs: AI, blockchain, cloud computing, cybersecurity, data and analytics, and the Internet of Things. Individuals know foundational concepts, terminology, and how technologies are applied to solve problems in organizations and business. Badge earners can use this knowledge to explore careers in tech.</p>
<p> </p>
<p><strong>Languages:</strong> English, German, French, Spanish, Brazilian Portuguese, Korean, Polish, Italian, Turkish, Traditional Chinese, Arabic, Hindi, Ukrainian, and Japanese</p>
<p> </p>
<p><strong>Complete the learning here:</strong> <a href=""https://skills.yourlearning.ibm.com/activity/PLAN-EB2D3DA31CF9"" rel=""noopener noreferrer nofollow"" target=""_blank"">Explore Emerging Tech</a></p></div>",[]
https://skills.yourlearning.ibm.com/channel/CNL_LCB_1567444405323,cybersecurity,Channel,Cybersecurity,,,,"1,197","<div dir=""ltr"" lang=""en"" translate=""yes"">Educating yourself about security, or being “cybersecurity aware,” is your first line of defense to reduce threats. Cybersecurity refers to the practice of protecting networks, programs, computer systems, and their components from unauthorized digital access and attacks. Complete these to learn about cybersecurity fundamentals and the growing importance of cybersecurity in our digital world today.  
<br/>
<br/>
You have the option to complete the <strong>Cybersecurity Fundamentals </strong>course to earn an IBM-issued and recognized badge called <strong>Cybersecurity Fundamentals</strong>.</div>","['Areas of Interest', 'Essential skills > Security']"
https://skills.yourlearning.ibm.com/channel/CNL_LCB_1598541497696,cybersecurity,Channel,"Fortinet FCF and FCA (previously NSE 1, NSE 2, and NSE 3)",,,,68,"<div dir=""ltr"" lang=""en"" translate=""yes""><strong>NSE 1, NSE 2 and NSE 3 have been replaced by Fortinet Certified Fundamentals and Fortinet Certified Associate</strong>
<br/>
<br/><em>Note:<br/>
 Due to high demand of the <u>old</u> NSE 1, 2 and 3, we have updated SkillsBuild offerings to the <u>new</u> FCF and FCA levels. Learners can complete their learning and certification for these two levels.<br/><br/>
 Vouchers for levels other than FCF and FCA are <strong>NOT</strong> offered by SkillsBuild</em>
<br/>
 
<ol>
<li><strong>Fortinet Certified Fundamentals (FCF) - </strong>To achieve an FCF certification in Cybersecurity, professionals must complete the online core course and one of the elective online courses. <a href=""https://skills.yourlearning.ibm.com/activity/PLAN-8BA559FB451B"" rel=""noopener noreferrer nofollow"" target=""_blank"">FCF Learning Plan</a>
<ul>
<li><u>Core Course</u>- Introduction to the Threat Landscape.</li>
<li><u>Elective course selection </u>depends on your job role:  
    <ul>
<li>Getting Started in Cybersecurity is ideal for individuals in non-technical job positions that require a high-level understanding of the most important technical fundamentals of cybersecurity. Examples include security product sales people and company CEOs.</li>
<li>Technical Introduction to Cybersecurity is ideal for individuals in technical roles that require a more in-depth understanding of the fundamentals of cybersecurity. This course is also ideal for people who are pursuing a technical role in cybersecurity.</li>
</ul></li>
</ul></li>
<li><strong>The Fortinet Certified Associate (FCA) </strong>in Cybersecurity certification validates your ability to execute high-level operations on a FortiGate device. This curriculum covers the fundamentals of operating the most common FortiGate features.There is one certification within the FCA level.  Ideal for: Cybersecurity operators, network security administrators of small and medium sized networks, or those with an NSE 3 certification.
  <ul>
<li><a href=""https://skills.yourlearning.ibm.com/activity/PLAN-3B9FFEDE788B"" rel=""noopener noreferrer nofollow"" target=""_blank"">FCA Learning Plan</a></li>
</ul></li>
</ol>
<br/>
<br/>
 </div>",[]
https://skills.yourlearning.ibm.com/channel/CNL_LCB_1588688270183,cybersecurity,Channel,Cybersecurity-ACCES,,,,"1,268","<div dir=""ltr"" lang=""en"" translate=""yes""><p>From the offense perspective, you will learn about cyber attackers, their tactics, social engineering, and high-profile case studies. From the defense perspective, you will learn about common approaches organizations take to prevent, detect, and respond to cyber attacks. You will also learn about career opportunities in this exciting, growing field.</p></div>",[]
https://skills.yourlearning.ibm.com/channel/CNL_LCB_1587031009018,cybersecurity,Channel,PURPL UNICORN - Cybersecurity Introduction,,,,"1,268","<div dir=""ltr"" lang=""en"" translate=""yes""><p>An introduction to Cyber Security and a chance to explore opportunities within the field.</p></div>",[]
https://skills.yourlearning.ibm.com/channel/CNL_REC_TOPIC-CYBERSECURITY_PROFESSIONAL,cybersecurity,Channel,Job roles: Cybersecurity professional recommendations,,,,18,"<div dir=""ltr"" lang=""en"" translate=""yes""><p>These recommendations are generated with Watson for the Job roles: Cybersecurity professional interest area. People with a similar learning history or demographic profile tended to take these activities from this interest area.</p></div>",[]
https://skills.yourlearning.ibm.com/channel/CNL_LCB_1580409324694,cybersecurity,Channel,Core Skills: Cybersecurity Analyst,,,,187,"<div dir=""ltr"" lang=""en"" translate=""yes""><p>Cybersecurity professionals have a passion for securing systems and protecting data and have a keen interest in information technology. Core skills for cybersecurity professionals include proficiency in implementing information security measures and controls; communicating and managing risks; working with tools to monitor network activity to identify vulnerable points; and engaging with colleagues to act on breaches and resolve cyber threats. Cybersecurity professionals have prerequisite knowledge in network administration and system administration.</p></div>",[]
https://skills.yourlearning.ibm.com/channel/CNL_LCB_1617909184204,cybersecurity,Channel,VetJobs & Covered6 Cyber Basics,,,,17,"<div dir=""ltr"" lang=""en"" translate=""yes"">Want to get into cybersecurity? Gain insight into landing a role in the most in-demand field. Interested in learning basic fundamentals? This channel gives you the foundations of Cyber, common practices, in addition to understanding the basics of cloud technology, cloud platforms and models. Also, get access to our CompTIA Security+ training course.
<br/>
<br/>This channel gives you the opportunity to earning a FREE Cybersecurity Fundamentals badge.
<br/>
<br/><strong>After this course is completed - l</strong><strong>et us help take you a step further:</strong>
<ul>
<li>Interested in an opportunity to earning a FREE Cybersecurity Fundamentals badge?</li>
<li>Interested in more advanced Cyber related coursing?</li>
</ul><strong>Reach out to your Counselor for questions and/or further assistance</strong><strong>.</strong></div>",[]
https://skills.yourlearning.ibm.com/channel/CNL_LCB_1709736181875,cybersecurity,Channel,Microlearning | IBM SkillsBuild,,,,66,"<div dir=""ltr"" lang=""en"" translate=""yes""><p>This channel is a collection of short learning activities that will introduce learners to topics like artificial intelligence, cybersecurity, data analytics, cloud computing, and data analytics. At the conclusion of each activity, there is a suggested course to explore next.</p></div>",[]
https://skills.yourlearning.ibm.com/channel/CNL_LCB_1673258874564,cybersecurity,Channel,CANAL_DE_FORBES_EDUCATION,,,,"1,268","<div dir=""ltr"" lang=""es"" translate=""yes"">En este canal aparecen los cursos que han sido seleccionados por la revista Forbes Education en el enlace:<br/>
 https://fortune.com/education/articles/these-4-free-data-and-cybersecurity-focused-courses-from-ibm-take-just-10-hours-to-complete/ 
<ul>
<li>Cybersecurity Fundamentals</li>
<li>Artificial Intelligence Fundamentals</li>
<li>Data Fundamentals</li>
<li>Information Technology Fundamentals</li>
</ul></div>",[]
https://skills.yourlearning.ibm.com/channel/CNL_LCB_1598873858087,cybersecurity,Channel,Ciberseguridad,,,,"1,268","<div dir=""ltr"" lang=""es"" translate=""yes""><p>Acceda a través de este canal al itinerario en español de Fundamentos de la Ciberseguridad y consiga la insignia Cybersecurity Fundamentals. Aprenderá sobre medidas y controles de seguridad de la información, la comunicación y la gestión de riesgos, entre otras cuestiones.</p></div>",[]
https://skills.yourlearning.ibm.com/channel/CNL_LCB_1603308254059,cybersecurity,Channel,Computer Science Principles | Khan Academy,,,,7,"<div dir=""ltr"" lang=""en"" translate=""yes""><p>This is a curation of eight course units offered by <a href=""https://www.khanacademy.org/computing/ap-computer-science-principles"" rel=""noopener noreferrer nofollow"" target=""_blank"">Khan Academy</a> to help build your knowledge and skills about computer science principles.<br/><br/>
 It is a review course that includes 800+ practice questions, plus instructional articles and videos covering the topics of digital information, the Internet, cybersecurity, programming, algorithms, simulations, and data analysis.<br/><br/><strong>Note</strong>: It is designed to prepare for a U.S. college examination, however the computer science content is valuable more broadly.<br/><br/>
 The content is offered in English.</p></div>",[]
https://skills.yourlearning.ibm.com/channel/CNL_LCB_1717518883651,cybersecurity,Channel,IBM SkillsBuild | Capital Workforce Consortium,,,,27,"<div dir=""ltr"" lang=""en"" translate=""yes""><p>This is the go-to hub for service providers. Here, you'll find a wealth of resources to help you thrive professionally and personally:</p>
<p><strong>Tech Type Quiz:</strong> Discover your tech personality and get tailored recommendations for IBM SkillsBuild courses.</p>
<p><strong>Credentialed Learnings:</strong></p>
<ul>
<li><strong>Technical Skills:</strong> Level up your knowledge with courses on cybersecurity, emerging technologies, and more. Earn valuable IBM certifications that demonstrate your expertise.</li>
<li><strong>Workplace Skills:</strong> Enhance your communication, negotiation, and client management skills. </li>
</ul></div>",[]
https://skills.yourlearning.ibm.com/channel/CNL_LCB_1591663013492,cybersecurity,Channel,Manage Your Business,,,,3,"<div dir=""ltr"" lang=""en"" translate=""yes""><p>Explore these learning activities for small business owners about a range of topics from leadership, resilience, and decision making to operations, cybersecurity, and liquidity management to help navigate uncertain times.</p></div>",[]
https://skills.yourlearning.ibm.com/channel/CNL_LCB_1591118402230,cybersecurity,Channel,How It Works: Emerging Technology,,,,295,"<div dir=""ltr"" lang=""en"" translate=""yes""><p>This collection of videos provides you with quick introductions to the latest transformational technologies and how they work, including artificial intelligence, blockchain, cloud computing, data analysis, digital engagement, the Internet of Things (IoT), cybersecurity, and quantum computing.</p></div>",[]
https://skills.yourlearning.ibm.com/channel/CNL_LCB_1615309390012,cybersecurity,Channel,IBM SkillsBuild Presents: Job Exploration Webinars,,,,43,"<div dir=""ltr"" lang=""en"" translate=""yes""><strong>IBM SkillsBuild Presents</strong> is a series of recorded webinars created specially for SkillsBuild learners! Some webinars will help you explore a particular career in which you can learn from the personal stories of those who are in the field, such as cybersecurity. And some webinars offer expert guidance about changing careers or planning, searching, and succeeding in jobs in the world today. See what interests you!</div>",[]
https://skills.yourlearning.ibm.com/channel/CNL_LCB_1591373775528,cybersecurity,Channel,Career Exploration Ideas,,,,24,"<div dir=""ltr"" lang=""en"" translate=""yes""><p>This collection of learning activities is designed to help if you are thinking about your future and want to explore ideas about different careers that are in demand, such as those related to web development, data analysis, artificial intelligence (AI), blockchain, cybersecurity, and more. They provide high level information about various roles, skills needed, how to start in the field, and people's experiences in the work environment.</p></div>",[]
