,course_url,category,type,title,duration,learners_amount,star_rating,star_num_ratings,description,tags
0,https://skills.yourlearning.ibm.com/activity/ILB-GYEGYEEDYPMJ6N5X,Cybersecurity,eLearning,What is cybersecurity?,1 hr,41750 learners have completed this activity in the past 12 months. ,Average rating of 4.5 stars by 1410 learners in the past 12 months.,"1,410","About this learning activityYou already know ways to protect your devices from hackers. Now learn more about the threats and tactics used by cyberattackers, and dig into concepts like encryption and cryptography.

Duration: Complete the activities in this course and earn 60 minutes of learning credit!
","['Badge Learning', 'Explore Emerging Tech', 'Learning Domain', 'Other - Emerging technologies', 'Technical skills - Cybersecurity', 'Learning Domain Primary', 'Cybersecurity', 'TryB4', 'All TryB4', 'Lightcast Skills Taxonomy', 'Cyber Security Skill']"
1,https://skills.yourlearning.ibm.com/activity/PLAN-4FB8400F05FC,Cybersecurity,Learning Plan,Cybersecurity Fundamentals (New design; earn a credential!),About 7 hours,5886 learners have completed this activity in the past 12 months. ,Average rating of 4.5 stars by 248 learners in the past 12 months.,248,"Note: This newly designed experience is available in English, French, German, Japanese, Portuguese (Brazil), Spanish.   A version of this course is available in these languages here: Arabic, 簡體中文, Čeština, Nederlands, Français, Deutsch, हिन्दी, Italiano, 日本, polski, Türkçe, українська 
    Description 
  This course will provide you with an introduction to cybersecurity. From the offense perspective, you will learn about cyberattackers, their tactics, social engineering, and high-profile case studies. From the defense perspective, you will learn about common approaches organizations take to prevent, detect, and respond to cyberattacks. You will also learn about career opportunities in this exciting, growing field. Finally, you’ll explore how new developments and emerging technologies, such as artificial intelligence (AI), impact cybersecurity. 
    
  Complete the following required courses to earn an industry-recognized IBM SkillsBuild digital credential called Cybersecurity Fundamentals: 

Introduction to Cybersecurity
Cybersecurity: On the Offense
Cybersecurity: On the Defense
Your Future in Cybersecurity: The Job Landscape

  
  After completing Cybersecurity Fundamentals, you should be able to:

Describe cybersecurity, the CIA triad, and key elements of cybersecurity
Identify threat actor groups and common types of cyberattacks
Describe cyberattack tactics and techniques, including social engineering
Recognize the financial impacts of cybercrime
Describe methods organizations take to prevent, detect, and respond to cyberattacks
Recognize the cybersecurity job market, responsibilities, and skill sets of cybersecurity professionals, and resources and learning opportunities to explore 


  The knowledge and skills in these courses build on each other, so SkillsBuild recommends that you complete the courses in the order in which they are presented. Language: English 
  Select Enroll to enroll in this learning plan and get started! ","['Areas of Interest', 'Essential skills > Security', 'Badge Learning', 'Cybersecurity Fundamentals new', '000 All digital credentials', 'Badge Learning - Academia', '000 All digital credentials - Academia', 'Learning Domain', 'Technical skills - Cybersecurity', 'Learning Domain Primary', 'Cybersecurity']"
2,https://skills.yourlearning.ibm.com/activity/PLAN-FA511CDFAF48,Cybersecurity,Learning Plan,Cybersecurity Fundamentals (Earn a credential!),About 7 hours,8499 learners have completed this activity in the past 12 months. ,Average rating of 4.5 stars by 347 learners in the past 12 months.,347,"Note: There is an updated version of this course in the following languages: English, French, German, Japanese, Portuguese (Brazil), Spanish. Click here to take it.
 
This course will provide you with an introduction to cybersecurity. From the offense perspective, you will learn about cyber attackers, their tactics, social engineering, and high-profile case studies. From the defense perspective, you will learn about common approaches organizations take to prevent, detect, and respond to cyberattacks. You will also learn about career opportunities in this exciting, growing field.  
    
  Complete the following modules to earn an industry-recognized IBM SkillsBuild digital credential called Cybersecurity Fundamentals:   

Introduction
Overview of Cybersecurity
Cybersecurity: On the Offense
Cybersecurity: On the Defense
A Career in Cybersecurity
What’s New in Cybersecurity
Show What You Know 


    What you’ll learn  
  After completing Cybersecurity Fundamentals, you should be able to: 

Describe cybersecurity, the CIA triad, and key elements of cybersecurity
Identify threat actor groups and common types of cyber attacks
Describe cyber attack tactics and techniques, including social engineering
Recognize the financial impacts of cyber crime
Describe methods organizations take to prevent, detect, and respond to cyber attacks
Recognize the cybersecurity job market, responsibilities, and skill sets of cybersecurity professionals, and resources and learning opportunities to explore 

Languages: English, Arabic, Chinese (traditional), Czech, Dutch, French, German, Hindi, Italian, Japanese, Polish, Portuguese (Brazil), Spanish, Turkish, Ukrainian 
    
  Select Enroll to enroll in this learning plan and get started!  ","['Badge Learning', '000 All digital credentials', 'Cybersecurity Fundamentals', 'Learning Domain', 'Technical skills - Cybersecurity', 'Learning Domain Primary', 'Cybersecurity']"
3,https://skills.yourlearning.ibm.com/activity/PLAN-A273AA80C96E,Cybersecurity,Learning Plan,Cyber Investigator: An Interactive Cybersecurity Experience,About 90 minutes,3635 learners have completed this activity in the past 12 months. ,Average rating of 4.5 stars by 203 learners in the past 12 months.,203,"Join a team of cybersecurity investigators as they respond to a series of different cyber attacks. Travel through three different industries to help them conduct interviews, stop the attacks, solve puzzles, and restore things to normal.
 ","['Learning Domain', 'Technical skills - Cybersecurity', 'Learning Domain Primary', 'Cybersecurity']"
4,https://skills.yourlearning.ibm.com/activity/MDL-276,Cybersecurity,eLearning,Network Scanning with Zenmap,50 mins,2202 learners have completed this activity in the past 12 months. ,Average rating of 4.5 stars by 225 learners in the past 12 months.,225,"About this learning activityDo you want to work in cybersecurity or just know more about the field? If so, you should get to know the tools that cybersecurity professionals use, including network scanners like Nmap and Zenmap.
In this course, you’ll explore network scanning and practice doing it yourself using Zenmap in a simulation.What you’ll learn
After completing this course, you should be able to: 

Describe network scanning
Explain how port scanning works and why investigators use it
Discuss vulnerability scanning and various techniques for performing it
Describe Nmap and Zenmap
Install Nmap
Perform quick and intense network scans using Zenmap
Describe the types of data that display on the Zenmap dashboard
","['Learning Domain', 'Technical skills - Cybersecurity', 'Learning Domain Primary', 'Cybersecurity']"
5,https://skills.yourlearning.ibm.com/activity/MDL-277,Cybersecurity,eLearning,Protecting a Device with Malwarebytes,55 mins,12876 learners have completed this activity in the past 12 months. ,Average rating of 4.5 stars by 542 learners in the past 12 months.,542,"About this learning activityDo you want to work in cybersecurity? Or do you just want to learn more about security threats and how to protect your devices against them? Either way, you should familiarize yourself with standard cyberdefense tools such as antimalware software and virtual private networks (VPNs). One of the most well-known providers of these tools is Malwarebytes.
In this course, first you’ll explore common threats to devices and networks. Next, you’ll practice using Malwarebytes cyberdefense tools in a simulation. Learning objectives
After completing this course, you should be able to: 

Describe malware, including its various types
Explain what antimalware software is and how it works
Describe social engineering, phishing, cookies, and eavesdropping
Explain how virtual private networks (VPNs) work and why people use them
Perform antimalware scans and delete malicious files using Malwarebytes
Detect and remove adware and spyware using AdwCleaner
Conceal a device’s online data using Privacy VPN
Block online security threats using Browser Guard
","['Learning Domain', 'Technical skills - Cybersecurity', 'Learning Domain Primary', 'Cybersecurity']"
6,https://skills.yourlearning.ibm.com/activity/PLAN-EB2D3DA31CF9,Cybersecurity,Learning Plan,Explore Emerging Tech (Earn a badge!),Hours,22127 learners have completed this activity in the past 12 months. ,Average rating of 4.5 stars by 1099 learners in the past 12 months.,"1,099","Curious about tech, but not sure where to focus? You've come to the right place. In this learning plan, you'll get an intro to six emerging technologies that power today's jobs. You'll learn a little about each—like foundational concepts, terminology, and how it's used—and then you can decide where you want to go deeper. 

Badge opportunity: Complete all the courses in this learning plan and earn the Explore Emerging Tech badge. 

   

Audience: Anyone who wants to learn about the role of technology in today's careers
Duration: 7 hours, 10 minutes
Level: Beginner
Languages: English, German, French, Spanish, Portuguese (Brazil), Polish, Turkish, Korean, Traditional Chinese, Italian, Arabic, Hindi, and Japanese


 Click Enroll to enroll in this learning plan and get started!","['Badge Learning', '000 All digital credentials', 'Explore Emerging Tech', 'DigN Journey', 'Explorers', 'Learning Domain', 'Other - Emerging technologies', 'Other - Blockchain', 'Technical skills - Artificial Intelligence', 'Technical skills - Data', 'Technical skills - Cybersecurity', 'Technical Skills - Cloud', 'Technical skills - Information Technology']"
7,https://skills.yourlearning.ibm.com/activity/URL-B666DDD920C4,Cybersecurity,eLearning,Cybersecurity Professional,5 mins,392 learners have completed this activity in the past 12 months. ,Average rating of 4.5 stars by 30 learners in the past 12 months.,30,"About this learning activityBecome an expert in Cybersecurity with this hands on training! 

 Suitable for beginners","['Learning Domain', 'Technical skills - Cybersecurity', 'Learning Domain Primary', 'Cybersecurity']"
8,https://skills.yourlearning.ibm.com/activity/PLAN-8C633FABD60A,Cybersecurity,Learning Plan,Cybersecurity Express: Cybersecurity Essentials in Minutes!,About 30 minutes,1059 learners have completed this activity in the past 12 months. ,Average rating of 4.5 stars by 16 learners in the past 12 months.,16,"Did you know that every 39 seconds a cyber attack occurs? Cybersecurity protects an organization’s systems and networks from digital attackers. This quick cybersecurity primer highlights the fundamentals of cybersecurity and underscores the importance of effectively managing risks posed by cyberattacks. 


 Select Enroll to enroll in this learning plan and get started!","['Learning Domain', 'Technical skills - Cybersecurity', 'Learning Domain Primary', 'Cybersecurity']"
9,https://skills.yourlearning.ibm.com/activity/URL-AFACAD846AF5,Cybersecurity,Video,Why cybersecurity? | IBM SkillsBuild,3 mins,1621 learners have completed this activity in the past 12 months. ,Average rating of 4.5 stars by 18 learners in the past 12 months.,18,About this learning activityWatch a  brief video illustrating the ramifications of cyberattacks and emphasizing the significance of cybersecurity.,"['Learning Domain', 'Technical skills - Cybersecurity', 'Learning Domain Primary', 'Cybersecurity']"
10,https://skills.yourlearning.ibm.com/activity/PLAN-7BD104D112EB,Cybersecurity,Learning Plan,City and Guilds: Cybersecurity,About 4 hours,71 learners have completed this activity in the past 12 months. ,Average rating of 4.5 stars by 5 learners in the past 12 months.,5,"Cybersecurity is the practice of protecting systems, networks, and programs from digital attacks. These cyberattacks typically aim to access, change, or destroy sensitive information, extort money from users, or interrupt normal business processes. Implementing effective cybersecurity measures is particularly challenging today because there are more devices than people, and attackers are becoming more innovative. A robust cybersecurity strategy includes multiple layers of protection spread across computers, networks, programs, and data. To create a successful defense, an organization needs to integrate people, processes, and technology, ensuring that sensitive data is secured from unauthorized access and potential cyber threats. Learn the basics, and dive into the cybersecurity world.",[]
11,https://skills.yourlearning.ibm.com/activity/ISG-SLA7240,Cybersecurity,eLearning,Generative AI in Cybersecurity,1 hr,301 learners have completed this activity in the past 12 months. ,Average rating of 5 stars by 11 learners in the past 12 months.,11,"About this learning activityThis event replay is part of the HBCU IBM® Cybersecurity Speaker Lecture series. This lecture covers the generative AI concepts and real-life examples in cybersecurity.This event replay is part of the HBCU IBM® Cybersecurity Speaker Lecture series. This lecture covers the generative AI concepts and real-life examples in cybersecurity.
This course requires you register for an IBMid to access.","['Learning Domain', 'Technical skills - Cybersecurity', 'Technical skills - Artificial Intelligence', 'Learning Domain Primary', 'Artificial intelligence']"
12,https://skills.yourlearning.ibm.com/activity/URL-4CUXNS6SBOU,Cybersecurity,Video,How to Get a Career in Cybersecurity | IBM,6 mins,1592 learners have completed this activity in the past 12 months. ,Average rating of 4.5 stars by 22 learners in the past 12 months.,22,About this learning activityWatch this concise video offering insights into careers within the cybersecurity sector.,"['Learning Domain', 'Technical skills - Cybersecurity', 'Learning Domain Primary', 'Cybersecurity']"
13,https://skills.yourlearning.ibm.com/activity/ISG-DL0071231G,Cybersecurity,eLearning,IBM zSystems Cybersecurity Insights,4 hrs,20 learners have completed this activity in the past 12 months. ,Average rating of 5 stars by 2 learners in the past 12 months.,2,"About this learning activityThis is a course for System Administrators, Architects, and IT professionals in general looking to gain a deeper and broader insight into the various areas and disciplines necessary to maintain a secure environment. The content gets into some deep corners of z/OS specifically, though the best practices covered apply to most everyone working against hackers and bad actors on all platforms. Engaging and practical insights into various risk mitigating solutions within access management and logging, authentication and system integrity, encryption, data privacy, and more. 
This course requires you register for an IBMid to access.",[]
14,https://skills.yourlearning.ibm.com/activity/URL-0A255BA99414,Cybersecurity,Document,Learn about a career in cybersecurity,5 mins,1236 learners have completed this activity in the past 12 months. ,Average rating of 4.5 stars by 35 learners in the past 12 months.,35,"About this learning activityCybersecurity crosses all job roles and industries, and all companies need some form of security solution. What skills do you need to face down security threats and what interesting jobs are in this field? Answers to these questions, plus a few more facts, are included in the following infographic.


Also available in Spanish, French, and Brazilian Portuguese.


After you complete this activity, return to this page to select Mark complete for completion credit.","['Learning Domain', 'Technical skills - Cybersecurity', 'Learning Domain Primary', 'Cybersecurity', 'Lightcast Skills Taxonomy', 'Cyber Security Skill']"
15,https://skills.yourlearning.ibm.com/activity/URL-51C92EA05835,Cybersecurity,Event,IBM SkillsBuild: Cybersecurity Content Tour,33 mins,4306 learners have completed this activity in the past 12 months. ,Average rating of 4.5 stars by 82 learners in the past 12 months.,82,"About this learning activityUsame Samim, IBM SkillsBuild Content Manager, provides a tour of the cybersecurity offerings available on the platform.","['Learning Domain', 'Technical skills - Cybersecurity', 'Learning Domain Primary', 'Cybersecurity', 'Lightcast Skills Taxonomy', 'Cyber Security Skill']"
16,https://skills.yourlearning.ibm.com/activity/PLAN-65EA3D20577B,Cybersecurity,Learning Plan,MCIT Certificate Programs (Cybersecurity Certificate),Months,0,Average rating of 4 stars by 1 learner in the past 12 months.,1,"Complete this self-paced course with experiential learning to earn up to even (7) digital credentials, or badges, including the culminating certificate.",[]
17,https://skills.yourlearning.ibm.com/activity/URL-5BC6AF7340E7,Cybersecurity,eLearning,IBM Cybersecurity Analyst Professional Certificate,120 hrs,594 learners have completed this activity in the past 12 months. ,Average rating of 4.5 stars by 18 learners in the past 12 months.,18,"About this learning activityWhat you'll learn:

Develop knowledge of cybersecurity analyst tools including data protection; endpoint protection; SIEM; and systems and network fundamentals.
Learn about key compliance and threat intelligence topics important in today’s cybersecurity landscape.
Gain skills for incident responses and forensics with real-world cybersecurity case studies.
Get hands-on experience to develop skills via industry specific and open source Security tools.","['Learning Domain', 'Technical skills - Cybersecurity', 'Learning Domain Primary', 'Cybersecurity']"
18,https://skills.yourlearning.ibm.com/activity/URL-BCD205AB179C,Cybersecurity,Video,Cybersecurity for Small Business (U.S.),43 mins,96 learners have completed this activity in the past 12 months. ,Average rating of 4.5 stars by 10 learners in the past 12 months.,10,"About this learning activityThis on-demand webinar, presented by lawyers from Jones Day and IBM, is part of a series of webinars covering legal education topics for small business owners and entrepreneurs in the United States.  

Webinar summary:

Cybersecurity is a critical risk for small businesses in all industries. This presentation is designed to provide you with an understanding of the current cyber threat environment.  It also will explain the legal framework and the consequences your company may face in the event of a cyberattack. The session also will identify some practical steps that you can take now to protect the data your business handles and stores and mitigate the impact of a cybersecurity event.  As the risks continue to grow, you can meet the challenge of navigating the cyber landscape with an informed and pragmatic approach to protecting your business.   

Language: English  


After you complete this activity, return to this page to select Mark complete for completion credit. 

Resources:
Presentation slides

Disclaimer:

By clicking Go to this activity, you agree to the following:  

Any presentation by the presenting lawyers and the firms and companies with which they work should not be considered or construed as legal advice on any individual matter or circumstance. The distribution of this presentation or its content is not intended to create, and receipt of it does not constitute, an attorney-client relationship. The contents of this document are intended for general information purposes only and may not be quoted or referred to in any other presentation, publication or proceeding without the prior written consent of the presenting lawyers and/or the firms and companies with which they work, which may be given or withheld at their discretion. The views set forth herein are the personal views of the authors and do not necessarily reflect those of the firms and companies with which they work. Any listener of any presentation pursuant to this program who needs legal advice should consult an attorney for that purpose.","['Learning Domain', 'Technical skills - Cybersecurity', 'Learning Domain Primary', 'Cybersecurity', 'Lightcast Skills Taxonomy', 'Cyber Security Skill']"
19,https://skills.yourlearning.ibm.com/activity/URL-ZLYFT6BDXD4,Cybersecurity,Video,Top 10 Reasons to Learn Cybersecurity | Why Cybersecurity is Important | Edureka,10 mins,2164 learners have completed this activity in the past 12 months. ,Average rating of 4.5 stars by 44 learners in the past 12 months.,44,"About this learning activityShould you pursue a career in cybersecurity? This video discusses 10 reasons why you may want to consider a career in cybersecurity.
 This video is presented by Edureka.
 After you complete this activity, return to this page to select Mark complete for completion credit.Note: On the video toolbar, go to Settings,  select Subtitles,  select English, and then select Auto-Translate to enable subtitles in a language of your choice from the drop-down.","['Learning Domain', 'Technical skills - Cybersecurity', 'Learning Domain Primary', 'Cybersecurity', 'Lightcast Skills Taxonomy', 'Cyber Security Skill']"
20,https://skills.yourlearning.ibm.com/activity/URL-B8E393762813,Cybersecurity,eLearning,Navigating Your Journey to a Cybersecurity Career,1 hr,290 learners have completed this activity in the past 12 months. ,Average rating of 4.5 stars by 5 learners in the past 12 months.,5,"About this learning activity
Cybersecurity skills are in high demand. Hear from a panel of IBM cybersecurity professionals to learn more about cybersecurity roles and the types of skills and attributes they look for in candidates they hire. Use the insights you gain from their guidance and their own career journeys to help you prepare for your own.

 

In this recorded webinar, you will: 

·       Explore the typical working day of a cybersecurity professional. 

·       Get insights into the skills needed to become a cybersecurity professional and the non-technical skills you may already have.  

·       Understand first steps into cybersecurity learning. 

·       Find out what makes the difference when employers are looking for cybersecurity professionals. 

 



 ","['Learning Domain', 'Technical skills - Cybersecurity', 'Learning Domain Primary', 'Cybersecurity']"
21,https://skills.yourlearning.ibm.com/activity/URL-JDFMV2KW11I,Cybersecurity,Video,How it Works: Cybersecurity | IBM Think Academy,4 mins 50 s,551 learners have completed this activity in the past 12 months. ,Average rating of 4 stars by 78 learners in the past 12 months.,78,"About this learning activityHaving the proper response plan in place in case of a security breach can stop it from becoming a major disaster. Let's introduce how cybersecurity works.


This video is presented by IBM Think Academy.


After you complete this activity, return to this page to select Mark complete for completion credit.","['Learning Domain', 'Technical skills - Cybersecurity', 'Learning Domain Primary', 'Cybersecurity', 'Lightcast Skills Taxonomy', 'Cyber Security Skill']"
22,https://skills.yourlearning.ibm.com/activity/ISG-SLA7155,Cybersecurity,eLearning,IBM Security Expert Lecture Series: Cybersecurity and the law,54 mins,52 learners have completed this activity in the past 12 months. ,Average rating of 5 stars by 2 learners in the past 12 months.,2,"About this learning activityThis presentation looks at cybersecurity law, how it applies to corporations at a high level and how it applies to their cybersecurity operations. This presentation looks at cybersecurity law, how it applies to corporations at a high level and how it applies to their cybersecurity operations.
This course requires you register for an IBMid to access.","['Learning Domain', 'Technical skills - Cybersecurity', 'Learning Domain Primary', 'Cybersecurity']"
23,https://skills.yourlearning.ibm.com/activity/MDL-383,Cybersecurity,eLearning,Cyber Investigator Part 2: An Interactive Cybersecurity Experience,1 hr,3685 learners have completed this activity in the past 12 months. ,Average rating of 4.5 stars by 202 learners in the past 12 months.,202,"About this learning activityJoin a team of cybersecurity investigators as they respond to a series of different cyber attacks. Travel through three different industries to help them conduct interviews, stop the attacks, solve puzzles, and restore things to normal. DisclaimerTo receive completion credit for this activity, learners must complete the full 30 minute experience at once. Progress cannot be saved. Partial completion will not be recognized.","['Learning Domain', 'Technical skills - Cybersecurity', 'Learning Domain Primary', 'Cybersecurity']"
24,https://skills.yourlearning.ibm.com/activity/URL-YAQVURHA84M,Cybersecurity,Video,Cybersecurity Quiz: How Much Do You Know? | IBM,11 mins,1482 learners have completed this activity in the past 12 months. ,Average rating of 4.5 stars by 33 learners in the past 12 months.,33,About this learning activityLet's find out what you know!  Watch this concise video to  evaluate what you know about cybersecurity.,"['Learning Domain', 'Technical skills - Cybersecurity', 'Learning Domain Primary', 'Cybersecurity']"
25,https://skills.yourlearning.ibm.com/activity/URL-735724680A3B,Cybersecurity,Video,IBM SkillsBuild Presents: How to Become a Cybersecurity Professional,56 mins,3675 learners have completed this activity in the past 12 months. ,Average rating of 4.5 stars by 266 learners in the past 12 months.,266,"About this learning activityAbout this event:  Cybersecurity skills are in high demand in many countries around the world and there are multiple professions in the fields. Many examples show that the cybersecurity field is well suited for a career change. But who is suitable for it and where is the best place to start?
  In this recorded webinar, you will:

Learn from the personal stories of an army career changer into cybersecurity and a founder of a social enterprise redefining inclusion and integration of migrants and refugees through industry-led education in cybersecurity.
Explore the typical working day of a cybersecurity professional.
Get insights into the skills needed to become a cybersecurity professional.
Understand first steps into cybersecurity learning.
Find out what makes the difference when employers are looking for cybersecurity professionals.

Language: English 


 After you complete this activity, return to this page to select Mark complete for completion credit.","['Learning Domain', 'Technical skills - Cybersecurity', 'Learning Domain Primary', 'Cybersecurity', 'Lightcast Skills Taxonomy', 'Cyber Security Skill']"
26,https://skills.yourlearning.ibm.com/activity/MDL-381,Cybersecurity,eLearning,Cyber Investigator Part 1: An Interactive Cybersecurity Experience,30 mins,4193 learners have completed this activity in the past 12 months. ,Average rating of 4.5 stars by 165 learners in the past 12 months.,165,"About this learning activityJoin a team of cybersecurity investigators as they respond to a series of different cyber attacks. Travel through three different industries to help them conduct interviews, stop the attacks, solve puzzles, and restore things to normal. DisclaimerTo receive completion credit for this activity, learners must complete the full 30 minute experience at once. Progress cannot be saved. Partial completion will not be recognized.","['Learning Domain', 'Technical skills - Cybersecurity', 'Learning Domain Primary', 'Cybersecurity']"
27,https://skills.yourlearning.ibm.com/activity/URL-DK-ZQQ-BFY4,Cybersecurity,Video,8 Most Common Cybersecurity Threats | Types of Cyber Attacks | Cybersecurity for Beginners | Edureka,22 mins,1439 learners have completed this activity in the past 12 months. ,Average rating of 4.5 stars by 55 learners in the past 12 months.,55,"About this learning activityThis video will help you understand the types of cyber attacks that commonly plague businesses and how to tackle them and prevent them. The topics include:

The 8 most common cyber threats
What the particular threat is
How the threat works
How to protect yourself
This video is presented by Edureka. 


After you complete this activity, return to this page to select Mark complete for completion credit. 

Note: On the video toolbar, go to Settings,  select Subtitles,  select English, and then select Auto-Translate to enable subtitles in a language of your choice from the drop-down.","['Learning Domain', 'Technical skills - Cybersecurity', 'Learning Domain Primary', 'Cybersecurity', 'Lightcast Skills Taxonomy', 'Cyber Security Skill']"
28,https://skills.yourlearning.ibm.com/activity/URL-1EE539817834,Cybersecurity,Event,"How to Land a Cybersecurity Interview, featuring Kip Boyle: Session I",1 hr,285 learners have completed this activity in the past 12 months. ,Average rating of 4.5 stars by 15 learners in the past 12 months.,15,"About this learning activityIn this video, Kip Boyle, CEO and founder of Cyber Risk Opportunities, offers professional guidance on how to secure an interview in the cybersecurity arena.","['Learning Domain', 'Technical skills - Cybersecurity', 'Learning Domain Primary', 'Cybersecurity', 'Lightcast Skills Taxonomy', 'Cyber Security Skill']"
29,https://skills.yourlearning.ibm.com/activity/URL-MUMJN-FH8TY,Cybersecurity,Video,Ethical Hacking Roadmap | How to Become an Ethical Hacker | Cybersecurity Training | Edureka,10 mins,1124 learners have completed this activity in the past 12 months. ,Average rating of 4.5 stars by 29 learners in the past 12 months.,29,"About this learning activityThis video will help you understand what is ethical hacking and why it is important. You will also learn about a roadmap to become an ethical hacker as well as the needed skills and tools.


This video is presented by Edureka.


After you complete this activity, return to this page to select Mark complete for completion credit.

Note: On the video toolbar, go to Settings,  select Subtitles,  select English, and then select Auto-Translate to enable subtitles in a language of your choice from the drop-down.","['Learning Domain', 'Technical skills - Cybersecurity', 'Learning Domain Primary', 'Cybersecurity', 'Lightcast Skills Taxonomy', 'Cyber Security Skill']"
30,https://skills.yourlearning.ibm.com/activity/URL-83BF5083A457,Cybersecurity,Event,"How to Land a Cybersecurity Interview, featuring Kip Boyle: Session II",50 mins,224 learners have completed this activity in the past 12 months. ,Average rating of 4.5 stars by 7 learners in the past 12 months.,7,"About this learning activityIn this video replay, Kip Boyle, founder and CEO of Cyber Risk Opportunities, offers practical guidance on  how to secure an interview in cybersecurity. Kip provides in-the-moment feedback comparing cyber job postings to resumes.","['Learning Domain', 'Technical skills - Cybersecurity', 'Learning Domain Primary', 'Cybersecurity', 'Lightcast Skills Taxonomy', 'Cyber Security Skill']"
31,https://skills.yourlearning.ibm.com/activity/URL-XKU7LMPGC_O,Cybersecurity,Video,3 Popular Cybersecurity Jobs and How to Get One | CompTIA,6 mins 10 s,542 learners have completed this activity in the past 12 months. ,Average rating of 4.5 stars by 44 learners in the past 12 months.,44,"About this learning activityDo you want to get into cybersecurity? If you’re intrigued but wondering what cybersecurity jobs are out there, how much money you could make and how to get one, check out this video from Zach Hill of I.T. Career Questions. He’s partnered with CompTIA to highlight three popular cybersecurity jobs and teach you how to get into cybersecurity with IT training and certifications from CompTIA. Zach describes three in-demand cybersecurity jobs and highlights the CompTIA cybersecurity certifications that employers look for:

Cybersecurity analyst
Penetration tester
Security operations center (SOC) analyst
This video is presented by CompTIA. 


After you complete this activity, return to this page to select Mark complete for completion credit. 

Note: On the video toolbar, go to Settings,  select Subtitles,  select English, and then select Auto-Translate to enable subtitles in a language of your choice from the drop-down.","['Learning Domain', 'Technical skills - Cybersecurity', 'Learning Domain Primary', 'Cybersecurity', 'Lightcast Skills Taxonomy', 'Cyber Security Skill']"
32,https://skills.yourlearning.ibm.com/activity/PLAN-FD4A6451370B,Cybersecurity,Learning Plan,Cybersecurity Basics Learning Track | Equal Access for IBM Federal Ecosystem Partners of All Sizes,Days,53 learners have completed this activity in the past 12 months. ,Average rating of 5 stars by 10 learners in the past 12 months.,10,"This initial learning offering covers fundamentals for entry-level cyber activities and certification of network security expertise. Activities for the IBM Security Learning Academy introduce partners to more in-depth cybersecurity training and the Zero Trust environment as well as operational and advanced training on some of IBM's most powerful cyber tools. 


 Select Start tracking progress to enroll in this learning plan and get started!","['Learning Domain', 'Technical skills - Cybersecurity', 'Learning Domain Primary', 'Cybersecurity', 'Lightcast Skills Taxonomy', 'Cyber Security Skill']"
33,https://skills.yourlearning.ibm.com/activity/MDL-403,Cybersecurity,eLearning,Introduction to Cybersecurity,1 hr 15 mins,12997 learners have completed this activity in the past 12 months. ,Average rating of 4.5 stars by 314 learners in the past 12 months.,314,"About this learning activityIn this course, you’ll learn fundamental cybersecurity concepts. You will learn what cybersecurity is, including its objectives and key elements and the common misconceptions about it. You’ll discover core concepts for risk management and how they apply to cybersecurity. You’ll also explore legal and ethical considerations relevant to cybersecurity.What you’ll learn
 After completing this course, you should be able to:

Identify the objectives of the CIA triad and their relevance in various cybersecurity scenarios
Classify tasks by using the key elements of cybersecurity
Explain the ways to apply risk management concepts to cybersecurity
Describe common misconceptions about cybersecurity
Describe common types of laws and ethical considerations for cybersecurity
","['Learning Domain', 'Technical skills - Cybersecurity', 'Learning Domain Primary', 'Cybersecurity']"
34,https://skills.yourlearning.ibm.com/activity/MDL-407,Cybersecurity,eLearning,Cybersecurity: On the Defense,2 hrs 5 mins,8862 learners have completed this activity in the past 12 months. ,Average rating of 4.5 stars by 127 learners in the past 12 months.,127,"About this learning activityIn this course, you’ll learn about the defensive side of cybersecurity, meaning organizations and their techniques and tools. You’ll discover basic strategies that organizations take to detect and prevent cyberattacks and how organizations respond when incidents occur. You’ll explore standard encryption practices used to preserve data confidentiality. You’ll also learn about threat intelligence, including its benefits and sources.What you'll learn
 After completing this course, you should be able to:

Describe the financial impacts of cybercrime on organizations
Describe basic security strategy concepts
Describe strategies that organizations can use to prevent cyberattacks
Describe methods that organizations use to detect cyberattacks
Run an on-demand antimalware scan on a computer by using Malwarebytes
Describe basic concepts of cyberattack incident response
Explain basic cryptography concepts
Describe benefits, sources, and emerging technologies for threat intelligence
","['Learning Domain', 'Technical skills - Cybersecurity', 'Learning Domain Primary', 'Cybersecurity']"
35,https://skills.yourlearning.ibm.com/activity/MDL-405,Cybersecurity,eLearning,Cybersecurity: On the Offense,2 hrs 50 mins,9423 learners have completed this activity in the past 12 months. ,Average rating of 4.5 stars by 150 learners in the past 12 months.,150,"About this learning activityIn this course, you'll learn about the offensive side of cybersecurity. You'll discover the main types of threat actor or cyberattacker groups and their motivations, including money. You'll explore cyberattacks in detail, including the types of attacks and the techniques for planning attacks. You'll also examine several high-profile case studies of cyberattacks that demonstrate the large impact that such attacks can have.What you'll learn
 After completing this course, you should be able to:

Contrast the five main threat actor groups based on their profiles and characteristics
Describe common types of cyberattacks
Explain the overall structure of a typical cyberattack outlined in the Cyber Kill Chain framework
Identify cyberattacker tactics and techniques by using the MITRE ATT&CK matrix
Explain key elements of the cybercrime ecosystem
Describe common social engineering techniques
Describe open-source intelligence (OSINT) and standard sources that cyberattackers use
Explain the purpose of and information provided by typical technical scanning techniques
Perform network reconnaissance by using network scanning tools
List the details and lessons learned from several high-profile cyberattacks
","['Learning Domain', 'Technical skills - Cybersecurity', 'Learning Domain Primary', 'Cybersecurity']"
36,https://skills.yourlearning.ibm.com/activity/ILB-DNRPWDGQGMMY7GGD,Cybersecurity,eLearning,Cybersecurity Fundamentals,6 hrs,28581 learners have completed this activity in the past 12 months. ,Average rating of 4.5 stars by 1976 learners in the past 12 months.,"1,976","About this learning activityThis course will provide you with an introduction to cybersecurity. From the offense perspective, you will learn about cyber attackers, their tactics, social engineering, and high profile case studies. From the defense perspective, you will learn about common approaches organizations take to prevent, detect, and respond to cyber attacks. You will also learn about career opportunities in this exciting, growing field.Complete this course to earn the Cybersecurity Fundamentals badge!Expected duration: This course will take you about 6 hours.Languages: English, Arabic, Brazilian Portuguese, Czech, Dutch, French, German, Hindi, Italian, Japanese, Polish, Spanish, Traditional Chinese, Turkish and Ukrainian","['Badge Learning', '000 All digital credentials', 'Cybersecurity Fundamentals', 'Fundamentals', 'All Fundamentals', 'Learning Domain', 'Technical skills - Cybersecurity', 'Learning Domain Primary', 'Cybersecurity', 'Lightcast Skills Taxonomy', 'Cyber Security Skill']"
37,https://skills.yourlearning.ibm.com/activity/ILB-EKEQWXENZJVJ1JKX,Cybersecurity,eLearning,IBM and Cybersecurity,30 mins,34464 learners have completed this activity in the past 12 months. ,Average rating of 4.5 stars by 828 learners in the past 12 months.,828,"About this learning activityGet a feel for cybersecurity as a career. You'll see how IBM is helping clients defend against cyberattacks and respond to broader security threats. You’ll also learn about basic cybersecurity terminology and types of cyberattacks.

Duration: Complete the activities in this course and earn 30 minutes of learning credit!","['Badge Learning', 'Explore Emerging Tech', 'Learning Domain', 'Other - Emerging technologies', 'Technical skills - Cybersecurity', 'Learning Domain Primary', 'Cybersecurity', 'Lightcast Skills Taxonomy', 'Cyber Security Skill']"
38,https://skills.yourlearning.ibm.com/activity/ILB-XVZEKQZWWNVN4M3Z,Cybersecurity,eLearning,How is cybersecurity used?,30 mins,36256 learners have completed this activity in the past 12 months. ,Average rating of 4.5 stars by 856 learners in the past 12 months.,856,"About this learning activityLearn about Havyn, the voice-enabled cybersecurity assistant, and watch a team in action as they isolate cyberattacks and shut down the threat. Then, try it for yourself and test your cyber-defense skills with the NOVA Cybersecurity Lab.

Duration: Complete the activities in this course and earn 30 minutes of learning credit!","['Badge Learning', 'Explore Emerging Tech', 'Learning Domain', 'Other - Emerging technologies', 'Technical skills - Cybersecurity', 'Learning Domain Primary', 'Cybersecurity', 'Lightcast Skills Taxonomy', 'Cyber Security Skill']"
39,https://skills.yourlearning.ibm.com/activity/MDL-409,Cybersecurity,eLearning,Your Future in Cybersecurity: The Job Landscape,1 hr,11989 learners have completed this activity in the past 12 months. ,Average rating of 4.5 stars by 153 learners in the past 12 months.,153,"About this learning activityOrganizations recognize the key role of cybersecurity in protecting their systems, networks, and data. They are actively seeking professionals with expertise to prevent, detect, contain, and recover from cyberattacks. As a result, the demand for skilled cybersecurity professionals grows every day. In this course, you’ll learn about the cybersecurity job market and the skills that cybersecurity professionals need to be successful. You’ll also find resources and learning opportunities so you can explore more.What you’ll learn
 After completing this course, you should be able to:

Identify industries in which cybersecurity professionals work
Recognize the global demand for cybersecurity professionals in the job market
Describe the key responsibilities and tasks of roles in the cybersecurity field
Describe the baseline and workplace skills and knowledge that cybersecurity professionals need
List industry-recognized cybersecurity certifications
Identify the resources to learn more and stay up to date in the field of cybersecurity
","['Learning Domain', 'Technical skills - Cybersecurity', 'Workplace skills - Workforce readiness', 'Learning Domain Primary', 'Cybersecurity']"
40,https://skills.yourlearning.ibm.com/activity/ISG-C110077G,Cybersecurity,eLearning,Implementing Encryption Models,42 mins,308 learners have completed this activity in the past 12 months. ,Average rating of 4.5 stars by 8 learners in the past 12 months.,8,"About this learning activityIn this course, you will learn to how to implement data protection on IBM Cloud.This course describes how to implement data protection and encryption models on IBM Cloud. 
This course requires you register for an IBMid to access.","['Learning Domain', 'Technical skills - Cybersecurity', 'Learning Domain Primary', 'Cybersecurity']"
41,https://skills.yourlearning.ibm.com/activity/PLAN-3CD39552C435,Cybersecurity,Learning Plan,City and Guilds: Journey into Tech,About 4 hours,53 learners have completed this activity in the past 12 months. ,Average rating of 5 stars by 5 learners in the past 12 months.,5,"Follow us for a journey into tech, covering the basic topics you need to know to work as an IT Support Specialist, Cybersecurity Specialist, and Cloud Computing.",[]
42,https://skills.yourlearning.ibm.com/activity/PLAN-B1962A6BDFAD,Cybersecurity,Learning Plan,CyberDay Gaynes School,About 1 day,15 learners have completed this activity in the past 12 months. ,Average rating of 4.5 stars by 3 learners in the past 12 months.,3,"Learn more about Cybersecurity on SkillsBuild! 

Start your learning experience to prepare for your York visit.","['Learning Domain', 'Technical skills - Cybersecurity', 'Learning Domain Primary', 'Cybersecurity']"
43,https://skills.yourlearning.ibm.com/activity/URL-177B9DBEECCD,Cybersecurity,Guidance,IBM SkillsBuild: Main Career Pathways,30 mins,268 learners have completed this activity in the past 12 months. ,Average rating of 5 stars by 10 learners in the past 12 months.,10,"About this learning activityIn this replay, Usame Samim, a content manager for IBM SkillsBuild, offers an overview of the cybersecurity, data analysis, and web development learning pathways available to learners.","['Learning Domain', 'Technical skills - Cybersecurity', 'Learning Domain Primary', 'Cybersecurity', 'Lightcast Skills Taxonomy', 'Data Analysis Skill', 'Cyber Security Skill']"
44,https://skills.yourlearning.ibm.com/activity/ISG-DL70239G,Cybersecurity,eLearning,Overview of Network Strategies for the VPC Network,30 mins,32 learners have completed this activity in the past 12 months. ,Average rating of 5 stars by 3 learners in the past 12 months.,3,"About this learning activityThis course covers the IBM Cloud VPC network infrastructure, including access control lists and security groups. This course will also cover the advantages of VPC interconnectivity and bare metal servers for VPC.This course covers the IBM Cloud VPC network infrastructure, including access control lists and security groups. 
This course requires you register for an IBMid to access.","['Learning Domain', 'Technical skills - Cybersecurity', 'Learning Domain Primary', 'Cybersecurity']"
45,https://skills.yourlearning.ibm.com/activity/URL-8D79C54EB7BF,Cybersecurity,Video,Secure Coding - Security Mentality (1 of 2),8 mins,34 learners have completed this activity in the past 12 months. ,Average rating of 5 stars by 5 learners in the past 12 months.,5,"About this learning activityPresented by Red Hat.After you complete this activity, return to this page to select Mark complete for completion credit.","['Learning Domain', 'Technical skills - Cybersecurity', 'Learning Domain Primary', 'Cybersecurity']"
46,https://skills.yourlearning.ibm.com/activity/ISG-DL70240G,Cybersecurity,eLearning,Security and Compliance Services,2 hrs 12 mins,34 learners have completed this activity in the past 12 months. ,Average rating of 5 stars by 5 learners in the past 12 months.,5,"About this learning activityThis course introduces Security and Compliance Services for IBM Cloud VMware Solutions. You will explore offerings that are available to ensure secure and compliant workloads, working with IBM's Security and Compliance Center, and typical use cases for the various security and compliance offerings.This course introduces Security and Compliance Services for IBM Cloud VMware Solutions. 
This course requires you register for an IBMid to access.","['Learning Domain', 'Technical skills - Cybersecurity', 'Learning Domain Primary', 'Cybersecurity']"
47,https://skills.yourlearning.ibm.com/activity/URL-FF97E787BA0C,Cybersecurity,Video,Secure Coding - Security Mentality (2 of 2),8 mins,33 learners have completed this activity in the past 12 months. ,Average rating of 5 stars by 1 learner in the past 12 months.,1,"About this learning activityPresented by Red Hat.After you complete this activity, return to this page to select Mark complete for completion credit.","['Learning Domain', 'Technical skills - Cybersecurity', 'Learning Domain Primary', 'Cybersecurity']"
48,https://skills.yourlearning.ibm.com/activity/URL-8D5CC0162203,Cybersecurity,Video,CompTIA 220-1001 A+ Training Course,9 hrs 21 mins,71 learners have completed this activity in the past 12 months. ,Average rating of 4.5 stars by 9 learners in the past 12 months.,9,"About this learning activityPresented by Professor Messer.After you complete this activity, return to this page to select Mark complete for completion credit.","['Learning Domain', 'Technical skills - Cybersecurity', 'Learning Domain Primary', 'Cybersecurity']"
49,https://skills.yourlearning.ibm.com/activity/URL-30D404DBD257,Cybersecurity,Video,CompTIA 220-1002 A+ Training Course,9 hrs 8 mins,42 learners have completed this activity in the past 12 months. ,Average rating of 4 stars by 4 learners in the past 12 months.,4,"About this learning activityPresented by Professor Messer.After you complete this activity, return to this page to select Mark complete for completion credit.","['Learning Domain', 'Technical skills - Cybersecurity', 'Learning Domain Primary', 'Cybersecurity']"
50,https://skills.yourlearning.ibm.com/activity/PLAN-2ED19AD27C71,Cybersecurity,Learning Plan,Advance Your Skills in Tech Domains,About 30 minutes,10 learners have completed this activity in the past 12 months. ,0.0,16,"Curious about different technologies? This learning plan is perfect for individuals looking to enhance their expertise in the technology field. 
Choose the topic in which you would like to advance your skills:

Cybersecurity
Artificial Intelligence
Data Analytics
Cloud
User Experience (UX)
IT Support 
",[]
51,https://skills.yourlearning.ibm.com/activity/PLAN-830ED921FAB4,Cybersecurity,Learning Plan,Getting started with Technology,About 30 minutes,13 learners have completed this activity in the past 12 months. ,Average rating of 5 stars by 1 learner in the past 12 months.,1,"Curious about tech skills? These videos are designed to provide a foundational understanding of six crucial technology domains: Artificial Intelligence (AI), Data, Cloud Computing, Cybersecurity, Information Technology (IT), and User Experience (UX). Each video will introduce key concepts in these fields providing introductory knowledge for aspiring technologists and professionals who may be looking to expand their expertise.",[]
52,https://skills.yourlearning.ibm.com/activity/URL-240F15625B2F,Cybersecurity,Webpage,Voices of Security,15 mins,952 learners have completed this activity in the past 12 months. ,Average rating of 4 stars by 248 learners in the past 12 months.,248,"About this learning activityThe security industry is full of dedicated, passionate individuals doing stellar work every day to keep the world’s data safe. Check out this series by Security Intelligence to meet the heroes of IBM Security and discover what drew them to the industry, what drives them to fight cybercrime and how their work helps free organizations to thrive in the face of cyber uncertainty.Note: This activity is currently available only in English.","['Learning Domain', 'Technical skills - Cybersecurity', 'Learning Domain Primary', 'Cybersecurity']"
53,https://skills.yourlearning.ibm.com/activity/PLAN-3B9FFEDE788B,Cybersecurity,Learning Plan,Fortinet Certified Associate (FCA),About 6 hours,1697 learners have completed this activity in the past 12 months. ,Average rating of 4.5 stars by 54 learners in the past 12 months.,54,"The Fortinet Certified Associate (FCA) certification validates your ability to execute high-level operation of FortiGate devices. This curriculum will offer a course that covers the fundamental operating procedures for the most common FortiGate features. 

To achieve FCA certification in Cybersecurity, professionals must complete FortiGate Operator course. 


 For more information, refer to the following knowledge base article in the Fortinet Training Institute Helpdesk.","['Learning Domain', 'Technical skills - Cybersecurity', 'Learning Domain Primary', 'Cybersecurity']"
54,https://skills.yourlearning.ibm.com/activity/URL-3DD310276921,Cybersecurity,Webpage,The COVID-19 cyberwar: How to protect your business | IBM Institute for Business Value,20 mins,175 learners have completed this activity in the past 12 months. ,Average rating of 3.5 stars by 3 learners in the past 12 months.,3,"About this learning activityCybersecurity threats have escalated, as bad actors take advantage of the pandemic. 


This report is presented by IBM Institute for Business Value, and authored by Wendi Whitmore and Gerry Parham. 


After you complete this activity, return to this page to select  Mark complete for completion credit.  

Note: This activity is available only in English. 

 ","['Learning Domain', 'Technical skills - Cybersecurity', 'Learning Domain Primary', 'Cybersecurity', 'Lightcast Skills Taxonomy', 'Cyber Security Skill']"
55,https://skills.yourlearning.ibm.com/activity/ISG-C110075G,Cybersecurity,eLearning,Monitoring and Managing Security Threats on IBM Cloud,30 mins,28 learners have completed this activity in the past 12 months. ,Average rating of 4 stars by 4 learners in the past 12 months.,4,"About this learning activityIn this course, you will learn an overview of monitoring and managing security threats on IBM Cloud. This course discusses the various security options that are available in IBM Cloud and how to apply code patterns to a solution.This course identifies how to monitor and manage security threats on IBM Cloud. 
This course requires you register for an IBMid to access.","['Learning Domain', 'Technical skills - Cybersecurity', 'Technical Skills - Cloud', 'Learning Domain Primary', 'Cybersecurity']"
56,https://skills.yourlearning.ibm.com/activity/MDL-199,Cybersecurity,eLearning,Security Measures and Security Options in IBM Cloud,12 mins,60 learners have completed this activity in the past 12 months. ,Average rating of 4.5 stars by 8 learners in the past 12 months.,8,"About this learning activityThis course introduces the learner to the security measures and security options within IBM Cloud including readiness, encryption and shared responsibility.","['Learning Domain', 'Technical skills - Cybersecurity', 'Learning Domain Primary', 'Cybersecurity']"
57,https://skills.yourlearning.ibm.com/activity/ISG-C110089G,Cybersecurity,eLearning,Troubleshoot inter service connectivity on IBM Cloud,30 mins,27 learners have completed this activity in the past 12 months. ,Average rating of 4.5 stars by 2 learners in the past 12 months.,2,"About this learning activityIn this course, you will learn how to troubleshoot inter service connectivity for Transit Gateways, Private and Service Endpoints, ACLs and Security Groups.This course identifies the methods to troubleshoot inter service connectivity, as well as the limitations and user case for each type. 
This course requires you register for an IBMid to access.","['Learning Domain', 'Technical skills - Cybersecurity', 'Technical Skills - Cloud', 'Learning Domain Primary', 'Cybersecurity', 'Lightcast Skills Taxonomy', 'Troubleshooting (Problem Solving) Skill']"
58,https://skills.yourlearning.ibm.com/activity/ISG-DL10034G,Cybersecurity,eLearning,Introduction to IBM WebSphere Automation,2 hrs,28 learners have completed this activity in the past 12 months. ,Average rating of 5 stars by 1 learner in the past 12 months.,1,"About this learning activityThis course is intended for server administrators who need to ensure the security of WebSphere Application Server and Liberty installations by detecting unresolved security vulnerabilities that affect them. By using WebSphere Automation, administrators can more easily plan their response to security vulnerabilities and no longer need to manually evaluate security bulletins for relevance or applicability.This course is intended for server administrators who need to ensure the security of WebSphere Application Server and Liberty installations by detecting unresolved security vulnerabilities.
This course requires you register for an IBMid to access.","['Learning Domain', 'Technical skills - Cybersecurity', 'Learning Domain Primary', 'Cybersecurity', 'Lightcast Skills Taxonomy', 'Automation Skill', 'Vulnerability Skill']"
59,https://skills.yourlearning.ibm.com/activity/ISG-DL70307G,Cybersecurity,eLearning,Security Considerations for SAP on IBM Cloud,48 mins,24 learners have completed this activity in the past 12 months. ,Average rating of 4.5 stars by 2 learners in the past 12 months.,2,"About this learning activityThis course explores the importance of network isolation and includes options for ensuring the safety of SAP workloads on IBM Cloud, including security at the edge and data encryption options.This course explores the importance of network isolation and includes options for ensuring the safety of SAP workloads on IBM Cloud, including security at the edge and data encryption options.
This course requires you register for an IBMid to access.","['Learning Domain', 'Technical skills - Cybersecurity', 'Technical Skills - Cloud', 'Learning Domain Primary', 'Cloud computing', 'Lightcast Skills Taxonomy', 'SAP Applications Skill']"
60,https://skills.yourlearning.ibm.com/activity/MDL-210,Cybersecurity,eLearning,IBM Cloud Security and Monitoring Services,12 mins,53 learners have completed this activity in the past 12 months. ,Average rating of 4.5 stars by 7 learners in the past 12 months.,7,"About this learning activityThis course introduces the learner to IBM Cloud security and monitoring services including monitoring, logging, the Activity Tracker, and IBMs Security Compliance Center.","['Learning Domain', 'Technical skills - Cybersecurity', 'Learning Domain Primary', 'Cybersecurity']"
61,https://skills.yourlearning.ibm.com/activity/ISG-DL70238G,Cybersecurity,eLearning,Overview of Network Strategies for the Classic Network,54 mins,17 learners have completed this activity in the past 12 months. ,Average rating of 5 stars by 2 learners in the past 12 months.,2,"About this learning activityThis course reviews the IBM classic network infrastructure, including network connections and security. Additionally, this course covers effective strategies to connect to IBM Cloud using Direct Link. Finally, this course differentiates between the IBM Cloud Gateway Appliance options to add security and network services at the edge of public or private cloud environments. This course reviews the IBM classic network infrastructure, including network connections and security. Additionally, this course covers effective strategies to connect to IBM Cloud using Direct Link.
This course requires you register for an IBMid to access.","['Learning Domain', 'Technical skills - Cybersecurity', 'Learning Domain Primary', 'Cybersecurity']"
62,https://skills.yourlearning.ibm.com/activity/ISG-SLA7237,Cybersecurity,eLearning,Zero Trust Introduction,2 hrs 30 mins,16 learners have completed this activity in the past 12 months. ,0.0,0,"About this learning activityBegin educating yourself about the Zero Trust approach to cybersecurity by watching the 4 videos and reading the 2 required files that this course provides. Also, take advantage of the optional videos in the Related resources topic.Begin educating yourself about the Zero Trust approach to cybersecurity by watching the 4 videos and reading the 2 required files that this course provides. 
This course requires you register for an IBMid to access.","['Learning Domain', 'Technical skills - Cybersecurity', 'Learning Domain Primary', 'Cybersecurity']"
63,https://skills.yourlearning.ibm.com/activity/ISG-C110076G,Cybersecurity,eLearning,Implementing and Managing Security Policies on IBM Cloud,42 mins,19 learners have completed this activity in the past 12 months. ,0.0,0,"About this learning activityThis course teaches you how to deploy, configure, and enable IBM Cloud security policy solutions. In addition, as IBM Cloud Site Reliability Engineers (SRE), this course enhances your knowledge on IBM Cloud security policies including compliance, data security, privacy, and access management.This course articulates how to implement and manage security policies on IBM Cloud. 
This course requires you register for an IBMid to access.","['Learning Domain', 'Technical skills - Cybersecurity', 'Technical Skills - Cloud', 'Learning Domain Primary', 'Cybersecurity', 'Lightcast Skills Taxonomy', 'Management Skill', 'Security Policies Skill']"
64,https://skills.yourlearning.ibm.com/activity/ISG-DL70332G,Cybersecurity,eLearning,Security Engineer Accelerator Badge,30 mins,26 learners have completed this activity in the past 12 months. ,0.0,0,"About this learning activityThe IBM Cloud Security Engineer Accelerator badge is for jam participants who have a fundamental knowledge of cloud security and are interested in developing skills to support the security of their organizations cloud presence. This achievement is a stepping stone to earning the IBM Cloud Security Engineer certification.The IBM Cloud Security Engineer Accelerator badge is for jam participants who have a fundamental knowledge of cloud security.
This course requires you register for an IBMid to access.","['Learning Domain', 'Technical skills - Cybersecurity', 'Learning Domain Primary', 'Cybersecurity', 'Lightcast Skills Taxonomy', 'Cloud Security Skill']"
65,https://skills.yourlearning.ibm.com/activity/URL-2VSNN7UIXN8,Cybersecurity,Video,What is Ethical Hacking? | Ethical Hacking for Beginners | Ethical Hacking Course | Edureka,16 mins,1574 learners have completed this activity in the past 12 months. ,Average rating of 4.5 stars by 65 learners in the past 12 months.,65,"About this learning activityThis video will give you an introduction to the fundamentals of ethical hacking. The topics include:

What is ethical hacking?
Types of hackers
Types of hacking
Phases of ethical hacking
Reconnaissance
Footprinting
Fingerprinting

This video is presented by Edureka.
 After you complete this activity, return to this page to select Mark complete for completion credit.Note: On the video toolbar, go to Settings,  select Subtitles,  select English, and then select Auto-Translate to enable subtitles in a language of your choice from the drop-down.","['Learning Domain', 'Technical skills - Cybersecurity', 'Learning Domain Primary', 'Cybersecurity']"
66,https://skills.yourlearning.ibm.com/activity/URL-B1B68A94EB37,Cybersecurity,eLearning,Sicherheit im Internet | openHPI,25 hrs,698 learners have completed this activity in the past 12 months. ,Average rating of 4.5 stars by 12 learners in the past 12 months.,12,"About this learning activityDieser Kurs führt in die Grundbegriffe der Internetsicherheit ein: Hier lernen Sie nicht nur, was formelle Sicherheitsziele sind, sondern auch, warum das Internet in seinem Grunddesign unsicher ist. Die häufigsten Schwachstellen des Internets werden dargelegt, wie diese ausgenutzt werden können und schließlich, wie Sie sich schützen können.
 Bitte beachten Sie: Dieser Kurs ist kostenlos. Erstellen Sie einen Zugang auf OpenHPI dafür.
 Nachdem Sie diese Aktivität abgeschlossen haben, kehren Sie zu dieser Seite zurück, um sie mit der Option Als abgeschlossen markieren (Mark complete).","['Learning Domain', 'Technical skills - Cybersecurity', 'Learning Domain Primary', 'Cybersecurity', 'Popular Subjects', 'Security']"
67,https://skills.yourlearning.ibm.com/activity/URL-5JPGMXT1Z9Y,Cybersecurity,Video,What is Cryptography? | Introduction to Cryptography | Cryptography for Beginners | Edureka,17 mins,1257 learners have completed this activity in the past 12 months. ,Average rating of 4.5 stars by 30 learners in the past 12 months.,30,"About this learning activityCryptography is essential to protect the information shared across the internet. This video explains the fundamental concepts along with various encryption techniques. The topics include:

What is cryptography?
Classification of cryptography
How various crytographic algorithms work
A demo on RSA Cryptography
This video is presented by Edureka. 


After you complete this activity, return to this page to select Mark complete for completion credit. 

Note: On the video toolbar, go to Settings,  select Subtitles,  select English, and then select Auto-Translate to enable subtitles in a language of your choice from the drop-down.","['Learning Domain', 'Technical skills - Cybersecurity', 'Learning Domain Primary', 'Cybersecurity', 'Lightcast Skills Taxonomy', 'Algorithms Skill']"
68,https://skills.yourlearning.ibm.com/activity/URL-ZL6446SHQ08,Cybersecurity,Video,How to Create Strong Passwords | Consumer Reports,4 mins 4 s,796 learners have completed this activity in the past 12 months. ,Average rating of 4.5 stars by 31 learners in the past 12 months.,31,"About this learning activityThink your passwords are tough to hack? Think again. We crack the code on how to protect your most private information.
 This video is presented by Consumer Reports.
 After you complete this activity, return to this page to select Mark complete for completion credit.Note: On the video toolbar, go to Settings, select Subtitles, select English, and then select Auto-Translate to enable subtitles in a language of your choice from the drop-down.","['Learning Domain', 'Technical skills - Cybersecurity', 'Learning Domain Primary', 'Cybersecurity']"
69,https://skills.yourlearning.ibm.com/activity/URL-EAD5DF36F78A,Cybersecurity,Webpage,9 Types of Cloud Computing (With Definition and Tips) | Indeed Career Guide,10 mins,278 learners have completed this activity in the past 12 months. ,Average rating of 5 stars by 3 learners in the past 12 months.,3,"About this learning activityOrganizations looking for ways to store and access their data often may consider cloud computing services. Clouds can help companies reduce their IT operational costs, strengthen their cybersecurity system and boost their computing speeds. In this article, you will learn what cloud computing is, explain five types of cloud deployment systems and assess four different cloud computing services.


This article is presented by Indeed Career Guide.


After you complete this activity, return to this page to select Mark complete for completion credit.

Note: This activity is available only in English.","['Learning Domain', 'Technical Skills - Cloud', 'Learning Domain Primary', 'Cloud computing']"
70,https://skills.yourlearning.ibm.com/activity/URL-JI8IKPJICSM,Cybersecurity,Video,What is Cloud Security? | IBM Technology,10 mins,385 learners have completed this activity in the past 12 months. ,Average rating of 4.5 stars by 14 learners in the past 12 months.,14,"About this learning activityCheck out this lightboard video with Nataraj Nagaratnam from IBM Cloud as he maps out what cloud security is and explains how important it is for enterprises to incorporate it into their business operations.


After you complete this activity, return to this page to select Mark complete for completion credit.

Note: On the video toolbar, go to Settings,  select Subtitles,  select English, and then select Auto-Translate to enable subtitles in a language of your choice from the drop-down.","['Learning Domain', 'Technical skills - Cybersecurity', 'Technical Skills - Cloud', 'Learning Domain Primary', 'Cybersecurity', 'Lightcast Skills Taxonomy', 'Cloud Security Skill', 'Business Operations Skill']"
71,https://skills.yourlearning.ibm.com/activity/ISG-DL70325G,Cybersecurity,eLearning,Professional SRE Principles,30 mins,23 learners have completed this activity in the past 12 months. ,Average rating of 4 stars by 5 learners in the past 12 months.,5,"About this learning activityThe Professional SRE Principles badge is for learners who have learned how to manage incidents, develop a balanced action plan, and perform post incident reviews, along with monitoring and managing security threats, implementing encryption models and managing role-based access control on IBM Cloud. In addition, you have learned how to troubleshoot problems related to various network and server issues, manage virtual networks, configure name resolution and manage performance on IBM Cloud.The Professional SRE Principles badge is for learners who have learned how to manage incidents, develop a balanced action plan, and perform post incident reviews, along with managing security threats.
This course requires you register for an IBMid to access.","['Learning Domain', 'Technical skills - Cybersecurity', 'Learning Domain Primary', 'Cybersecurity', 'Lightcast Skills Taxonomy', 'Troubleshooting (Problem Solving) Skill']"
72,https://skills.yourlearning.ibm.com/activity/ISG-DL70224G,Cybersecurity,eLearning,IBM Cloud Satellite Flash Cards and Study Guides,2 hrs,16 learners have completed this activity in the past 12 months. ,0.0,0,"About this learning activityThe IBM Cloud Satellite study preparation content consists of study guides and flash cards the correlate with the online training courses in the IBM Cloud Satellite curriculum. These study materials provide the learner with content that will enable them to prepare for the certification examination. Content and practice questions focus on topics such as motivation for using IBM Cloud Satellite, the infrastructure requirements, setting up an IBM Cloud Satellite location, security for IBM Cloud Satellite, and deploying and debugging workloads on IBM Cloud Satellite locations.The IBM Cloud Satellite study preparation content consists of study guides and flash cards the correlate with the online training courses in the IBM Cloud Satellite curriculum.
This course requires you register for an IBMid to access.","['Learning Domain', 'Technical skills - Cybersecurity', 'Technical Skills - Cloud', 'Learning Domain Primary', 'Cybersecurity']"
73,https://skills.yourlearning.ibm.com/activity/PLAN-8BA559FB451B,Cybersecurity,Learning Plan,Fortinet Certified Fundamentals (FCF),About 10 hours,2103 learners have completed this activity in the past 12 months. ,Average rating of 4.5 stars by 67 learners in the past 12 months.,67,"The Fortinet Certified Fundamentals (FCF) certification validates that you have mastered the technical knowledge and skills that are required for any entry-level job role in cybersecurity. This curriculum will offer courses that cover today’s threat landscape and the fundamentals of cybersecurity. 

To achieve a Fortinet Certified Fundamentals (FCF) certification in cybersecurity, professionals must complete the online core course and one of the two elective online courses. 

1. Core course:  Introduction to the Threat Landscape

2. Elective course: The selection depends on your job role:  You can select from one of the following: 

   

Getting Started in Cybersecurity is ideal for individuals in non-technical job positions that require a high-level understanding of the most important technical fundamentals of cybersecurity. Examples include security product sales people and company CEOs.
                                                      

Technical Introduction to Cybersecurity is ideal for individuals in technical roles that require a more in-depth understanding of the fundamentals of cybersecurity. This course is also ideal for people who are pursuing a technical role in cybersecurity.
Earn your digital credentials


 You will receive digital badges credentials under the following circumstances: 

Exam badge: Each time you pass any version of the exam included in FCF - Cybersecurity.
Certification badge: Once you achieve the requirements for the FCF - Cybersecurity.
","['Learning Domain', 'Technical skills - Cybersecurity', 'Learning Domain Primary', 'Cybersecurity']"
74,https://skills.yourlearning.ibm.com/activity/URL-72EDBD9D1B31,Cybersecurity,Video,Cyber Security Fundamentals | IBM Security Learning Academy,2 hrs 15 mins,1132 learners have completed this activity in the past 12 months. ,Average rating of 4 stars by 59 learners in the past 12 months.,59,"About this learning activityThis is series of short learning activities presented by the IBM Security Learning Academy.


In each video, you'll learn from a cyber security experts about current principles, topics and threats, and how IBM products are being used to solve complex security problems.


All courses are free of charge and you will complete them in the IBM Security Learning Academy.

Click the Enroll me button.
Then, you will be prompted to log in. For first time users, your User ID must be the email address linked to your IBMid. If you don't have an IBMid, you will create one.
When the course page displays, you will find the listing of all courses.
You will get completion credit in the IBM Security Learning Academy.


Have fun exploring!


> When you complete all courses, be sure to return to page to select Mark Complete for completion credit on IBM SkillsBuild.","['Learning Domain', 'Technical skills - Cybersecurity', 'Learning Domain Primary', 'Cybersecurity', 'Lightcast Skills Taxonomy', 'Cyber Security Skill']"
75,https://skills.yourlearning.ibm.com/activity/URL-DE5111A56F27,Cybersecurity,eLearning,Online data security | Khan Academy,1 hr 30 mins,3450 learners have completed this activity in the past 12 months. ,Average rating of 4 stars by 107 learners in the past 12 months.,107,"About this learning activityThis is the Online data security unit from an online, self-paced review course for Computer Science Principles. This unit introduces the concept of PII and the ways in which PII and other data can be tracked online (cookies, search history, browsing history, geolocation). Learn how attackers can gain access to data and devices with phishing, rogue access points, and malware, and see how you can protect yourself with encryption, secure protocols, strong passwords, and multifactor authentication.
 You will find short instructional content offerings, videos, and sample quiz questions to practice what you've learned and ""level up"" on your skills.Note: It is designed to prepare for a U.S. college examination, however the computer science content is valuable more broadly.
 The topics include:

Introduction to online data security
PII (Personally identifiable information)
User data tracking
Cyber attacks
Data encryption techniques
Secure Internet protocols
User authentication methods


 The content is offered in English.
 This learning activity is presented by Khan Academy.
 After you complete this activity, return to this page to select Mark complete for completion credit.","['Learning Domain', 'Technical skills - Data', 'Technical skills - Cybersecurity', 'Learning Domain Primary', 'Cybersecurity', 'Lightcast Skills Taxonomy', 'Computer Science Skill']"
76,https://skills.yourlearning.ibm.com/activity/MDL-238,Cybersecurity,eLearning,Security Basics,1 hr 15 mins,9308 learners have completed this activity in the past 12 months. ,Average rating of 4.5 stars by 123 learners in the past 12 months.,123,"About this learning activityIn this course, you’ll learn about threats to computer security and ways to keep computer systems and users safe. You will discover the differences between threats, such as hacking, malware, and viruses, and vulnerabilities, such as bugs and buffer overflows. You will explore key security measures to protect computer hardware, software, and networks.

What you’ll learn

After completing this course, you should be able to:

Recognize common ways to make hardware secure
Compare and contrast authentication and authorization
Explain common threats on computer security
Identify ways information technology (IT) professionals protect users and systems
","['Badge Learning', 'Information Technology Fundamentals', 'Learning Domain', 'Technical skills - Cybersecurity', 'Technical skills - Information Technology', 'Learning Domain Primary', 'Cybersecurity', 'Lightcast Skills Taxonomy', 'Computer Hardware Skill', 'Information Technology Skill', 'Vulnerability Skill']"
77,https://skills.yourlearning.ibm.com/activity/URL-OLRDSGG9MPW,Cybersecurity,Video,Cyber Security Tutorial | Cyber Security Training For Beginners | Cyber Security | Simplilearn,1 hr 13 mins,6490 learners have completed this activity in the past 12 months. ,Average rating of 4 stars by 332 learners in the past 12 months.,332,"About this learning activityCyber Security refers to the practice of protecting networks, programs, computer systems, and their components from unauthorized digital access and attacks. In this video, you will learn about the various types of attacks such as:

Malware attack
Social engineering attack
Denial of service attack
Password attack
SQL injection attack
Man in the middle attack
You will learn about firewalls, IDS, and honeypots, which help us prevent these attacks. Finally, you will see a demo on Kali Linux. 


This video is presented by Simplilearn. 


After you complete this activity, return to this page to select Mark complete for completion credit. 

Note: On the video toolbar, go to Settings,  select Subtitles,  select English, and then select Auto-Translate to enable subtitles in a language of your choice from the drop-down.","['Learning Domain', 'Technical skills - Cybersecurity', 'Learning Domain Primary', 'Cybersecurity', 'Lightcast Skills Taxonomy', 'Cyber Security Skill', 'Firewall Skill']"
78,https://skills.yourlearning.ibm.com/activity/URL-2D3A1BB5628E,Cybersecurity,Experiential,Using IBM QRadar SIEM | IBM Security Learning Academy,1 hr 30 mins,172 learners have completed this activity in the past 12 months. ,Average rating of 4 stars by 7 learners in the past 12 months.,7,"About this learning activityIBM QRadar is a network security intelligence and analytics software that detects cybersecurity attacks and network breaches to take action before any considerable damage is done or begin to immediately respond to any critical data losses.


The exercises in this lab provide a broad introduction to the features of QRadar SIEM. The exercises cover the following topics:

Navigating the web interface
Reviewing the Pulse app
Investigating a suspicious activity
Using QRadar Analyst Workflow app to investigate offenses
Creating a report
Managing the network hierarchy

Note: You will complete them on the IBM Security Learning Academy. It is free of charge. When enrolling, you will be prompted to log in. For first time users, your User ID must be the email address linked to your IBMid. If you don't have an IBMid, you will create one.


Upon completion, be sure to return to this page to select Mark Complete for completion credit.


 ","['Learning Domain', 'Technical skills - Cybersecurity', 'Learning Domain Primary', 'Cybersecurity', 'Lightcast Skills Taxonomy', 'Cyber Security Skill', 'Workflow Management Skill', 'Security Information And Event Management (SIEM) Skill']"
79,https://skills.yourlearning.ibm.com/activity/URL-RWGW-CGDIK0,Cybersecurity,Video,Cloud Computing Tutorial for Beginners | Cloud Computing Explained | Cloud Computing | Simplilearn,24 mins,678 learners have completed this activity in the past 12 months. ,Average rating of 4.5 stars by 75 learners in the past 12 months.,75,"About this learning activityIn simple words, cloud computing is the use of network of remote servers hosted on the internet to store, manage and process data rather than a local server. Organizations have moved to cloud platforms for better scalability, mobility, and security.
 This video will help you understand:

Why cloud computing?
What is cloud computing?
Types of cloud computing?
Cloud providers
The lifecycle of a cloud computing solution
Cloud computing with AWS
A Demo of AWS EC2 and AWS S3
This video is presented by Simplilearn. 


After you complete this activity, return to this page to select Mark complete for completion credit. 

Note: On the video toolbar, go to Settings,  select Subtitles,  select English, and then select Auto-Translate to enable subtitles in a language of your choice from the drop-down.","['Learning Domain', 'Technical skills - Cybersecurity', 'Technical Skills - Cloud', 'Learning Domain Primary', 'Cloud computing', 'Lightcast Skills Taxonomy', 'Amazon Web Services Skill']"
80,https://skills.yourlearning.ibm.com/activity/AB-097AFAD6221A,Cybersecurity,Video,Zero Trust | IBM Security Learning Academy,5 hrs 15 mins,138 learners have completed this activity in the past 12 months. ,Average rating of 4.5 stars by 6 learners in the past 12 months.,6,"About this learning activityZero trust is a philosophy and a strategy. More than a security strategy, it is an IT strategy done securely. A zero trust framework provides advanced protection from cyberthreats. This approach wraps security around every user, every device, every connection — every time.


This is series of short learning activities presented by the IBM Security Learning Academy.


See how to apply zero trust to help resolve top security challenges. A zero trust approach aims to wrap security around every user, every device, every connection — every time.


IBM is focused on 4 zero trust business initiatives:

Zero trust for insider threat
Zero trust for privacy
Zero trust for hybrid cloud
Zero trust for remote workforce


All courses contain videos that are organized by the categories you see below. They are free of charge. You will complete them in the IBM Security Learning Academy.

Select a category to view a description of the courses.
Select a course to read its description.
Click the Enroll me button.
Then, you will be prompted to log in. For first time users, your User ID must be the email address linked to your IBMid. If you don't have an IBMid, you will create one.
You will get completion credit in the IBM Security Learning Academy.


Have fun exploring!


> When you complete all courses, be sure to return to page to select Mark Complete for completion credit on IBM SkillsBuild.","['Learning Domain', 'Technical skills - Cybersecurity', 'Learning Domain Primary', 'Cybersecurity']"
81,https://skills.yourlearning.ibm.com/activity/URL-8NJNUQSH4BS,Cybersecurity,Video,Introducing the 2020 Red Hat Certified Professional of the Year | Red Hat,2 mins 41 s,303 learners have completed this activity in the past 12 months. ,Average rating of 4 stars by 18 learners in the past 12 months.,18,"About this learning activityRed Hat recognizes Red Hat Certified Professionals who demonstrate ingenuity, hard work, and expertise by making a difference in their organizations and in the community. Fabrice Harbulot has been named the 2020 Red Hat Certified Professional of the Year. Harbulot holds 14 different Red Hat certifications, including Red Hat Certified Architect (RHCA®) in Infrastructure Level VII. He is most proud of the RHCA credential, which represents Red Hat’s highest level of certification. “Becoming a Red Hat Certified Architect was the defining moment in my career,” he said. Fabrice has developed skills and experience in cloud, DevOps, security, and high-availability systems. He has put that knowledge to work as a senior Linux systems engineer and technical leader with IBM, as well as a Linux administrator for Steria and Canal+ Group.
 Hear from Fabrice Harbulot about his experiences in this video presented by Red Hat.
 After you complete this activity, return to this page to select Mark complete for completion credit.Note: On the video toolbar, go to Settings,  select Subtitles,  select English, and then select Auto-Translate to enable subtitles in a language of your choice from the drop-down.","['Learning Domain', 'Technical skills - Cybersecurity', 'Learning Domain Primary', 'Cybersecurity', 'Lightcast Skills Taxonomy', 'DevOps Skill', 'Systems Engineering Skill', 'Linux Skill']"
82,https://skills.yourlearning.ibm.com/activity/URL-FC8E8650BA51,Cybersecurity,Video,Introduction to CICS | IBM Redbooks,1 hr,69 learners have completed this activity in the past 12 months. ,Average rating of 5 stars by 4 learners in the past 12 months.,4,"About this learning activityWithout knowing it, you’ve probably interacted with CICS already today. Perhaps you checked your bank balance or bought a bagel for breakfast? CICS is used by enterprises to provide the services that the world depends on, but you may have never even heard of it before.

 

This video-based course introduces CICS, an unparalleled mixed language application server. We explore what an application server is, what it provides to developers and what distinguishes CICS as a mixed language application server. Through the use of a illustrative application, we explain how CICS can provide shared programming contexts such as reliability, scalability, security and monitoring to applications written in a variety of programming languages - from Java Enterprise Edition to COBOL.


The content is offered in English.


This learning activity is presented by IBM Redbooks® and authored by William Yates and David Harris.


After you complete this activity, return to this page to select Mark complete for completion credit.","['Learning Domain', 'Technical skills - Cybersecurity', 'Learning Domain Primary', 'Cybersecurity', 'Lightcast Skills Taxonomy', 'COBOL (Programming Language) Skill', 'Customer Information Control System (CICS) Skill']"
83,https://skills.yourlearning.ibm.com/activity/URL-E21655853614,Cybersecurity,Video,Cyber Skillsbuild: Vulnerability Management with Ray Evans | IBM X-Force,1 hr 47 mins,51 learners have completed this activity in the past 12 months. ,Average rating of 4.5 stars by 5 learners in the past 12 months.,5,"About this learning activityIn this recorded webinar, Ray Evans from IBM's X-Force Red team gives an overview of vulnerability management in the cybersecurity field, both generally and with respect to penetration testing. It includes a live demo of the Qualys vulnerability scanning tool, and an overview of solutioning and design for effective VMS. There is also Q&A. 


The live event was produced in partnership with SkillsBuild partner SaluteMyJob. 


After you complete this activity, return to this page to select Mark complete for completion credit. 

Note: This activity is available only in English. 

 ","['Learning Domain', 'Technical skills - Cybersecurity', 'Learning Domain Primary', 'Cybersecurity', 'Lightcast Skills Taxonomy', 'Cyber Security Skill']"
84,https://skills.yourlearning.ibm.com/activity/ISG-SLA7239,Cybersecurity,eLearning,IBM Security Guides Clients to Zero Trust,1 hr 30 mins,63 learners have completed this activity in the past 12 months. ,Average rating of 5 stars by 3 learners in the past 12 months.,3,"About this learning activityStudents of this course learn how IBM implements zero trust principles, and how IBM aids clients as they build a zero trust framework with suitable IBM Security solutions that integrate to lay a solid zero trust foundation across enterprises.
This course is for anyone who wants to learn about zero trust concepts and strategies that can secure their projects and organizations.
Watch these 4 videos to learn the IBM point of view, and its solutions:

IBM Security General Manager on security strategy
Zero trust approach to developing a cybersecurity strategy - and where IBM fits
IBM Security Command Center simulation at the Cyber Range
IBM Security Framing and Discovery Workshop

There is no prior learning required, though this course follows the Zero Trust Introduction (SLA7237) and Zero Trust Architecture and Business Initiatives (SLA7238) courses.Students of this course learn how IBM implements zero trust principles, and how IBM aids clients as they build a zero trust framework with suitable IBM Security solutions that integrate to lay a solid
This course requires you register for an IBMid to access.","['Learning Domain Primary', 'Cybersecurity']"
85,https://skills.yourlearning.ibm.com/activity/URL-E9CE10CB13FD,Cybersecurity,Video,CompTIA Security+ Training Course,13 hrs 45 mins,110 learners have completed this activity in the past 12 months. ,Average rating of 4 stars by 12 learners in the past 12 months.,12,"About this learning activity* Identify common malware technologies and attack types* Install and configure hardware and software security technologies* Troubleshoot common security issues* Securely deploy mobile devices* Implement secure network architectures and systems design* Implement identity and access management controls* Explain organization security and business impact analysis concepts* Understand cryptography algorithms and public key infrastructure technologiesPresented by Professor Messer.After you complete this activity, return to this page to select Mark complete for completion credit.","['Learning Domain', 'Technical skills - Cybersecurity', 'Learning Domain Primary', 'Cybersecurity', 'Lightcast Skills Taxonomy', 'Troubleshooting (Problem Solving) Skill', 'Algorithms Skill']"
86,https://skills.yourlearning.ibm.com/activity/URL-5051063FE6B2,Cybersecurity,Webpage,COVID-19 Action Guide: Beyond the Great Lockdown | IBM Institute for Business Value,20 mins,165 learners have completed this activity in the past 12 months. ,Average rating of 3.5 stars by 2 learners in the past 12 months.,2,"About this learning activityThis special report provides such a framework, organized around seven key imperatives that will be useful for any organization’s executive team. These seven areas are: 

Empower a remote workforce
Engage customers virtually
Remote access to everything
Accelerate agility and efficiency
Protect against new cybersecurity risks
Reduce operational costs and enhance supply chain continuity
Support health providers and government services
This guide is practical and actionable, offering a set of activities that should be addressed immediately, if they haven't been already. It also suggests longer-term consequences and persistent changes that COVID-19 has brought to industries, companies and individual habits. 


These changes require actions now to ensure companies adapt to what will be a new, different kind of normal. There’s much to do and it will seem daunting. The entire executive team will need to be engaged. Our different normal will include new habits—organizational, social and cultural. Each leader will have a role to play in preparing the organization for a successful future. Let’s get to it. 


This report is presented by IBM Institute for Business Value. 


After you complete this activity, return to this page to select  Mark complete for completion credit.  

Note: This activity is available only in English. 

 ","['Learning Domain', 'Workplace skills - Ways of working', 'Learning Domain Primary', 'Professional skills', 'Lightcast Skills Taxonomy', 'Cyber Security Skill']"
87,https://skills.yourlearning.ibm.com/activity/URL-4E212FEC9342,Cybersecurity,Video,Professor Messer’s 220-1001 Core 1 CompTIA A+ Training Course,30 mins,336 learners have completed this activity in the past 12 months. ,Average rating of 4.5 stars by 6 learners in the past 12 months.,6,"About this learning activityThis video-based online course will provide you with the knowledge needed to prepare you for the 220-1001 Core 1 CompTIA A+ exam. CompTIA is the Computing Technology Industry Association. CompTIA’s A+ certification is one of the most popular IT certifications in the world.
 This course is designed to give you a strong foundation in technology. So whether you’re looking for your first job or whether you’re looking for a better job in IT, this course would apply to you.
 The course videos are broken into bit-sized chunks. All of the videos follow the CompTIA exam objectives.
 Each section in the course includes a series of videos on specific topics. The sections include:

An Overview of the A+ Certification
Mobile Devices
Networking
Hardware
Virtualization and Cloud Computing
Hardware and Network Troubleshooting


 You will also find transcribed text below the videos and video recordings of past study groups.
 This course is offered by Professor Messer. The Professor Messer mission is to provide quality technology information and training, including specialized training courses for CompTIA A+, CompTIA Network+, and CompTIA Security+. Their training courses have become popular study resources for some of the IT industry’s most popular certifications.
 After you complete this activity, return to this page to select Mark complete to verify you checked out the course and enter the actual learning time you spent for your completion credit.Note: On the video toolbar, go to Settings, select Subtitles, select English, and then select Auto-Translate to enable subtitles in a language of your choice from the drop-down.","['Learning Domain', 'Technical skills - Cybersecurity', 'Learning Domain Primary', 'Cybersecurity']"
88,https://skills.yourlearning.ibm.com/activity/URL-438CC16D94AC,Cybersecurity,Video,IP 101 – An Intellectual Property Primer (U.S.),51 mins,115 learners have completed this activity in the past 12 months. ,Average rating of 3.5 stars by 5 learners in the past 12 months.,5,"About this learning activityThis on-demand webinar, presented by lawyers from Jones Day and IBM, is part of a series of webinars covering legal education topics for small business owners and entrepreneurs in the United States.  

Webinar summary:

Intellectual property law protects non-tangible work or invention that is the result of one’s creativity.  U.S. law contemplates four primary regimes of intellectual property protection: trademarks, patents, trade secrets, and copyrights.  These four realms of protection overlap and each has its own advantages and disadvantages regarding difficulty in procuring, cost, and enforceability.  Importantly, certain missteps can be made (e.g., public disclosures, failure to implement proper security controls) that could jeopardize the ability to protect and enforce one’s intellectual property.  This presentation teaches the basics of intellectual property protection in the U.S. to enable identification of intellectual property issues so that companies can make thoughtful decisions on protection. 

Language: English  


After you complete this activity, return to this page to select Mark complete for completion credit. 

Resources:
Invention Disclosure Form
Presentation slides

Disclaimer:  

By clicking Go to this activity, you agree to the following:  

Any presentation by the presenting lawyers and the firms and companies with which they work should not be considered or construed as legal advice on any individual matter or circumstance. The distribution of this presentation or its content is not intended to create, and receipt of it does not constitute, an attorney-client relationship. The contents of this document are intended for general information purposes only and may not be quoted or referred to in any other presentation, publication or proceeding without the prior written consent of the presenting lawyers and/or the firms and companies with which they work, which may be given or withheld at their discretion. The views set forth herein are the personal views of the authors and do not necessarily reflect those of the firms and companies with which they work. Any listener of any presentation pursuant to this program who needs legal advice should consult an attorney for that purpose.","['Learning Domain', 'Technical skills - Cybersecurity', 'Learning Domain Primary', 'Cybersecurity', 'Lightcast Skills Taxonomy', 'Security Controls Skill']"
89,https://skills.yourlearning.ibm.com/activity/URL-9817D4B0366D,Cybersecurity,eLearning,IBM QRadar SIEM Foundation Badge | IBM Security Learning Academy,14 hrs,166 learners have completed this activity in the past 12 months. ,Average rating of 4 stars by 11 learners in the past 12 months.,11,"About this learning activityWelcome to the learning offerings for the  IBM QRadar SIEM Foundation badge. IBM QRadar is a network security intelligence and analytics software that detects cybersecurity attacks and network breaches to take action before any considerable damage is done or begin to immediately respond to any critical data losses.


This is an IBM-issued and IBM-recognized skill badge that demonstrates learners have knowledge of various QRadar deployments architecture and key concepts such as user management, domains and tenants, assets, network hierarchy, flows, events, rules, offenses, reference data, data obfuscation, and reporting.


All courses are free of charge and you will complete them on the IBM Security Learning Academy.

Click the Enroll button.
Then, you will be prompted to log in. For first time users, your User ID must be the email address linked to your IBMid. If you don't have an IBMid, you will create one.
When the course page displays, you will find information and a listing of all courses. Begin with the Why QRadar SIEM? course.
The online self-paced courses offer learning videos and lab exercises. You will get completion credit in the IBM Security Learning Academy. You must successfully complete each of the required courses and pass the quiz with a score of 80 percent or higher. When you complete all courses, the quiz is enabled.


When you complete all courses, be sure to return to this Your Learning activity page to select Mark Complete for completion credit.

Note: The courses are available only in English. However, many of the learning videos offer closed captioning in several languages.


The estimated duration is 14 hours.","['Learning Domain', 'Technical skills - Cybersecurity', 'Learning Domain Primary', 'Cybersecurity', 'Lightcast Skills Taxonomy', 'Management Skill', 'Security Information And Event Management (SIEM) Skill', 'Cyber Security Skill']"
90,https://skills.yourlearning.ibm.com/activity/URL-5E275704D9E9,Cybersecurity,Experiential,サイバーセキュリティー疑似体験ゲーム : TERMINAL | IBM,1 hr,14 learners have completed this activity in the past 12 months. ,Average rating of 4 stars by 1 learner in the past 12 months.,1,"About this learning activityもしあなたがサイバー攻撃に対応する立場になったら、どうしますか？

サイバー攻撃が起きている状況では、何が起こっているのかを素早く把握し、次に何をすべきかを把握しなければなりません。健康と安全を考慮し、情報とコミュニケーションを管理し、データ分析から法的要件まで、氾濫する問題に対処しなければなりません。様々なチームからの全面的なビジネス対応が求められます。

IBM Cybersecurity Ops: TERMINALゲームにチャレンジしてください。あなたはハッカーの攻撃から空港を守れるでしょうか！？
このゲームには以下のような特長があります。

    IBMのセキュリティー・コマンド・センターを疑似体験できます
    サイバーセキュリティの脅威に対する認識を高められます
    彼らと戦うために必要なことを知ることができます


このゲームでは、攻撃が展開するにつれてあなたへのプレッシャーが高まっていきます。あなたは様々な役割を演じ、あなたの決断が重要になります。報道レポーターからの電話を受けるか否か? 起きていることをレポーターにどう伝えるか？危険にさらされている重要なシステムをシャットダウンするか？ネットワークから削除するか？安全を優先するために重要なことは？慎重に、適切な時間内に選択してください。時は刻々と過ぎています。

このゲームは、実際のサイバー攻撃のための訓練を目的としたものではありませんが、このシミュレーション型ゲームの展開は明快で、シナリオに没頭して楽しめるでしょう。

このアクティビティを完了したら、このページに戻って「完了」を選択してください。

注：このアクティビティーはパソコンでアクセスしてください。

（参考）

ゲームで体験するサイバーセキュリティーの勘所 「TERMINAL」開発秘話
「TERMINAL」遊び方ガイド（PDF）
","['Learning Domain', 'Technical skills - Cybersecurity', 'Learning Domain Primary', 'Cybersecurity']"
91,https://skills.yourlearning.ibm.com/credential/CREDLY-b8810a57-2c5a-4bbc-81f1-9bfc649ad13d,Cybersecurity,Digital Credential,Cybersecurity Fundamentals,6 Hours,64720 learners have earned this digital credential. ,0.0,0,"About this digital credentialThis badge earner demonstrates a foundational understanding of cybersecurity concepts, objectives, and practices. This includes cyber threat groups, types of attacks, social engineering, case studies, overall security strategies, cryptography, and common approaches that organizations take to prevent, detect, and respond to cyber attacks. This also includes an awareness of the job market. Badge earners can use this knowledge to pursue further education for a variety of roles in cybersecurity.
 
Languages: English, German, French, Spanish, Japanese, Brazilian Portuguese, Hindi, Czech, Italian, Arabic, Traditional Chinese, and Ukrainian
 
Complete the learning here: Cybersecurity Fundamentals (New design) or Cybersecurity Fundamentals","['Fundamentals', 'All Fundamentals']"
92,https://skills.yourlearning.ibm.com/credential/CREDLY-ce897036-6f39-4466-863f-0aa873f82213,Cybersecurity,Digital Credential,Explore Emerging Tech,Hours,37323 learners have earned this digital credential. ,0.0,0,"About this digital credentialBadges earners have an understanding of six emerging technologies that power today's jobs: AI, blockchain, cloud computing, cybersecurity, data and analytics, and the Internet of Things. Individuals know foundational concepts, terminology, and how technologies are applied to solve problems in organizations and business. Badge earners can use this knowledge to explore careers in tech.
 
Languages: English, German, French, Spanish, Brazilian Portuguese, Korean, Polish, Italian, Turkish, Traditional Chinese, Arabic, Hindi, Ukrainian, and Japanese
 
Complete the learning here: Explore Emerging Tech",[]
93,https://skills.yourlearning.ibm.com/channel/CNL_LCB_1567444405323,Cybersecurity,Channel,Cybersecurity,0,0,0.0,"1,178","Educating yourself about security, or being “cybersecurity aware,” is your first line of defense to reduce threats. Cybersecurity refers to the practice of protecting networks, programs, computer systems, and their components from unauthorized digital access and attacks. Complete these to learn about cybersecurity fundamentals and the growing importance of cybersecurity in our digital world today.  


You have the option to complete the Cybersecurity Fundamentals course to earn an IBM-issued and recognized badge called Cybersecurity Fundamentals.","['Areas of Interest', 'Essential skills > Security']"
94,https://skills.yourlearning.ibm.com/channel/CNL_LCB_1598541497696,Cybersecurity,Channel,"Fortinet FCF and FCA (previously NSE 1, NSE 2, and NSE 3)",0,0,0.0,67,"NSE 1, NSE 2 and NSE 3 have been replaced by Fortinet Certified Fundamentals and Fortinet Certified Associate

Note:
 Due to high demand of the old NSE 1, 2 and 3, we have updated SkillsBuild offerings to the new FCF and FCA levels. Learners can complete their learning and certification for these two levels.
 Vouchers for levels other than FCF and FCA are NOT offered by SkillsBuild

 

Fortinet Certified Fundamentals (FCF) - To achieve an FCF certification in Cybersecurity, professionals must complete the online core course and one of the elective online courses. FCF Learning Plan

Core Course- Introduction to the Threat Landscape.
Elective course selection depends on your job role:  
    
Getting Started in Cybersecurity is ideal for individuals in non-technical job positions that require a high-level understanding of the most important technical fundamentals of cybersecurity. Examples include security product sales people and company CEOs.
Technical Introduction to Cybersecurity is ideal for individuals in technical roles that require a more in-depth understanding of the fundamentals of cybersecurity. This course is also ideal for people who are pursuing a technical role in cybersecurity.


The Fortinet Certified Associate (FCA) in Cybersecurity certification validates your ability to execute high-level operations on a FortiGate device. This curriculum covers the fundamentals of operating the most common FortiGate features.There is one certification within the FCA level.  Ideal for: Cybersecurity operators, network security administrators of small and medium sized networks, or those with an NSE 3 certification.
  
FCA Learning Plan




 ",[]
95,https://skills.yourlearning.ibm.com/channel/CNL_LCB_1588688270183,Cybersecurity,Channel,Cybersecurity-ACCES,0,0,0.0,"1,260","From the offense perspective, you will learn about cyber attackers, their tactics, social engineering, and high-profile case studies. From the defense perspective, you will learn about common approaches organizations take to prevent, detect, and respond to cyber attacks. You will also learn about career opportunities in this exciting, growing field.",[]
96,https://skills.yourlearning.ibm.com/channel/CNL_LCB_1587031009018,Cybersecurity,Channel,PURPL UNICORN - Cybersecurity Introduction,0,0,0.0,"1,260",An introduction to Cyber Security and a chance to explore opportunities within the field.,[]
97,https://skills.yourlearning.ibm.com/channel/CNL_REC_TOPIC-CYBERSECURITY_PROFESSIONAL,Cybersecurity,Channel,Job roles: Cybersecurity professional recommendations,0,0,0.0,18,These recommendations are generated with Watson for the Job roles: Cybersecurity professional interest area. People with a similar learning history or demographic profile tended to take these activities from this interest area.,[]
98,https://skills.yourlearning.ibm.com/channel/CNL_LCB_1580409324694,Cybersecurity,Channel,Core Skills: Cybersecurity Analyst,0,0,0.0,184,Cybersecurity professionals have a passion for securing systems and protecting data and have a keen interest in information technology. Core skills for cybersecurity professionals include proficiency in implementing information security measures and controls; communicating and managing risks; working with tools to monitor network activity to identify vulnerable points; and engaging with colleagues to act on breaches and resolve cyber threats. Cybersecurity professionals have prerequisite knowledge in network administration and system administration.,[]
99,https://skills.yourlearning.ibm.com/channel/CNL_LCB_1617909184204,Cybersecurity,Channel,VetJobs & Covered6 Cyber Basics,0,0,0.0,17,"Want to get into cybersecurity? Gain insight into landing a role in the most in-demand field. Interested in learning basic fundamentals? This channel gives you the foundations of Cyber, common practices, in addition to understanding the basics of cloud technology, cloud platforms and models. Also, get access to our CompTIA Security+ training course.

This channel gives you the opportunity to earning a FREE Cybersecurity Fundamentals badge.

After this course is completed - let us help take you a step further:

Interested in an opportunity to earning a FREE Cybersecurity Fundamentals badge?
Interested in more advanced Cyber related coursing?
Reach out to your Counselor for questions and/or further assistance.",[]
100,https://skills.yourlearning.ibm.com/channel/CNL_LCB_1709736181875,Cybersecurity,Channel,Microlearning | IBM SkillsBuild,0,0,0.0,66,"This channel is a collection of short learning activities that will introduce learners to topics like artificial intelligence, cybersecurity, data analytics, cloud computing, and data analytics. At the conclusion of each activity, there is a suggested course to explore next.",[]
101,https://skills.yourlearning.ibm.com/channel/CNL_LCB_1673258874564,Cybersecurity,Channel,CANAL_DE_FORBES_EDUCATION,0,0,0.0,"1,260","En este canal aparecen los cursos que han sido seleccionados por la revista Forbes Education en el enlace:
 https://fortune.com/education/articles/these-4-free-data-and-cybersecurity-focused-courses-from-ibm-take-just-10-hours-to-complete/ 

Cybersecurity Fundamentals
Artificial Intelligence Fundamentals
Data Fundamentals
Information Technology Fundamentals
",[]
102,https://skills.yourlearning.ibm.com/channel/CNL_LCB_1598873858087,Cybersecurity,Channel,Ciberseguridad,0,0,0.0,"1,260","Acceda a través de este canal al itinerario en español de Fundamentos de la Ciberseguridad y consiga la insignia Cybersecurity Fundamentals. Aprenderá sobre medidas y controles de seguridad de la información, la comunicación y la gestión de riesgos, entre otras cuestiones.",[]
103,https://skills.yourlearning.ibm.com/channel/CNL_LCB_1603308254059,Cybersecurity,Channel,Computer Science Principles | Khan Academy,0,0,0.0,7,"This is a curation of eight course units offered by Khan Academy to help build your knowledge and skills about computer science principles.
 It is a review course that includes 800+ practice questions, plus instructional articles and videos covering the topics of digital information, the Internet, cybersecurity, programming, algorithms, simulations, and data analysis.Note: It is designed to prepare for a U.S. college examination, however the computer science content is valuable more broadly.
 The content is offered in English.",[]
104,https://skills.yourlearning.ibm.com/channel/CNL_LCB_1717518883651,Cybersecurity,Channel,IBM SkillsBuild | Capital Workforce Consortium,0,0,0.0,26,"This is the go-to hub for service providers. Here, you'll find a wealth of resources to help you thrive professionally and personally:
Tech Type Quiz: Discover your tech personality and get tailored recommendations for IBM SkillsBuild courses.
Credentialed Learnings:

Technical Skills: Level up your knowledge with courses on cybersecurity, emerging technologies, and more. Earn valuable IBM certifications that demonstrate your expertise.
Workplace Skills: Enhance your communication, negotiation, and client management skills. 
",[]
105,https://skills.yourlearning.ibm.com/channel/CNL_LCB_1591663013492,Cybersecurity,Channel,Manage Your Business,0,0,0.0,3,"Explore these learning activities for small business owners about a range of topics from leadership, resilience, and decision making to operations, cybersecurity, and liquidity management to help navigate uncertain times.",[]
106,https://skills.yourlearning.ibm.com/channel/CNL_LCB_1591118402230,Cybersecurity,Channel,How It Works: Emerging Technology,0,0,0.0,294,"This collection of videos provides you with quick introductions to the latest transformational technologies and how they work, including artificial intelligence, blockchain, cloud computing, data analysis, digital engagement, the Internet of Things (IoT), cybersecurity, and quantum computing.",[]
107,https://skills.yourlearning.ibm.com/channel/CNL_LCB_1615309390012,Cybersecurity,Channel,IBM SkillsBuild Presents: Job Exploration Webinars,0,0,0.0,43,"IBM SkillsBuild Presents is a series of recorded webinars created specially for SkillsBuild learners! Some webinars will help you explore a particular career in which you can learn from the personal stories of those who are in the field, such as cybersecurity. And some webinars offer expert guidance about changing careers or planning, searching, and succeeding in jobs in the world today. See what interests you!",[]
108,https://skills.yourlearning.ibm.com/channel/CNL_LCB_1591373775528,Cybersecurity,Channel,Career Exploration Ideas,0,0,0.0,24,"This collection of learning activities is designed to help if you are thinking about your future and want to explore ideas about different careers that are in demand, such as those related to web development, data analysis, artificial intelligence (AI), blockchain, cybersecurity, and more. They provide high level information about various roles, skills needed, how to start in the field, and people's experiences in the work environment.",[]
