course_url,category,type,title,duration,learners_amount,star_rating,star_num_ratings,description,tags
https://skills.yourlearning.ibm.com/activity/PLAN-07103BD4B339,data,Learning Plan,Data Express: Data Essentials in Minutes!,About 50 minutes,825 learners have completed this activity in the past 12 months.,Average rating of 4.5 stars by 36 learners in the past 12 months.,36,"<div dir=""ltr"" lang=""en"" translate=""yes"">Do you want to help improve business processes, promote business growth, and influence decision making? This quick introduction will provide you with invaluable insights into how data analytics aids businesses in decision making. 
<br/>
<br/>
 Select <strong>Enroll</strong> to enroll in this learning plan and get started!</div>",[]
https://skills.yourlearning.ibm.com/activity/URL-A9301CA0CE8E,data,Video,What is data? | IBM SkillsBuild,2 mins,1518 learners have completed this activity in the past 12 months.,Average rating of 4.5 stars by 62 learners in the past 12 months.,62,"<h2 class=""FullPageDescription_title__WsNdH""><span dir=""ltr"" lang=""en"" translate=""yes"">About this learning activity</span></h2><div dir=""ltr"" lang=""en"" translate=""yes""><p>Watch this brief video to understand what data is and how it is used in business.</p></div>",[]
https://skills.yourlearning.ibm.com/activity/ISG-DL70362G,data,eLearning,Data Services,1 hr 54 mins,27 learners have completed this activity in the past 12 months.,Average rating of 4.5 stars by 2 learners in the past 12 months.,2,"<h2 class=""FullPageDescription_title__WsNdH""><span dir=""ltr"" lang=""en"" translate=""yes"">About this learning activity</span></h2><div dir=""ltr"" lang=""en"" translate=""yes""><p>This course reviews the features of IBM Cloud Object Storage (COS) and reviews accessing it using the command line interfaces (CLIs), application programming interfaces (APIs), and libraries.</p>This course reviews the features of IBM Cloud Object Storage (COS) and reviews accessing it using the command line interfaces (CLIs), application programming interfaces (APIs), and libraries.
<p>This course requires you register for an IBMid to access.</p></div>",[]
https://skills.yourlearning.ibm.com/activity/URL-GDBADAEDT0Y,data,Video,Can Data Save the Planet? | IBM,6 mins,185 learners have completed this activity in the past 12 months.,Average rating of 4 stars by 8 learners in the past 12 months.,8,"<h2 class=""FullPageDescription_title__WsNdH""><span dir=""ltr"" lang=""en"" translate=""yes"">About this learning activity</span></h2><div dir=""ltr"" lang=""en"" translate=""yes""><p>Learn how IBM is harnessing the power of data and AI to help society mitigate and adapt to climate change.</p></div>",[]
https://skills.yourlearning.ibm.com/activity/ISG-C110090G,data,eLearning,Manage Storage and Data Attributes,30 mins,20 learners have completed this activity in the past 12 months.,Average rating of 2 stars by 1 learner in the past 12 months.,1,"<h2 class=""FullPageDescription_title__WsNdH""><span dir=""ltr"" lang=""en"" translate=""yes"">About this learning activity</span></h2><div dir=""ltr"" lang=""en"" translate=""yes""><p>In this course, you will learn the key storage metrics used to manage availability and resilience.</p>This course explains key storage metrics used to manage availability and resilience. 
<p>This course requires you register for an IBMid to access.</p></div>","['Learning Domain', 'Technical skills - Data']"
https://skills.yourlearning.ibm.com/activity/ISG-DL52931G,data,eLearning,Designing Solutions for Data Residency,30 mins,23 learners have completed this activity in the past 12 months.,Average rating of 5 stars by 2 learners in the past 12 months.,2,"<h2 class=""FullPageDescription_title__WsNdH""><span dir=""ltr"" lang=""en"" translate=""yes"">About this learning activity</span></h2><div dir=""ltr"" lang=""en"" translate=""yes""><p>This course introduces you to designing solutions for data resiliency. You will explore the various data residency options on IBM Cloud® including IBM Cloud Object Storage and how data residency factors into data resilience.</p>This course introduces you to designing solutions for data resiliency. 
<p>This course requires you register for an IBMid to access.</p></div>",[]
https://skills.yourlearning.ibm.com/activity/SN-COURSE-V1:BDU+BD0131EN+V1,data,eLearning,Moving Data into Hadoop,4 hrs,8 learners have completed this activity in the past 12 months.,,,"<h2 class=""FullPageDescription_title__WsNdH""><span dir=""ltr"" lang=""en"" translate=""yes"">About this learning activity</span></h2><div dir=""ltr"" lang=""en"" translate=""yes""><p>This course describes techniques for moving data into Hadoop. There are a variety of ways to get data into Hadoop from simple Hadoop shell commands to more sophisticated processes. Several techniques are presented but three, Sqoop, Flume, and Data Click are covered in greater detail.</p></div>","['Learning Domain', 'Technical skills - Data', 'Lightcast Skills Taxonomy', 'Apache Hadoop Skill']"
https://skills.yourlearning.ibm.com/activity/ISG-SLA4840,data,eLearning,IGI Data Model,6 mins,20 learners have completed this activity in the past 12 months.,,,"<h2 class=""FullPageDescription_title__WsNdH""><span dir=""ltr"" lang=""en"" translate=""yes"">About this learning activity</span></h2><div dir=""ltr"" lang=""en"" translate=""yes"">This video describes the Data Model of IBM Security Identity Governance and Intelligence, with the dependencies and interactions among the key elements. The video provides a brief tour of: Identities and users in IGI Users and entitlements Business activities, risks and mitigations Connecting the role-based and the business activities models This video describes the Data Model of IBM Security Identity Governance and Intelligence, with the dependencies and interactions among the key elements. The video provides a brief to
<p>This course requires you register for an IBMid to access.</p></div>",[]
https://skills.yourlearning.ibm.com/activity/ISG-DL00956G,data,eLearning,IMS Data Sharing,12 hrs,7 learners have completed this activity in the past 12 months.,,,"<h2 class=""FullPageDescription_title__WsNdH""><span dir=""ltr"" lang=""en"" translate=""yes"">About this learning activity</span></h2><div dir=""ltr"" lang=""en"" translate=""yes""><p>This  course is for experienced IMS system programmers and database administrators who need to install, configure, maintain, and support IMS data sharing.</p>This is an advanced course for IMS system programmers and database administrators who manage an IMS data sharing environment. The course describes how multiple IMS systems on different LPARs and proce
<p>This course requires you register for an IBMid to access.</p></div>","['Learning Domain', 'Technical skills - Data', 'Lightcast Skills Taxonomy', 'Database Administration Skill']"
https://skills.yourlearning.ibm.com/activity/ISG-SLA717,data,eLearning,Import data into Directory Server,30 mins,12 learners have completed this activity in the past 12 months.,Average rating of 5 stars by 1 learner in the past 12 months.,1,"<h2 class=""FullPageDescription_title__WsNdH""><span dir=""ltr"" lang=""en"" translate=""yes"">About this learning activity</span></h2><div dir=""ltr"" lang=""en"" translate=""yes""><p>This video shows how to import data from an LDIF file into the Directory Server that runs on the Virtual Appliance. It shows how to import the LDIF file into the Appliance through an LMI, and then import the data into Directory Server using CLI.</p>This video shows how to import data from an LDIF file into the Directory Server that runs on the Virtual Appliance. It shows how to import the LDIF file into the Appliance through an LM
<p>This course requires you register for an IBMid to access.</p></div>",[]
https://skills.yourlearning.ibm.com/activity/URL-658538F8CCAE,data,Video,What is big data? | IBM SkillsBuild,4 mins,1333 learners have completed this activity in the past 12 months.,Average rating of 5 stars by 39 learners in the past 12 months.,39,"<h2 class=""FullPageDescription_title__WsNdH""><span dir=""ltr"" lang=""en"" translate=""yes"">About this learning activity</span></h2><div dir=""ltr"" lang=""en"" translate=""yes""><p>This video explores what data practitioners call ""big data"" and how it effects our everyday tasks in business and beyond.</p></div>",[]
https://skills.yourlearning.ibm.com/activity/SN-COURSE-V1:BDU+BD0123EN+V1,data,eLearning,Simplifying data pipelines with Apache Kafka,3 hrs,14 learners have completed this activity in the past 12 months.,,,"<h2 class=""FullPageDescription_title__WsNdH""><span dir=""ltr"" lang=""en"" translate=""yes"">About this learning activity</span></h2><div dir=""ltr"" lang=""en"" translate=""yes""><p>When you hear the terms, producer, consumer, topic category, broker, and cluster used together to describe a messaging system, something is brewing in the pipelines. Get connected and learn what that is, and what it means!</p></div>","['Learning Domain', 'Technical skills - Data']"
https://skills.yourlearning.ibm.com/activity/ISG-SLA3959,data,eLearning,QRadar foundations - Data retention,30 mins,4 learners have completed this activity in the past 12 months.,,,"<h2 class=""FullPageDescription_title__WsNdH""><span dir=""ltr"" lang=""en"" translate=""yes"">About this learning activity</span></h2><div dir=""ltr"" lang=""en"" translate=""yes""><p>This course teaches you how to configure a QRadar Retention Bucket within QRadar Administration. First, you learn about QRadar data retention and how to retain event and flow data in IBM QRadar. Then, you run an interactive simulation to configure QRadar Retention Buckets.  </p>This course teaches you how to configure a QRadar Retention Bucket within QRadar Administration. First, you learn about QRadar data retention and how to retain event and flow data in 
<p>This course requires you register for an IBMid to access.</p></div>",[]
https://skills.yourlearning.ibm.com/activity/ISG-DL52929G,data,eLearning,Designing Solutions for Storing and Analyzing Data,30 mins,2 learners have completed this activity in the past 12 months.,Average rating of 5 stars by 1 learner in the past 12 months.,1,"<h2 class=""FullPageDescription_title__WsNdH""><span dir=""ltr"" lang=""en"" translate=""yes"">About this learning activity</span></h2><div dir=""ltr"" lang=""en"" translate=""yes""><p>This course introduces you to the ways in which data can be stored in IBM Cloud®. You will explore IBM Cloud Object Storage, persistent storage, dynamic provisioning, and the best ways to plan for highly available persistent storage.</p>This course introduces you to the ways in which data can be stored in IBM Cloud®. 
<p>This course requires you register for an IBMid to access.</p></div>",[]
https://skills.yourlearning.ibm.com/activity/MDL-257,data,eLearning,Understanding Basic Data Concepts,30 mins,10 learners have completed this activity in the past 12 months.,,,"<h2 class=""FullPageDescription_title__WsNdH""><span dir=""ltr"" lang=""en"" translate=""yes"">About this learning activity</span></h2><div dir=""ltr"" lang=""en"" translate=""yes"">To better understand the visualizations your organization uses, it helps to have some basic knowledge about data concepts. 
<br/>
<br/>
<p><strong>What you’ll learn</strong></p>
<p>At the end of this module, you will be able to:</p>
<ul>
<li>Identify different types of source data.</li>
<li>Name and define data roles and types.</li>
<li>Identify differences between and uses for different data field roles and types.</li>
<li>Describe the importance of knowing the granularity of data.</li>
</ul></div>","['Learning Domain', 'Technical skills - Data']"
https://skills.yourlearning.ibm.com/activity/ISG-SLA6687,data,eLearning,QRadar event data pipeline,30 mins,8 learners have completed this activity in the past 12 months.,,,"<h2 class=""FullPageDescription_title__WsNdH""><span dir=""ltr"" lang=""en"" translate=""yes"">About this learning activity</span></h2><div dir=""ltr"" lang=""en"" translate=""yes""><p>This course is the third course in a series that introduces QRadar events. </p>
<p> </p>
<p>In this course, you learn how QRadar processes events in its data pipeline. You learn how QRadar normalizes raw data at the Event Collector level. You learn how QRadar tests events against rules, and stores events at the Event Processor level, and finally you learn about the Magistrate and global rules at the Console level.</p>
<p> </p>
<p>See the Additional resources section on this page for other courses about QRadar events.</p>Third in a series of courses on QRadar events. Learn how QRadar processes events in its data pipeline on three different levels.
<p>This course requires you register for an IBMid to access.</p></div>",[]
https://skills.yourlearning.ibm.com/activity/URL-BAYROBL7TYE,data,Video,Big Data In 5 Minutes | What Is Big Data? | Introduction To Big Data | Big Data Explained | Simplilearn,5 mins 12 s,2836 learners have completed this activity in the past 12 months.,Average rating of 4.5 stars by 88 learners in the past 12 months.,88,"<h2 class=""FullPageDescription_title__WsNdH""><span dir=""ltr"" lang=""en"" translate=""yes"">About this learning activity</span></h2><div dir=""ltr"" lang=""en"" translate=""yes""><p>Massive amount of data that cannot be stored, processed, and analyzed using the traditional ways is known as <strong>Big Data</strong>. <strong>Hadoop </strong>is a framework that manages Big Data storage in a distributed way and processes it parallelly. This video will help you understand:</p>
<ul>
<li>What is Big Data?</li>
<li>The 5V's of Big Data</li>
<li>Why Hadoop came into existence</li>
<li>What is Hadoop?</li>
</ul>You will also learn about the storage unit and processing unit of Hadoop, and the implementation of Big Data through use cases. 
<br/>
<br/>
This video is presented by Simplilearn. 
<br/>
<br/>
After you complete this activity, return to this page to select <strong>Mark complete</strong> for completion credit. 
<br/>
<br/><strong>Note</strong>: On the video toolbar, go to <strong>Settings</strong>, <strong> </strong>select <strong>Subtitles</strong>, <strong> </strong>select <strong>English</strong>, and then select <strong>Auto-Translate</strong> to enable subtitles in a language of your choice from the drop-down.</div>","['Learning Domain', 'Technical skills - Data', 'Lightcast Skills Taxonomy', 'Apache Hadoop Skill']"
https://skills.yourlearning.ibm.com/activity/SN-COURSE-V1:COGNITIVECLASS+BD0101EN+V2,data,eLearning,Big Data 101,3 hrs,3718 learners have completed this activity in the past 12 months.,Average rating of 4.5 stars by 333 learners in the past 12 months.,333,"<h2 class=""FullPageDescription_title__WsNdH""><span dir=""ltr"" lang=""en"" translate=""yes"">About this learning activity</span></h2><div dir=""ltr"" lang=""en"" translate=""yes"">How big is big and why does big matter and what does Apache Hadoop have to do with it? In this course you will see the Big Data big picture and you will learn the terminology used in Big Data discussions.<br/><br/><strong>Note on grading - please read:</strong><br/><br/>Review questions are worth 50% of the mark, and the final exam is worth 50%. The course passing grade is <strong>70%</strong>.<ul><li><strong>Review Questions:</strong><ul><li>Have no time limit. This should encourage participants to go back to material previously explained to find the correct answer.</li><li>Multiple choice questions have two chances while True/False questions only have one chance.</li><li>Review questions are marked <strong>per question</strong>. As soon as you answer a particular question, when the “Final check” button appears, it means you will have no more chances after clicking that button, and your answer will be immediately marked and cannot be changed (ever). You will be able to see your grade progress at any time using the “Progress” tab.</li></ul></li></ul><ul><li><strong>Final Exam:</strong><ul><li>Has a 1-hour time limit</li><li>Like Review Questions, as you click on “Final check” per question, you will be marked.</li></ul></li></ul></div>","['Badge Learning', 'Big Data Foundations', 'Learning Domain', 'Technical skills - Data', 'Lightcast Skills Taxonomy', 'Apache Hadoop Skill']"
https://skills.yourlearning.ibm.com/activity/ISG-6XS747G,data,eLearning,Foundations of Data Governance with IBM Knowledge Catalog on IBM Cloud Pak for Data,3 hrs,17 learners have completed this activity in the past 12 months.,Average rating of 5 stars by 3 learners in the past 12 months.,3,"<h2 class=""FullPageDescription_title__WsNdH""><span dir=""ltr"" lang=""en"" translate=""yes"">About this learning activity</span></h2><div dir=""ltr"" lang=""en"" translate=""yes""><p>This course guides you through the key concepts and activities involved in the process of planning to implement data governance with IBM Knowledge Catalog service on Cloud Pak for Data. Throughout the course, you review the basic concepts of data governance, data quality, and learn about the process at IBM. You also become acquainted with the planning activities and the tasks that need to be performed to introduce data governance that is customized to your business reality.</p>This course guides you through the key concepts and activities involved in the process of planning to implement data governance with IBM Knowledge Catalog service on Cloud Pak for Data.
<p>This course requires you register for an IBMid to access.</p></div>",[]
https://skills.yourlearning.ibm.com/activity/URL-EMOY79X6DRA,data,Video,How it Works: The Business of Data | IBM Think Academy,3 mins 49 s,168 learners have completed this activity in the past 12 months.,Average rating of 4.5 stars by 74 learners in the past 12 months.,74,"<h2 class=""FullPageDescription_title__WsNdH""><span dir=""ltr"" lang=""en"" translate=""yes"">About this learning activity</span></h2><div dir=""ltr"" lang=""en"" translate=""yes"">How exactly does the business of data work? How do we combine different data sources and cognitive analytics to deliver new services that deliver tangible value?
<br/>
<br/>
This video is presented by IBM Think Academy.
<br/>
<br/>
After you complete this activity, return to this page to select <strong>Mark complete</strong> for completion credit.</div>","['Learning Domain', 'Technical skills - Data']"
https://skills.yourlearning.ibm.com/activity/ISG-SLA985,data,eLearning,How to create and use a zSecure UNLOAD data set,30 mins,21 learners have completed this activity in the past 12 months.,Average rating of 4 stars by 1 learner in the past 12 months.,1,"<h2 class=""FullPageDescription_title__WsNdH""><span dir=""ltr"" lang=""en"" translate=""yes"">About this learning activity</span></h2><div dir=""ltr"" lang=""en"" translate=""yes""><p>In this zSecure video, you learn how you can use the Setup application in zSecure to create and use a zSecure UNLOAD data set from your active primary RACF database.</p>In this zSecure video, you learn how you can use the Setup application in zSecure to create and use a zSecure UNLOAD data set from your active primary RACF database.
<p>This course requires you register for an IBMid to access.</p></div>",[]
https://skills.yourlearning.ibm.com/activity/ISG-SLA4103,data,eLearning,Using QRadar reference data collections,30 mins,5 learners have completed this activity in the past 12 months.,Average rating of 5 stars by 1 learner in the past 12 months.,1,"<h2 class=""FullPageDescription_title__WsNdH""><span dir=""ltr"" lang=""en"" translate=""yes"">About this learning activity</span></h2><div dir=""ltr"" lang=""en"" translate=""yes""><p>Reference data collections can be used to store and manage important data that you want to correlate against the events and flows in your QRadar environment. You can add business data or data from external sources into a reference data collection, and then use the data in searches, filters, rule test conditions, and rule responses.In this course, you first get an overview of the different reference data types and what they can be used for. Next, you learn how to manage reference data collections and how to use them.This 2-part video course explores the following topics:Part 1: QRadar reference data types overviewGeneral purpose of reference data collections Reference setReference mapReference map of setsReference map of mapsReference tablePart 2: QRadar reference data types management  Using the QRadar UI Using the CLIUsing the RESTful APIReference data in queries (AQL)Reference data in Rules (test conditions, rule responses)</p>Reference data collections can be used to store and manage important data that you want to correlate against the events and flows in your QRadar environment. You can add business data o
<p>This course requires you register for an IBMid to access.</p></div>",[]
https://skills.yourlearning.ibm.com/activity/ISG-SLA6104,data,eLearning,Creating and using Guardium data marts,18 mins,2 learners have completed this activity in the past 12 months.,,,"<h2 class=""FullPageDescription_title__WsNdH""><span dir=""ltr"" lang=""en"" translate=""yes"">About this learning activity</span></h2><div dir=""ltr"" lang=""en"" translate=""yes"">In this lab, you learn how to create a custom query-report, configure a data mart for the report, and forward the data mart files to another system. Guardium receives and processes a great amount of data that can be used to generate a report. However, sifting through this data to generate a report can be resource intensive.  Data marts extract data based on a report query, and store it in either a seperate table or a file. This helps reduce managed unit resources necessary to generate a report, preserves relevant data after an archive and purge, facilitates exporting data to other reporting tools, and helps with the creation of distributed reports.In this lab, you learn how to create a custom query-report, configure a data mart for the report, and forward the data mart files to another system. Guardium receives and processes a g
<p>This course requires you register for an IBMid to access.</p></div>",[]
https://skills.yourlearning.ibm.com/activity/URL-9F9F380A7F75,data,eLearning,Analyze Traffic Safety Data with Python Case Study,1 hr,22 learners have completed this activity in the past 12 months.,,,"<h2 class=""FullPageDescription_title__WsNdH""><span dir=""ltr"" lang=""en"" translate=""yes"">About this learning activity</span></h2><div dir=""ltr"" lang=""en"" translate=""yes"">Ready to start your journey into analyzing real data with Python? Take Analyze Traffic Safety Data with Python Case Study — you will explore two real datasets, plot trends over time, and model and predict traffic safety outcomes.
<br/>
<br/>
This course is presented by Codecademy. You will need to register for a free account.</div>","['Learning Domain', 'Technical skills - Data']"
https://skills.yourlearning.ibm.com/activity/ISG-SLA3694,data,eLearning,How to protect sensitive data by domain in QRadar,30 mins,14 learners have completed this activity in the past 12 months.,Average rating of 4 stars by 1 learner in the past 12 months.,1,"<h2 class=""FullPageDescription_title__WsNdH""><span dir=""ltr"" lang=""en"" translate=""yes"">About this learning activity</span></h2><div dir=""ltr"" lang=""en"" translate=""yes""><p>Configure a data obfuscation profile to prevent unauthorized access to sensitive or personally identifiable information in QRadar 7.3.2. Data obfuscation is the process of strategically hiding data from QRadar users. You can hide custom properties, normalized properties, such as user names, or you can hide the content of a payload, such as credit card or social security numbers.</p>Configure a data obfuscation profile to prevent unauthorized access to sensitive or personally identifiable information in QRadar 7.3.2. Data obfuscation is the process of strategically
<p>This course requires you register for an IBMid to access.</p></div>",[]
https://skills.yourlearning.ibm.com/activity/ISG-SLA7163,data,eLearning,Guardium Data Protection: Real-time Trust Evaluator,18 mins,4 learners have completed this activity in the past 12 months.,,,"<h2 class=""FullPageDescription_title__WsNdH""><span dir=""ltr"" lang=""en"" translate=""yes"">About this learning activity</span></h2><div dir=""ltr"" lang=""en"" translate=""yes"">In this video,  Mikhail Shpak discusses the Real-time Trust Evaluator (RTTE) use cases and benefits, how to enable RTTE, how to interpret RTTE results, and how to configure RTTE. The  RTTE evaluates the application connections that are monitored by IBM Security¬Æ Guardium¬Æ Data Protection. In this video,  Mikhail Shpak discusses the Real-time Trust Evaluator (RTTE) use cases and benefits, how to enable RTTE, how to interpret RTTE results, and how to configure RTTE. T
<p>This course requires you register for an IBMid to access.</p></div>",[]
https://skills.yourlearning.ibm.com/activity/ISG-DL35017G,data,eLearning,Data table and Office pack with IBM Robotic Process Automation,2 hrs,123 learners have completed this activity in the past 12 months.,Average rating of 5 stars by 1 learner in the past 12 months.,1,"<h2 class=""FullPageDescription_title__WsNdH""><span dir=""ltr"" lang=""en"" translate=""yes"">About this learning activity</span></h2><div dir=""ltr"" lang=""en"" translate=""yes""><p>In this course, you learn to automate Office tasks setting the Office commands. This course also expands the Excel commands usage by introducing their use with data tables. </p>In this course, you learn to automate Office tasks setting the Office commands. This course also expands the Excel commands usage by introducing their use with data tables. 
<p>This course requires you register for an IBMid to access.</p></div>","['Learning Domain', 'Technical skills - Data', 'Lightcast Skills Taxonomy', 'Microsoft Excel Skill']"
https://skills.yourlearning.ibm.com/activity/SN-COURSE-V1:BDU+BD0143EN+V1,data,eLearning,Using HBase for Real-time Access to your Big Data,5 hrs,5 learners have completed this activity in the past 12 months.,Average rating of 4 stars by 5 learners in the past 12 months.,5,"<h2 class=""FullPageDescription_title__WsNdH""><span dir=""ltr"" lang=""en"" translate=""yes"">About this learning activity</span></h2><div dir=""ltr"" lang=""en"" translate=""yes""><p>This course introduces you to HBase, the open source Hadoop database used for random, real-time read/writes to your Big Data. The course will cover fundamental concepts of HBase such as HBase system and architecture, the use of the Client API to perform data operations on HBase, the various HBase client used to communicate with HBase, how to integrate HBase with a MapReduce job, and more!</p></div>","['Learning Domain', 'Technical skills - Data', 'Lightcast Skills Taxonomy', 'Apache Hadoop Skill', 'Operations Skill', 'Application Programming Interface (API) Skill']"
https://skills.yourlearning.ibm.com/activity/URL-R5_34YNCMMY,data,Video,Telling Stories with Data in 3 Steps (Quick Study) | Harvard Business Review,5 mins,44 learners have completed this activity in the past 12 months.,Average rating of 4.5 stars by 45 learners in the past 12 months.,45,"<h2 class=""FullPageDescription_title__WsNdH""><span dir=""ltr"" lang=""en"" translate=""yes"">About this learning activity</span></h2><div dir=""ltr"" lang=""en"" translate=""yes""><p>You know right away when you see an effective chart or graphic. It hits you with an immediate sense of its meaning and impact. But what actually makes it clearer, sharper, and more effective? In this video, Scott Berinato, author of “Good Charts” and “Good Charts Workbook”, walks through the three essential ingredients of any story, including those told with data.<br/><br/>
 This video is presented by Harvard Business Review.<br/><br/>
 After you complete this activity, return to this page to select <strong>Mark complete</strong> for completion credit.<br/><br/><strong>Note</strong>: On the video toolbar, go to <strong>Settings</strong>, select <strong>Subtitles</strong>, select <strong>English</strong>, and then select <strong>Auto-Translate </strong>to enable subtitles in a language of your choice from the drop-down.</p></div>","['Learning Domain', 'Technical skills - Data']"
https://skills.yourlearning.ibm.com/activity/ISG-DL25641G,data,eLearning,Environmental Intelligence: Geospatial APIs for Data Scientists and Application Developers,3 hrs 30 mins,716 learners have completed this activity in the past 12 months.,Average rating of 3.5 stars by 7 learners in the past 12 months.,7,"<h2 class=""FullPageDescription_title__WsNdH""><span dir=""ltr"" lang=""en"" translate=""yes"">About this learning activity</span></h2><div dir=""ltr"" lang=""en"" translate=""yes""><p>This course provides an introduction to IBM's Environmental Intelligence Geospatial APIs, industry use cases, and an installation &amp; configuration guide to assist new users to commence running queries using their GIS of choice. </p>This course provides an introduction to IBM's Environmental Intelligence Geospatial APIs, industry use cases, and an installation configuration guide.
<p>This course requires you register for an IBMid to access.</p></div>",[]
https://skills.yourlearning.ibm.com/activity/ISG-DL006055G,data,eLearning,Getting to know IBM Z Operational Log and Data Analytics,3 hrs,140 learners have completed this activity in the past 12 months.,Average rating of 4.5 stars by 3 learners in the past 12 months.,3,"<h2 class=""FullPageDescription_title__WsNdH""><span dir=""ltr"" lang=""en"" translate=""yes"">About this learning activity</span></h2><div dir=""ltr"" lang=""en"" translate=""yes""><p>This is an intermediate course for IBM Z Operational Log and Data Analytics. This course is intended for previous Z Common Data Provider users and those who want to learn about the features and benefits of Z Operational Log and Data Analytics. Through this course, you will learn how Z Operational Log and Data Analytics achieves near real-time incident identification and<strong> </strong>enhances<strong> </strong>availability across a hybrid cloud environment.</p>
<p> </p>
<p>This course is created based on Z Operational Log and Data Analytics 5.1.0.</p>Through this course, you will learn how Z Operational Log and Data Analytics achieves near real-time incident identification and enhances availability across a hybrid cloud environment. 
<p>This course requires you register for an IBMid to access.</p></div>",[]
https://skills.yourlearning.ibm.com/activity/URL-31F358F1752E,data,eLearning,Communicating with server and forms,2 hrs 30 mins,115 learners have completed this activity in the past 12 months.,Average rating of 4.5 stars by 16 learners in the past 12 months.,16,"<h2 class=""FullPageDescription_title__WsNdH""><span dir=""ltr"" lang=""en"" translate=""yes"">About this learning activity</span></h2><div dir=""ltr"" lang=""en"" translate=""yes""><p>Let's take a look at how to render a data collection, like a list of names, to the screen.</p></div>","['Lightcast Skills Taxonomy', 'Communications Skill']"
https://skills.yourlearning.ibm.com/activity/URL-96AB9F63BB0C,data,Video,Create compelling presentations | IBM SkillsBuild,3 mins,1188 learners have completed this activity in the past 12 months.,Average rating of 4.5 stars by 25 learners in the past 12 months.,25,"<h2 class=""FullPageDescription_title__WsNdH""><span dir=""ltr"" lang=""en"" translate=""yes"">About this learning activity</span></h2><div dir=""ltr"" lang=""en"" translate=""yes""><p>This video provides tips on how to create compelling and outstanding presentations, an important skill that all data analysts need to develop.</p></div>",[]
https://skills.yourlearning.ibm.com/activity/ISG-DL25601G,data,eLearning,Getting started with Envizi as a User,1 hr,7 learners have completed this activity in the past 12 months.,Average rating of 5 stars by 2 learners in the past 12 months.,2,"<h2 class=""FullPageDescription_title__WsNdH""><span dir=""ltr"" lang=""en"" translate=""yes"">About this learning activity</span></h2><div dir=""ltr"" lang=""en"" translate=""yes""><p>In this course, you will be introduced to the basics of Envizi and become familiar with finding and reporting on your data.</p>In this course, you will be introduced to the basics of Envizi and become familiar with finding and reporting on your data.
<p>This course requires you register for an IBMid to access.</p></div>",[]
https://skills.yourlearning.ibm.com/activity/SN-COURSE-V1:BIGDATAUNIVERSITY+BD0115EN+V1,data,eLearning,MapReduce and YARN,4 hrs,7 learners have completed this activity in the past 12 months.,Average rating of 5 stars by 5 learners in the past 12 months.,5,"<h2 class=""FullPageDescription_title__WsNdH""><span dir=""ltr"" lang=""en"" translate=""yes"">About this learning activity</span></h2><div dir=""ltr"" lang=""en"" translate=""yes""><p>String together your understanding of Yet Another Resource Negotiator (YARN) by gaining exposure to MapReduce1, the tool-sets that start the processing of Big Data.</p></div>","['Learning Domain', 'Technical skills - Data']"
https://skills.yourlearning.ibm.com/activity/SN-COURSE-V1:COGNITIVECLASS+RP0103EN+V2,data,eLearning,Using R with Databases,3 hrs,4 learners have completed this activity in the past 12 months.,Average rating of 4 stars by 1 learner in the past 12 months.,1,"<h2 class=""FullPageDescription_title__WsNdH""><span dir=""ltr"" lang=""en"" translate=""yes"">About this learning activity</span></h2><div dir=""ltr"" lang=""en"" translate=""yes""><p>The intent of this course is to teach you how to unlock the power and magic of R to analyze data in relational databases. It will show you how to connect to relational databases, access and query the database, update and modify the data, analyze it and perform simple visualizations.</p></div>","['Learning Domain', 'Technical skills - Data']"
https://skills.yourlearning.ibm.com/activity/ISG-DL10032G,data,eLearning,IBM Cloud Pak for Network Automation 2.1 Fundamentals,5 hrs,55 learners have completed this activity in the past 12 months.,,,"<h2 class=""FullPageDescription_title__WsNdH""><span dir=""ltr"" lang=""en"" translate=""yes"">About this learning activity</span></h2><div dir=""ltr"" lang=""en"" translate=""yes""><p>This is a lecture-only course that covers the architecture, data flow, and key benefits of CP4NA.</p>This course introduces IBM Cloud Pak for Network Automation (CP4NA) 2.1. 
<p>This course requires you register for an IBMid to access.</p></div>",[]
https://skills.yourlearning.ibm.com/activity/ALM-COURSE_3821962,data,eLearning,Boost the performance of your fantasy football team with AI,15 mins,19 learners have completed this activity in the past 12 months.,Average rating of 4.5 stars by 3 learners in the past 12 months.,3,"<h2 class=""FullPageDescription_title__WsNdH""><span dir=""ltr"" lang=""en"" translate=""yes"">About this learning activity</span></h2><div dir=""ltr"" lang=""en-us"" translate=""yes""><p>In this micro learning activity, you will learn how AI enhances the ESPN Fantasy Football experience. You will explore how these technologies work and how they benefit the game by making it more engaging, easier to make decisions, and driven by millions of sets of data.</p></div>",[]
https://skills.yourlearning.ibm.com/activity/ISG-DL70457G,data,eLearning,Storage Replication and Failure Domains,30 mins,8 learners have completed this activity in the past 12 months.,,,"<h2 class=""FullPageDescription_title__WsNdH""><span dir=""ltr"" lang=""en"" translate=""yes"">About this learning activity</span></h2><div dir=""ltr"" lang=""en"" translate=""yes""><p>This course introduces the concepts of data and storage replication, along with failure domains and the infrastructure used to ensure high availability.</p>This course introduces the concepts of data and storage replication, along with failure domains and the infrastructure used to ensure high availability. 
<p>This course requires you register for an IBMid to access.</p></div>",[]
https://skills.yourlearning.ibm.com/activity/ISG-DL10028G,data,eLearning,ApplinX Basic,4 hrs,4 learners have completed this activity in the past 12 months.,,,"<h2 class=""FullPageDescription_title__WsNdH""><span dir=""ltr"" lang=""en"" translate=""yes"">About this learning activity</span></h2><div dir=""ltr"" lang=""en"" translate=""yes""><p>This self-paced course provides learners with an overview of the basic features and functionality of IBM ApplinX. The course is designed for developers or those using the platform who want to gain a better understanding of how ApplinX can unlock mainframe applications and data.  </p>This self-paced course provides learners with an overview of the basic features and functionality of IBM ApplinX.
<p>This course requires you register for an IBMid to access.</p></div>",[]
https://skills.yourlearning.ibm.com/activity/SN-COURSE-V1:BDU+BD0133EN+V1,data,eLearning,Controlling Hadoop Jobs using Oozie,4 hrs,3 learners have completed this activity in the past 12 months.,,,"<h2 class=""FullPageDescription_title__WsNdH""><span dir=""ltr"" lang=""en"" translate=""yes"">About this learning activity</span></h2><div dir=""ltr"" lang=""en"" translate=""yes""><p>This Apache Oozie course teaches you how to control Hadoop jobs on your Big Data projects. Even better, the materials and software provided are all free.</p></div>","['Lightcast Skills Taxonomy', 'Apache Hadoop Skill']"
https://skills.yourlearning.ibm.com/activity/ISG-C110091G,data,eLearning,Managing Storage Accounts,30 mins,29 learners have completed this activity in the past 12 months.,Average rating of 3 stars by 2 learners in the past 12 months.,2,"<h2 class=""FullPageDescription_title__WsNdH""><span dir=""ltr"" lang=""en"" translate=""yes"">About this learning activity</span></h2><div dir=""ltr"" lang=""en"" translate=""yes""><p>In this course, you will learn how to manage storage accounts on IBM Cloud, and articulate the value of data governance, storage management techniques, and storage solutions available for working with structured and unstructured data.</p> The course covers data governance, storage management techniques, and storage solutions available for working with structured and unstructured data. 
<p>This course requires you register for an IBMid to access.</p></div>","['Learning Domain', 'Technical skills - Data', 'Lightcast Skills Taxonomy', 'Data Governance Skill']"
https://skills.yourlearning.ibm.com/activity/URL-EBZX86BOIPY,data,Guidance,Tour of Cloud Object Storage — Call for Code tech demo | IBM Developer,11 mins,64 learners have completed this activity in the past 12 months.,Average rating of 4.5 stars by 11 learners in the past 12 months.,11,"<h2 class=""FullPageDescription_title__WsNdH""><span dir=""ltr"" lang=""en"" translate=""yes"">About this learning activity</span></h2><div dir=""ltr"" lang=""en"" translate=""yes"">Cloud Object Storage is a service on IBM Cloud that allows organizations to store unstructured data including files, media, and assets in a highly available, durable, and secure platform. In this video, learn how to create and make use of an Object Storage instance in IBM Cloud. 
<br/>
<br/>
This demo video is offered by the Call for Code team in IBM Developer.</div>","['Learning Domain', 'Technical Skills - Cloud']"
https://skills.yourlearning.ibm.com/activity/SN-COURSE-V1:BDU+DB0151EN+V1,data,eLearning,NoSQL and DBaaS 101,2 hrs,12 learners have completed this activity in the past 12 months.,,,"<h2 class=""FullPageDescription_title__WsNdH""><span dir=""ltr"" lang=""en"" translate=""yes"">About this learning activity</span></h2><div dir=""ltr"" lang=""en"" translate=""yes""><p>In this NoSQL course, we will provide an overview of the NoSQL database landscape, the benefits of using a Database-as-a-Service offering, and where Cloudant fits into the picture. Additionally, we’ll get you started with using Cloudant by providing tutorials on account sign up, creating and replicating databases, loading and querying data, and conclude by pointing you to additional resources to continue on your education.</p></div>",[]
https://skills.yourlearning.ibm.com/activity/ISG-C110071G,data,eLearning,Using Performance and Availability Metrics to Measure the Health of Services,30 mins,8 learners have completed this activity in the past 12 months.,Average rating of 5 stars by 2 learners in the past 12 months.,2,"<h2 class=""FullPageDescription_title__WsNdH""><span dir=""ltr"" lang=""en"" translate=""yes"">About this learning activity</span></h2><div dir=""ltr"" lang=""en"" translate=""yes""><p>In this course, you will learn how to use performance and availability metrics to measure the health of services on IBM Cloud.</p>This course reviews performance and availability metrics to measure the health of services on IBM Cloud. 
<p>This course requires you register for an IBMid to access.</p></div>","['Learning Domain', 'Technical skills - Data']"
https://skills.yourlearning.ibm.com/activity/SN-COURSE-V1:BDU+BD0212EN+V1,data,eLearning,Spark Fundamentals II,5 hrs,27 learners have completed this activity in the past 12 months.,,,"<h2 class=""FullPageDescription_title__WsNdH""><span dir=""ltr"" lang=""en"" translate=""yes"">About this learning activity</span></h2><div dir=""ltr"" lang=""en"" translate=""yes""><p>Building on your foundational knowledge of Spark, take this opportunity to move your skills to the next level. With a focus on Spark Resilient Distributed Data Set operations this course exposes you to concepts that are critical to your success in this field.</p></div>","['Learning Domain', 'Technical skills - Data', 'Lightcast Skills Taxonomy', 'Apache Spark Skill', 'Operations Skill']"
https://skills.yourlearning.ibm.com/activity/SN-COURSE-V1:COGNITIVECLASS+CP0101EN+V1,data,eLearning,Mathematical Optimization for Business Problems,3 hrs,10 learners have completed this activity in the past 12 months.,,,"<h2 class=""FullPageDescription_title__WsNdH""><span dir=""ltr"" lang=""en"" translate=""yes"">About this learning activity</span></h2><div dir=""ltr"" lang=""en"" translate=""yes""><p>This course presents a holistic approach to Big Data, taking both a top-down and a bottom-up approach to questions such as: What is Big Data? How do we tackle Big Data? Why are we interested in it? What is a Big Data platform?</p></div>","['Learning Domain', 'Technical skills - Data']"
https://skills.yourlearning.ibm.com/activity/URL-9F71B01A22F0,data,Experiential,IBM Cognos Analytics 11.1.3: Getting Started with Dashboards,30 mins,56 learners have completed this activity in the past 12 months.,Average rating of 3 stars by 2 learners in the past 12 months.,2,"<h2 class=""FullPageDescription_title__WsNdH""><span dir=""ltr"" lang=""en"" translate=""yes"">About this learning activity</span></h2><div dir=""ltr"" lang=""en"" translate=""yes""><p>In this tutorial, explore the key capabilities of IBM Cognos Analytics Dashboards: Data Discovery, Visualizations, and Exploration.</p></div>","['Areas of Interest', 'Essential skills > Data and analytics', 'Learning Domain', 'Technical skills - Data', 'Popular Subjects', 'Data and analytics', 'Lightcast Skills Taxonomy', 'Dashboard Skill']"
https://skills.yourlearning.ibm.com/activity/ISG-DL00957G,data,eLearning,IMS High Availability Large Database (HALDB),10 hrs,62 learners have completed this activity in the past 12 months.,Average rating of 3.5 stars by 2 learners in the past 12 months.,2,"<h2 class=""FullPageDescription_title__WsNdH""><span dir=""ltr"" lang=""en"" translate=""yes"">About this learning activity</span></h2><div dir=""ltr"" lang=""en"" translate=""yes""><p>A HALDB is a partitioned full-function database. Partitioning a database allows the use of smaller data sets that are easier to manage. Multiple partitions decrease the amount of unavailable data if a partition fails or is taken offline.</p>This intermediate course describes how to implement, maintain, and recover IBM IMS High Availability Large Databases.  You’ll learn how to migrate databases to HALDB and the advantages of HALDB
<p>This course requires you register for an IBMid to access.</p></div>",[]
https://skills.yourlearning.ibm.com/activity/SN-COURSE-V1:BDU+BD0135EN+V1,data,eLearning,Developing Distributed Applications Using ZooKeeper,4 hrs,5 learners have completed this activity in the past 12 months.,,,"<h2 class=""FullPageDescription_title__WsNdH""><span dir=""ltr"" lang=""en"" translate=""yes"">About this learning activity</span></h2><div dir=""ltr"" lang=""en"" translate=""yes""><p>In this course, you will explore the ZooKeeper framework in tandem with IBM BigInsights modules and Java to learn how to develop and manage distributed applications in the domain of Big Data. Real-world examples will be used to contextualize and motivate further study.</p></div>","['Lightcast Skills Taxonomy', 'Java (Programming Language) Skill']"
https://skills.yourlearning.ibm.com/activity/URL-QK7BCHBIEFG,data,Video,Everything You Need To Know About Excel Tables,15 mins,6159 learners have completed this activity in the past 12 months.,Average rating of 4.5 stars by 54 learners in the past 12 months.,54,"<h2 class=""FullPageDescription_title__WsNdH""><span dir=""ltr"" lang=""en"" translate=""yes"">About this learning activity</span></h2><div dir=""ltr"" lang=""en"" translate=""yes"">Excel tables are a must know (and use) feature. Tables are the most important way of organizing and storing your data!<br/><br/>After you complete this activity, return to this page to select <strong>Mark complete</strong> for completion credit.</div>","['Learning Domain', 'Technical skills - Data']"
https://skills.yourlearning.ibm.com/activity/ISG-DL70456G,data,eLearning,Implementing and Managing Backup and Recovery,30 mins,,,,"<h2 class=""FullPageDescription_title__WsNdH""><span dir=""ltr"" lang=""en"" translate=""yes"">About this learning activity</span></h2><div dir=""ltr"" lang=""en"" translate=""yes""><p>This course introduces IBM Cloud Backup Services, and data recovery and restoration services, along with how to properly manage data integrity.</p>This course introduces IBM Cloud Backup Services, and data recovery and restoration services, along with how to properly manage data integrity.
<p>This course requires you register for an IBMid to access.</p></div>",[]
https://skills.yourlearning.ibm.com/activity/ISG-DL70497G,data,eLearning,Block Storage Capabilities and Options on IBM Cloud,30 mins,,,,"<h2 class=""FullPageDescription_title__WsNdH""><span dir=""ltr"" lang=""en"" translate=""yes"">About this learning activity</span></h2><div dir=""ltr"" lang=""en"" translate=""yes""><p>In this course, you will review block storage for IBM Cloud Virtual Private Cloud (VPC). You will learn about the boot and data volumes of VPC Block storage. You will explore IOPS profiles of VPC Block Storage and the data encryption options.</p>In this course, you will review block storage for IBM Cloud Virtual Private Cloud (VPC). 
<p>This course requires you register for an IBMid to access.</p></div>",[]
https://skills.yourlearning.ibm.com/activity/ISG-SLABQ300,data,eLearning,QRadar SIEM: Understanding the User Interface and Architecture (v7.5),1 hr,2 learners have completed this activity in the past 12 months.,,,"<h2 class=""FullPageDescription_title__WsNdH""><span dir=""ltr"" lang=""en"" translate=""yes"">About this learning activity</span></h2><div dir=""ltr"" lang=""en"" translate=""yes""><p>Learn how to navigate the QRadar UI and understand QRadar deployment models, appliances, and data pipeline. Learn to use the Admin Console.</p>Navigate the QRadar SIEM user interface and understand QRadar SIEM deployment models, appliances, and how QRadar processes data in your environment.
<p>This course requires you register for an IBMid to access.</p></div>",[]
https://skills.yourlearning.ibm.com/activity/ISG-SLATW500,data,eLearning,Verify Identity Protection: User Introduction,2 hrs,21 learners have completed this activity in the past 12 months.,,,"<h2 class=""FullPageDescription_title__WsNdH""><span dir=""ltr"" lang=""en"" translate=""yes"">About this learning activity</span></h2><div dir=""ltr"" lang=""en"" translate=""yes""><p>Improve your understanding of Identity and Access Management (IAM) and take a first step in learning the IBM® Verify Identity Protection user interface.Recognize the importance of implementing an IAM solution to safeguard your data and boost productivity.Learn how IBM Verify Identity Protection can help your organization succeed!</p>Learn how IBM Verify Identity Protection can help your organization succeed! Recognize the importance of implementing an IAM solution to safeguard your data and boost productivity.
<p>This course requires you register for an IBMid to access.</p></div>",[]
https://skills.yourlearning.ibm.com/activity/ISG-DL70446G,data,eLearning,Monitor Resource Utilization,30 mins,1 learner has completed this activity in the past 12 months.,,,"<h2 class=""FullPageDescription_title__WsNdH""><span dir=""ltr"" lang=""en"" translate=""yes"">About this learning activity</span></h2><div dir=""ltr"" lang=""en"" translate=""yes""><p>This course illustrates the meaning of resource utilization and how to apply principles of operational resource utilization to a monitoring strategy. It also outlines monitoring environments and data sources, and the benefits of using monitoring tools for platform and system metrics.</p>This course explores the importance of resource utilization and the benefits of using different monitoring tools.
<p>This course requires you register for an IBMid to access.</p></div>",[]
https://skills.yourlearning.ibm.com/activity/ISG-DL00959G,data,eLearning,IMS Database Performance and Tuning,36 hrs,12 learners have completed this activity in the past 12 months.,,,"<h2 class=""FullPageDescription_title__WsNdH""><span dir=""ltr"" lang=""en"" translate=""yes"">About this learning activity</span></h2><div dir=""ltr"" lang=""en"" translate=""yes""><p>This advanced level course is intended for IMS professionals getting into the tuning and performance aspects of IMS. Details include options for VSAM and OSAM, IMS access methods, and tuning database buffer pools and storage attributes.</p>This advanced course describes how to tune IMS databases and how to monitor and adjust items that affect performance such as VSAM, OSAM data sets, buffering, and secondary indexes.
<p>This course requires you register for an IBMid to access.</p></div>",[]
https://skills.yourlearning.ibm.com/activity/ISG-SLA2009,data,eLearning,IBM zSecure CARLa Audit and Reporting Language Introduction,30 mins,5 learners have completed this activity in the past 12 months.,,,"<h2 class=""FullPageDescription_title__WsNdH""><span dir=""ltr"" lang=""en"" translate=""yes"">About this learning activity</span></h2><div dir=""ltr"" lang=""en"" translate=""yes""><p>This self-paced course provides an introduction to the IBM zSecure CARLa audit and reporting language. In this first module, you will learn the following:Background on zSecure CARLaSupported zSecure CARLa input data sources and fieldsOutput customization and modifiers</p>This self-paced course provides an introduction to the IBM zSecure CARLa audit and reporting language. In this first module, you will learn the following:Background on zSecure CARLaSupp
<p>This course requires you register for an IBMid to access.</p></div>",[]
https://skills.yourlearning.ibm.com/activity/ISG-DL70539G,data,eLearning,Power Virtual Server Use Cases and Solutions,30 mins,2 learners have completed this activity in the past 12 months.,Average rating of 5 stars by 1 learner in the past 12 months.,1,"<h2 class=""FullPageDescription_title__WsNdH""><span dir=""ltr"" lang=""en"" translate=""yes"">About this learning activity</span></h2><div dir=""ltr"" lang=""en"" translate=""yes""><p>This course explores the common use cases for Power Virtual Server. The lessons focus on data center strategy optimization, business continuity planning topics such as disaster recovery, high availability, and backup strategies, modernizing workloads with IBM Cloud® services as well as operational excellence and cost optimization strategies afforded by Power Virtual Server.</p>This course explores the common use cases for Power Virtual Server. The lessons focus on data center strategy optimization, business continuity planning topics such as DR and HA.
<p>This course requires you register for an IBMid to access.</p></div>",[]
https://skills.yourlearning.ibm.com/activity/ISG-SLA8I010,data,eLearning,MaaS360: Getting Started,1 hr 30 mins,4 learners have completed this activity in the past 12 months.,,,"<h2 class=""FullPageDescription_title__WsNdH""><span dir=""ltr"" lang=""en"" translate=""yes"">About this learning activity</span></h2><div dir=""ltr"" lang=""en"" translate=""yes""><p>Are you struggling to manage your organization's endpoint devices and secure the sensitive data that employees are accessing? This course covers the challenges that clients face when dealing with complex device environments and demonstrates how a unified endpoint management solution like MaaS360 can help manage, secure, and deploy resources on any device from a single console to boost user productivity and improve operational efficiency for administrators.</p>Develop your understanding of a market leading, unified endpoint management solution to become a champion for MaaS360 in your organization.
<p>This course requires you register for an IBMid to access.</p></div>",[]
https://skills.yourlearning.ibm.com/activity/URL-79AC03A25B37,data,Webpage,The Ultimate Guide to Business Storytelling in 2019 | The_Marketing_Mane,9 mins,194 learners have completed this activity in the past 12 months.,Average rating of 4.5 stars by 4 learners in the past 12 months.,4,"<h2 class=""FullPageDescription_title__WsNdH""><span dir=""ltr"" lang=""en"" translate=""yes"">About this learning activity</span></h2><div dir=""ltr"" lang=""en"" translate=""yes""><p>Business storytelling is the art of expressing business communication as a well-defined, flow-oriented story. When we convey any business communication in the form of a story, something clicks within the recipient. The impact is massive.<br/><br/>
 Learn about the business storytelling, why it is important, the overall process, and the benefits of business storytelling.<br/><br/>
 This blog is presented by The_Marketing_Mane. It is available in English.<br/><br/>
 After you complete this activity, return to this page to select <strong>Mark complete</strong> for completion credit.</p></div>","['Learning Domain', 'Technical skills - Data', 'Lightcast Skills Taxonomy', 'Business Communication Skill', 'Marketing Skill']"
https://skills.yourlearning.ibm.com/activity/ISG-DL32002G,data,eLearning,Introduction to IBM Cloud Pak for AIOps 4.2,3 hrs,32 learners have completed this activity in the past 12 months.,Average rating of 5 stars by 2 learners in the past 12 months.,2,"<h2 class=""FullPageDescription_title__WsNdH""><span dir=""ltr"" lang=""en"" translate=""yes"">About this learning activity</span></h2><div dir=""ltr"" lang=""en"" translate=""yes""><p>This course describes the benefits and features of IBM Cloud Pak for AIOps 4.2. This 1.5-hour video course includes lecture and demos. Participants learn how advanced AI analyzes IT operations data and uses AI-driven automation to resolve incidents, perform routine tasks, and reduce costs. This course is a prerequisite to <a href=""https://www.ibm.com/training/course/ibm-cloud-pak-for-aiops-operating-with-event-manager-to-reduce-mttr-TN410G"" rel=""noopener noreferrer nofollow"" target=""_blank"">Operating with Event Manager to reduce MTTR (TN410)</a> and other Cloud Pak for AIOps courses.</p>This is an introduction to the benefits and features of IBM Cloud Pak for AIOps 4.2.
<p>This course requires you register for an IBMid to access.</p></div>",[]
https://skills.yourlearning.ibm.com/activity/ISG-DL70305G,data,eLearning,Storage Considerations for SAP on IBM Cloud,1 hr 36 mins,18 learners have completed this activity in the past 12 months.,Average rating of 5 stars by 2 learners in the past 12 months.,2,"<h2 class=""FullPageDescription_title__WsNdH""><span dir=""ltr"" lang=""en"" translate=""yes"">About this learning activity</span></h2><div dir=""ltr"" lang=""en"" translate=""yes""><p>This course includes information on storage considerations for different Infrastructure-as-a-Service (IaaS) environments. It also explores different data migration strategies, and backup and recovery strategies for different SAP workloads.</p>This course includes information on storage considerations for different Infrastructure-as-a-Service (IaaS) environments.
<p>This course requires you register for an IBMid to access.</p></div>","['Learning Domain', 'Technical Skills - Cloud', 'Lightcast Skills Taxonomy', 'SAP Applications Skill', 'Infrastructure As A Service (IaaS) Skill']"
https://skills.yourlearning.ibm.com/activity/URL-VV4Y_UONEC0,data,Video,OSI Model & wireshark 1. OSI,16 mins,45 learners have completed this activity in the past 12 months.,Average rating of 4.5 stars by 7 learners in the past 12 months.,7,"<h2 class=""FullPageDescription_title__WsNdH""><span dir=""ltr"" lang=""en"" translate=""yes"">About this learning activity</span></h2><div dir=""ltr"" lang=""en"" translate=""yes""><p> Learn computer network layers or OSI layers in a computer network, OSI Model, OSI reference model or open system interconnection model or networking model including Application Layer, Presentation Layer, Session Layer, Transport Layer, Network Layer, Data Link Layer and Physical layer. Definition, Function, and use of the OSI network model. Protocols in computer network layers of OSI model.</p></div>",[]
https://skills.yourlearning.ibm.com/activity/ISG-DL00963G,data,eLearning,IMS Database Repair,10 hrs,18 learners have completed this activity in the past 12 months.,Average rating of 5 stars by 1 learner in the past 12 months.,1,"<h2 class=""FullPageDescription_title__WsNdH""><span dir=""ltr"" lang=""en"" translate=""yes"">About this learning activity</span></h2><div dir=""ltr"" lang=""en"" translate=""yes""><p>The course covers IMS Database Access Methods, the IMS Hierarchic Direct Database, Secondary Indexes, as well as the IMS Data Entry Database (DEDB), sequential segments, layout examples and database corruption. It also addresses verifying full-function database integrity, verifying DEDB database integrity, and IMS database repair techniques. </p>Learn the structure and function of IMS databases, accesss methods, pointers, and segments; learn how to diagnose various problems with IMS databases and how to repair those databases. 
<p>This course requires you register for an IBMid to access.</p></div>",[]
https://skills.yourlearning.ibm.com/activity/SN-COURSE-V1:BIGDATAUNIVERSITY+BD0223EN+V1,data,eLearning,Exploring Spark's GraphX,3 hrs,3 learners have completed this activity in the past 12 months.,,,"<h2 class=""FullPageDescription_title__WsNdH""><span dir=""ltr"" lang=""en"" translate=""yes"">About this learning activity</span></h2><div dir=""ltr"" lang=""en"" translate=""yes""><p>Spark provides a graph-parallel computation library in GraphX. Graph-parallel is a paradigm that allows representation of your data as vertices and edges. Spark's GraphX provides a set of fundamental operators in addition to a growing collection of algorithms and builders to simplify graph analytics tasks.</p></div>","['Lightcast Skills Taxonomy', 'Algorithms Skill', 'Apache Spark Skill']"
https://skills.yourlearning.ibm.com/activity/ISG-SLA3568,data,eLearning,QRadar Log Source Protocols - Open Mic,48 mins,25 learners have completed this activity in the past 12 months.,Average rating of 4 stars by 1 learner in the past 12 months.,1,"<h2 class=""FullPageDescription_title__WsNdH""><span dir=""ltr"" lang=""en"" translate=""yes"">About this learning activity</span></h2><div dir=""ltr"" lang=""en"" translate=""yes""><p>This IBM Security Support Open Mic recording explains how QRadar uses log source protocols to collect event data, capturing configuration properties, error messages, and other use cases for data collection.</p>
<p> </p>This Support Open Mic video explains how QRadar uses log source protocols to collect event data, capture configuration properties, error messages, and other use cases for data collection.
<p>This course requires you register for an IBMid to access.</p></div>",[]
https://skills.yourlearning.ibm.com/activity/ISG-SLA4791,data,eLearning,Using search efficiently in QRadar,30 mins,20 learners have completed this activity in the past 12 months.,Average rating of 3.5 stars by 3 learners in the past 12 months.,3,"<h2 class=""FullPageDescription_title__WsNdH""><span dir=""ltr"" lang=""en"" translate=""yes"">About this learning activity</span></h2><div dir=""ltr"" lang=""en"" translate=""yes""><p>Every IBM Security QRadar SIEM Analyst has to master basic investigations skills. In this course, you learn how to use flexible Searches to narrow down your investigations by watching the following videos:Learning how to utilize the QRadar search functionalityHow to search data efficiently in QRadar using indexingHow to search data efficiently in QRadar using quick filters</p>Every IBM Security QRadar SIEM Analyst has to master basic investigations skills. In this course, you learn how to use flexible Searches to narrow down your investigations by watch
<p>This course requires you register for an IBMid to access.</p></div>",[]
https://skills.yourlearning.ibm.com/activity/ISG-SLA7133,data,eLearning,Guardium S-GATE overview,12 mins,12 learners have completed this activity in the past 12 months.,Average rating of 4 stars by 1 learner in the past 12 months.,1,"<h2 class=""FullPageDescription_title__WsNdH""><span dir=""ltr"" lang=""en"" translate=""yes"">About this learning activity</span></h2><div dir=""ltr"" lang=""en"" translate=""yes"">This interactive guide introduces you to how S-GATE can provide session-level monitoring. With IBM Security Guardium, not only can you send events or alerts, but you can also control the session itself. S-GATE provides focused control over access to sensitive data or the ability to limit potential data leakage. This interactive guide introduces you to how S-GATE can provide session-level monitoring. With IBM Security Guardium, not only can you send events or alerts, but you can also contr
<p>This course requires you register for an IBMid to access.</p></div>",[]
https://skills.yourlearning.ibm.com/activity/ISG-DL25635G,data,eLearning,Maximo Visual Inspection: Functional Essentials,2 hrs,1 learner has completed this activity in the past 12 months.,,,"<h2 class=""FullPageDescription_title__WsNdH""><span dir=""ltr"" lang=""en"" translate=""yes"">About this learning activity</span></h2><div dir=""ltr"" lang=""en"" translate=""yes""><p>This self-paced training course introduces you to the Maximo Visual Inspection solution, its capabilities and benefits. You will also learn how to create data sets, train and deploy models and run inspections. This course includes videos, demonstrations, and virtual labs.</p>This self-paced training course introduces you to the Maximo Visual Inspection solution, its capabilities and benefits. You will also learn how to create data sets, train and deploy models.
<p>This course requires you register for an IBMid to access.</p></div>",[]
https://skills.yourlearning.ibm.com/activity/ISG-SLA3625,data,eLearning,Log source concepts - protocols and Device Support Modules,30 mins,19 learners have completed this activity in the past 12 months.,,,"<h2 class=""FullPageDescription_title__WsNdH""><span dir=""ltr"" lang=""en"" translate=""yes"">About this learning activity</span></h2><div dir=""ltr"" lang=""en"" translate=""yes""><p>This course focuses on two conceptual log source components. Protocols, which ingest event data into the QRadar ecosystem, and Device Support Modules, which act on this ingested data. You will learn about the roles of these components, and how they are aligned in the event pipeline.</p>Learn about the roles of the Protocols, which ingest event data into the QRadar ecosystem, and Device Support Module components, and how they are aligned in the event pipeline.
<p>This course requires you register for an IBMid to access.</p></div>",[]
https://skills.yourlearning.ibm.com/activity/ISG-DL25606G,data,eLearning,Maximo Application Suite - Manage: Introduction,4 hrs,11 learners have completed this activity in the past 12 months.,Average rating of 4.5 stars by 4 learners in the past 12 months.,4,"<h2 class=""FullPageDescription_title__WsNdH""><span dir=""ltr"" lang=""en"" translate=""yes"">About this learning activity</span></h2><div dir=""ltr"" lang=""en"" translate=""yes""><p>This course gives you an overview of the core functional areas of the solution and introduces you to the application relationships and overall usage.  Topics include maintenance strategy, core Manage data, work management, preventative maintenance, purchasing, Work Centers, and administration. This course teaches these topics using video presentations, demonstrations, and virtual lab simulations.</p>This course gives you an overview of the core functional areas of the solution and introduces you to the application relationships and overall usage. 
<p>This course requires you register for an IBMid to access.</p></div>","['Lightcast Skills Taxonomy', 'Presentations Skill']"
https://skills.yourlearning.ibm.com/activity/ISG-SLA6649,data,eLearning,IBM QRadar SIEM Architecture,1 hr 12 mins,34 learners have completed this activity in the past 12 months.,Average rating of 3 stars by 1 learner in the past 12 months.,1,"<h2 class=""FullPageDescription_title__WsNdH""><span dir=""ltr"" lang=""en"" translate=""yes"">About this learning activity</span></h2><div dir=""ltr"" lang=""en"" translate=""yes""><p>This course explains the architecture of the IBM QRadar SIEM ecosystem, which is viable for everyone in the IT Security Threat Management space. By learning how the QRadar SIEM components are designed to take in and process log events and flow data, you will be better equipped to holistically work as a Security Analyst or Administrator with IBM QRadar SIEM. This course includes three videos:Functional architecture and deployment modelsComponent architectureDissecting the flow of an event</p>This course explains the architecture of the IBM QRadar SIEM ecosystem, which is viable for everyone in the IT Security Threat Management space. By learning how the QRadar SIEM components are designed
<p>This course requires you register for an IBMid to access.</p></div>",[]
https://skills.yourlearning.ibm.com/activity/ISG-DL06011G,data,eLearning,IBM Power Virtual Server (PowerVS): Beyond the Basics,7 hrs,8 learners have completed this activity in the past 12 months.,Average rating of 4 stars by 1 learner in the past 12 months.,1,"<h2 class=""FullPageDescription_title__WsNdH""><span dir=""ltr"" lang=""en"" translate=""yes"">About this learning activity</span></h2><div dir=""ltr"" lang=""en"" translate=""yes""><p>This course is intended for IT architects, specialists, developers, sellers, and individuals who want to implement workloads on IBM Power using the IBM Cloud platform. It delves into the core concepts, management techniques, networking protocols, storage mechanisms, practical scenarios, and migration strategies of IBM Power Virtual Server (PowerVS). Participants will have gained a solid foundation and practical knowledge to confidently navigate the intricacies of IBM PowerVS and optimize its capabilities for their specific business needs by the end of this course.</p>This course covers Power Virtual Server (PowerVS) architecture, features, and services on the IBM Cloud, including networking, storage, management, and data migration.
<p>This course requires you register for an IBMid to access.</p></div>",[]
https://skills.yourlearning.ibm.com/activity/ISG-SLA2867,data,eLearning,IBM zSecure CARLa Audit and Reporting Language Introduction Part 5,30 mins,21 learners have completed this activity in the past 12 months.,,,"<h2 class=""FullPageDescription_title__WsNdH""><span dir=""ltr"" lang=""en"" translate=""yes"">About this learning activity</span></h2><div dir=""ltr"" lang=""en"" translate=""yes""><p>The CARLa program commands described in this course help you: Show the use of the OPERATIONS attribute by user IDs that are assigned the OPERATIONS attribute. Prevent OPERATIONS users from accessing system sensitive data sets. Produce a report from SMF records that shows attempts to access resources as UNIX Superuser. Produce daily reports that show the RACF command that ran on your systems. Duration: 30 minutes</p>The CARLa program commands described in this course help you: Show the use of the OPERATIONS attribute by user IDs that are assigned the OPERATIONS attribute. Prevent OPERATIONS
<p>This course requires you register for an IBMid to access.</p></div>",[]
https://skills.yourlearning.ibm.com/activity/ISG-DL25643G,data,eLearning,Maximo Manage: Functional Administration and User Management,3 hrs,6 learners have completed this activity in the past 12 months.,,,"<h2 class=""FullPageDescription_title__WsNdH""><span dir=""ltr"" lang=""en"" translate=""yes"">About this learning activity</span></h2><div dir=""ltr"" lang=""en"" translate=""yes""><p>This course provides an introduction to functional administration tasks in the Maximo Application Suite: Manage application including an introduction to the deeper courses covering Core Data Setup, Workflow processes, Security, Core Data setup, and Automation Scripting. It also covers the creation of new users, user administration, and user licensing and entitlement. This course is the first in a series supporting the IBM Certified Administrator - Maximo Manage v8.</p>This course provides introduction to functional administration and user management tasks in the Maximo Application Suite: Manage application.
<p>This course requires you register for an IBMid to access.</p></div>",[]
https://skills.yourlearning.ibm.com/activity/ISG-SLA3155,data,eLearning,zSecure Admin - How to Implement Pervasive Dataset Encryption,30 mins,1 learner has completed this activity in the past 12 months.,,,"<h2 class=""FullPageDescription_title__WsNdH""><span dir=""ltr"" lang=""en"" translate=""yes"">About this learning activity</span></h2><div dir=""ltr"" lang=""en"" translate=""yes""><p>In this video, you will be walked through the following steps in order to implement pervasive dataset encryption:Create symmetric data keyDefine symmetric data key in RACFGrant user access to data keyDefine dataset encryption policy in RACFDuration: 11 minutes</p>In this video, you will be walked through the following steps in order to implement pervasive dataset encryption:Create symmetric data keyDefine symmetric data key in RACFGrant user acc
<p>This course requires you register for an IBMid to access.</p></div>",[]
https://skills.yourlearning.ibm.com/activity/URL-ACA7B29E0D39,data,eLearning,Learn AI skills with tennis | IBM Guidebook,30 mins,827 learners have completed this activity in the past 12 months.,Average rating of 4.5 stars by 36 learners in the past 12 months.,36,"<h2 class=""FullPageDescription_title__WsNdH""><span dir=""ltr"" lang=""en"" translate=""yes"">About this learning activity</span></h2><div dir=""ltr"" lang=""en"" translate=""yes""><p>For two weeks every summer, more than 15 million fans around the world use the US Open app. The app captures more than 7 million data points from more than 250 matches, transforming massive volumes of tennis data into meaningful insights.</p>
<p> </p>
<p>All of that data makes tennis an excellent launch point for learning about AI—what it is and how it’s being used in the real world. Here are the key points this guidebook touches on to help you start your own AI learning journey:</p>
<p> </p>
<ul>
<li>A basic knowledge of what AI is and how it’s being used in the real world</li>
<li>How data is used to train AI</li>
<li>The different kinds of AI and how they serve different functions</li>
</ul>
<p> </p>
<p>Click “go to activity” to get started!</p></div>",[]
https://skills.yourlearning.ibm.com/activity/ISG-SLA3317,data,eLearning,PCI compliance quickstart with IBM Guardium,30 mins,2 learners have completed this activity in the past 12 months.,,,"<h2 class=""FullPageDescription_title__WsNdH""><span dir=""ltr"" lang=""en"" translate=""yes"">About this learning activity</span></h2><div dir=""ltr"" lang=""en"" translate=""yes"">In this video series, you become familiar with Guardium features that pertain to the PCI data security standard. You see a demonstration of how the features are configured. IBM Guardium provides tools for helping meet the requirements of the Payment Card Industry (PCI) data security standard.In this video series, you become familiar with Guardium features that pertain to the PCI data security standard. You see a demonstration of how the features are configured. IBM Guard
<p>This course requires you register for an IBMid to access.</p></div>",[]
https://skills.yourlearning.ibm.com/activity/ISG-SLA7036,data,eLearning,Creating an S-GATE terminate policy,18 mins,2 learners have completed this activity in the past 12 months.,,,"<h2 class=""FullPageDescription_title__WsNdH""><span dir=""ltr"" lang=""en"" translate=""yes"">About this learning activity</span></h2><div dir=""ltr"" lang=""en"" translate=""yes"">In this lab, you use logging and termination actions to protect data from unwanted exposure. S-GATE provides focused control over access to sensitive data or the ability to limit potential data leakage. This lab environment reflects Guardium 11.5 In this lab, you use logging and termination actions to protect data from unwanted exposure. S-GATE provides focused control over access to sensitive data or the ability to limit p
<p>This course requires you register for an IBMid to access.</p></div>",[]
https://skills.yourlearning.ibm.com/activity/ISG-SLA5009,data,eLearning,Populating Guardium group members with Active Directory users,6 mins,1 learner has completed this activity in the past 12 months.,,,"<h2 class=""FullPageDescription_title__WsNdH""><span dir=""ltr"" lang=""en"" translate=""yes"">About this learning activity</span></h2><div dir=""ltr"" lang=""en"" translate=""yes"">In this lab, you create a Guardium group and populate the members with Active Directory users. Active Directory provides central authentication and other services to Microsoft Windows networks. Guardium groups consolidate similar data and uses them in creating query, policy, and classification definitions. As a Guardium administrator, you can integrate both these functionalities to streamline the experience across products. Author: Franklin AlmonteIn this lab, you create a Guardium group and populate the members with Active Directory users. Active Directory provides central authentication and other services to Microsoft Windows 
<p>This course requires you register for an IBMid to access.</p></div>",[]
https://skills.yourlearning.ibm.com/activity/ISG-SLA7162,data,eLearning,Set up compliance monitoring - IBM Security Guardium,6 mins,3 learners have completed this activity in the past 12 months.,,,"<h2 class=""FullPageDescription_title__WsNdH""><span dir=""ltr"" lang=""en"" translate=""yes"">About this learning activity</span></h2><div dir=""ltr"" lang=""en"" translate=""yes"">In Guardium 11, the smart assistant for compliance monitoring helps you quickly configure monitoring for GDPR, PCI, SOX, and other security standards by automating policy installation and scheduling, populating policy groups, discovering sensitive data in your databases, and more.Duration: 5 minIn Guardium 11, the smart assistant for compliance monitoring helps you quickly configure monitoring for GDPR, PCI, SOX, and other security standards by automating policy installation a
<p>This course requires you register for an IBMid to access.</p></div>",[]
https://skills.yourlearning.ibm.com/activity/ISG-DL70233G,data,eLearning,IBM Cloud for VMware Solutions - Shared,1 hr,13 learners have completed this activity in the past 12 months.,,,"<h2 class=""FullPageDescription_title__WsNdH""><span dir=""ltr"" lang=""en"" translate=""yes"">About this learning activity</span></h2><div dir=""ltr"" lang=""en"" translate=""yes""><p>IBM Cloud for VMware Solutions Shared is ideal for organizations looking for standardized and customizable deployment of VMware virtual data center environments. It allows you to deploy or migrate workloads on IBM-hosted VMware infrastructure. This course will explore the various features and aspects while using VMware Solutions Shared.</p>IBM Cloud for VMware Solutions Shared is ideal for organizations looking for standardized and customizable deployment of VMware virtual data center environments. 
<p>This course requires you register for an IBMid to access.</p></div>","['Learning Domain', 'Technical Skills - Cloud']"
https://skills.yourlearning.ibm.com/activity/ISG-SLA3058,data,eLearning,zSecure CARLa Audit and Reporting Language Introduction Part 7,42 mins,5 learners have completed this activity in the past 12 months.,,,"<h2 class=""FullPageDescription_title__WsNdH""><span dir=""ltr"" lang=""en"" translate=""yes"">About this learning activity</span></h2><div dir=""ltr"" lang=""en"" translate=""yes""><p>This final section of the zSecure CARLa introduction course shows you how to generate reports that: Shows all data set profiles that start with a user ID and allow access through UACC or ID(*) Compares profiles from two RACF information sources Compares RACF databases by showing added or deleted user profiles only Compares CKFREEZE and RACF information sources</p>This final section of the zSecure CARLa introduction course shows you how to generate reports that: Shows all data set profiles that start with a user ID and allow access through U
<p>This course requires you register for an IBMid to access.</p></div>",[]
https://skills.yourlearning.ibm.com/activity/ISG-SLA7218,data,eLearning,Outlier Detection in Guardium Active Threat Analytics,48 mins,21 learners have completed this activity in the past 12 months.,,,"<h2 class=""FullPageDescription_title__WsNdH""><span dir=""ltr"" lang=""en"" translate=""yes"">About this learning activity</span></h2><div dir=""ltr"" lang=""en"" translate=""yes"">Learn details about the Outliers component of Active Threat Analytics in IBM Security¬Æ Guardium¬Æ Data Protection. Subject matter expert Miri Levy focuses her presentation and demonstration on types of outliers and why they happen, as well as on the detection of these anomalies.Learn details about the Outliers component of Active Threat Analytics in IBM Security¬Æ Guardium¬Æ Data Protection. Subject matter expert Miri Levy focuses her presentation and dem
<p>This course requires you register for an IBMid to access.</p></div>",[]
https://skills.yourlearning.ibm.com/activity/ISG-SLA3137,data,eLearning,Creating reports in QRadar SIEM,30 mins,12 learners have completed this activity in the past 12 months.,,,"<h2 class=""FullPageDescription_title__WsNdH""><span dir=""ltr"" lang=""en"" translate=""yes"">About this learning activity</span></h2><div dir=""ltr"" lang=""en"" translate=""yes""><p>Reports in IBM QRadar SIEM condense data to statistical views on your environment for various purposes, in particular to meet compliance requirements. In this lab, you run an a report from an existing template, then create a new report based on a saved search, and finally create a new report from a new search.</p>Reports in IBM QRadar SIEM condense data to statistical views on your environment for various purposes, in particular to meet compliance requirements. In this lab, you run an a report from an existing
<p>This course requires you register for an IBMid to access.</p></div>",[]
https://skills.yourlearning.ibm.com/activity/ISG-SLA7044,data,eLearning,Configuring CAS in Guardium,30 mins,,,,"<h2 class=""FullPageDescription_title__WsNdH""><span dir=""ltr"" lang=""en"" translate=""yes"">About this learning activity</span></h2><div dir=""ltr"" lang=""en"" translate=""yes"">In this lab, you learn to use the Guardium Configuration Auditing System (CAS) to track changes to your server environment. Configuration auditing is important to data security. Configuration changes can indicate either a deliberate attempt to attack the database system or an accidental modification that leaves the system vulnerable. In this lab, you learn to use the Guardium Configuration Auditing System (CAS) to track changes to your server environment. Configuration auditing is important to data security. Config
<p>This course requires you register for an IBMid to access.</p></div>",[]
https://skills.yourlearning.ibm.com/activity/URL-B76A2CAC6C5A,data,eLearning,Analyzing Comparative Financial Statements,30 mins,100 learners have completed this activity in the past 12 months.,Average rating of 4.5 stars by 8 learners in the past 12 months.,8,"<h2 class=""FullPageDescription_title__WsNdH""><span dir=""ltr"" lang=""en"" translate=""yes"">About this learning activity</span></h2><div dir=""ltr"" lang=""en"" translate=""yes""><p>This chapter discusses several common methods of analyzing and relating the data in financial statements and, as a result, gaining a clear picture of the solvency and profitability of a company.<br/> </p><p>This content is presented by Lumen Learning.<br/><br/>After you complete this activity, return to this page to select <strong>Mark complete</strong> for completion credit.</p></div>","['Learning Domain', 'Workplace skills - Ways of working', 'Learning Domain Primary', 'Professional skills']"
https://skills.yourlearning.ibm.com/activity/ISG-DL37010G,data,eLearning,Introduction to IBM Spectrum Protect,2 hrs,16 learners have completed this activity in the past 12 months.,Average rating of 4 stars by 1 learner in the past 12 months.,1,"<h2 class=""FullPageDescription_title__WsNdH""><span dir=""ltr"" lang=""en"" translate=""yes"">About this learning activity</span></h2><div dir=""ltr"" lang=""en"" translate=""yes""><p>IBM Spectrum Protect provides a variety of features that help you control the way data is moved and protected through its life cycle. The various controls, including those specific to storage destinations and policy, are implemented to meet service level agreements for various data types and retention requirements. In this  course, you will learn how IBM Spectrum Protect uses policy to control data movement, retention, and expiration.This course addresses using policy management to customize data retention, such as storage location, how long to retain backup or archive data, and how many backup versions to keep. Also covered are tips for optimizing data storage, data movement, and expiration.</p>In this course, you will learn how IBM Spectrum Protect uses policy to control data movement, retention, and expiration.
<p>This course requires you register for an IBMid to access.</p></div>","['Learning Domain', 'Technical skills - Data', 'Lightcast Skills Taxonomy', 'Management Skill']"
https://skills.yourlearning.ibm.com/activity/ISG-SLATW300,data,eLearning,Verify Governance: User Introduction (v10.0),1 hr 30 mins,31 learners have completed this activity in the past 12 months.,,,"<h2 class=""FullPageDescription_title__WsNdH""><span dir=""ltr"" lang=""en"" translate=""yes"">About this learning activity</span></h2><div dir=""ltr"" lang=""en"" translate=""yes""><p>Do you want to learn how IBM Security® Verify Governance can streamline full provisioning and self-service requests to quickly manage employees? Do you have a need to improve regulatory compliance and identity analytics in your organization?</p>
<p> </p>
<p>In this course, you learn about Identity and Access Management (IAM) and why it is an essential part of the workplace and consumer space.</p>
<p> </p>
<p>Verify Governance provides a centralized solution to provision, audit and report on user access and activity through lifecycle, compliance and analytics capabilities, using a more efficient approach to risk modeling. Learn about the features and functions of Verify Governance and take a tour of the user interface. See how Verify Governance can help your organization succeed.</p>Increase what you know of Identity and Access Management. Take a first step in exploring the Verify Governance user interface. Implement an IAM solution to safeguard your data and boost productivity.
<p>This course requires you register for an IBMid to access.</p></div>",[]
https://skills.yourlearning.ibm.com/activity/ISG-SLA6025,data,eLearning,Using Guardium health tools,18 mins,15 learners have completed this activity in the past 12 months.,,,"<h2 class=""FullPageDescription_title__WsNdH""><span dir=""ltr"" lang=""en"" translate=""yes"">About this learning activity</span></h2><div dir=""ltr"" lang=""en"" translate=""yes"">In this lab, you explore various Guardium deployment health tools. You search for common issues, such as resource availability, a problem with K-TAP loading, changes in S-TAP agents and inspection engines, or with version control of GIM and S-TAP agents. IBM Security Guardium provides deployment health tools to help you visualize and gather information about problems that affect the central manager, collectors, aggregators, S-TAP and GIM agents, and inspection engines.  Different tools provide different views into the health of your Guardium deployment. Some tools, such as the Deployment Health topology view, show the data flow relationships between various components. Others, such as the Deployment Health table, provide insight into issues that affect numerous components across your deployment. Others, such as the Deployment Health dashboard provides charts that summarize data and allow you to drill down to explore issues in greater detail.In this lab, you explore various Guardium deployment health tools. You search for common issues, such as resource availability, a problem with K-TAP loading, changes in S-TAP agents and
<p>This course requires you register for an IBMid to access.</p></div>",[]
https://skills.yourlearning.ibm.com/activity/ISG-SLA441,data,eLearning,Cleaning Up Your RACF DB with Access Monitor and RACF-Offline Part 2. Live Demo,30 mins,2 learners have completed this activity in the past 12 months.,,,"<h2 class=""FullPageDescription_title__WsNdH""><span dir=""ltr"" lang=""en"" translate=""yes"">About this learning activity</span></h2><div dir=""ltr"" lang=""en"" translate=""yes""><p>This recorded live demonstration shows how to run a RACF database clean up of unused resource profiles and permissions against an offline RACF database based on the Access data set that the Access Monitor has produced. In the second part of this video, the viewers are shown how to run an access simulation to investigate whether the clean up potentially causes access violations or increased access when compared to the collected historic access decision.</p>This recorded live demonstration shows how to run a RACF database clean up of unused resource profiles and permissions against an offline RACF database based on the Access data set that
<p>This course requires you register for an IBMid to access.</p></div>",[]
https://skills.yourlearning.ibm.com/activity/ISG-DL25609G,data,eLearning,Investment Optimization for Maximo Application Suite - Manage,30 mins,3 learners have completed this activity in the past 12 months.,,,"<h2 class=""FullPageDescription_title__WsNdH""><span dir=""ltr"" lang=""en"" translate=""yes"">About this learning activity</span></h2><div dir=""ltr"" lang=""en"" translate=""yes""><p>In this course, you will learn about generating optimized asset investment plans to reach your operational and financial goals. You’ll see how to use health and criticality scores, Asset Costs and advanced predictive data like end of life probability.</p>
<p> </p>
<p>You’ll learn the different steps in the investment planning process such as creating investment optimization projects using replacement plan templates, comparing the results of different investment strategies created as part of these projects and selecting the one that works best for your organization.</p>In this course, you will learn about generating optimized asset investment plans to reach your operational and financial goals.
<p>This course requires you register for an IBMid to access.</p></div>","['Lightcast Skills Taxonomy', 'Planning Skill']"
https://skills.yourlearning.ibm.com/activity/SN-COURSE-V1:BIGDATAUNIVERSITY+BD0111EN+V1,data,eLearning,Hadoop 101,5 hrs,2901 learners have completed this activity in the past 12 months.,,,"<h2 class=""FullPageDescription_title__WsNdH""><span dir=""ltr"" lang=""en"" translate=""yes"">About this learning activity</span></h2><div dir=""ltr"" lang=""en"" translate=""yes"">This free Apache Hadoop course introduces you to Big Data concepts, and teaches you how to perform distributed processing of large data sets with Hadoop.<br/><br/><strong>Note on grading - please read:</strong><br/><br/>Review questions are worth 50% of the mark, and the final exam is worth 50%. The course passing grade is <strong>70%</strong>.<ul><li><strong>Review Questions:</strong><ul><li>Have no time limit. This should encourage participants to go back to material previously explained to find the correct answer.</li><li>Multiple choice questions have two chances while True/False questions only have one chance.</li><li>Review questions are marked <strong>per question</strong>. As soon as you answer a particular question, when the “Final check” button appears, it means you will have no more chances after clicking that button, and your answer will be immediately marked and cannot be changed (ever). You will be able to see your grade progress at any time using the “Progress” tab.</li></ul></li></ul><ul><li><strong>Final Exam:</strong><ul><li>Has a 1-hour time limit</li><li>Like Review Questions, as you click on “Final check” per question, you will be marked.</li></ul></li></ul></div>","['Badge Learning', 'Big Data Foundations', 'Learning Domain', 'Technical skills - Data', 'Learning Domain Primary', 'Data', 'Lightcast Skills Taxonomy', 'Apache Hadoop Skill']"
https://skills.yourlearning.ibm.com/activity/SN-COURSE-V1:BIGDATAUNIVERSITY+BD0211EN+V1,data,eLearning,Spark Fundamentals I,5 hrs,2113 learners have completed this activity in the past 12 months.,,,"<h2 class=""FullPageDescription_title__WsNdH""><span dir=""ltr"" lang=""en"" translate=""yes"">About this learning activity</span></h2><div dir=""ltr"" lang=""en"" translate=""yes"">Ignite your interest in Spark with an introduction to the core concepts that make this general processor an essential tool set for working with Big Data.<br/><br/><strong>Note on grading - please read:</strong><br/><br/>Review questions are worth 50% of the mark, and the final exam is worth 50%. The course passing grade is <strong>70%</strong>.<ul><li><strong>Review Questions:</strong><ul><li>Have no time limit. This should encourage participants to go back to material previously explained to find the correct answer.</li><li>Multiple choice questions have two chances while True/False questions only have one chance.</li><li>Review questions are marked <strong>per question</strong>. As soon as you answer a particular question, when the “Final check” button appears, it means you will have no more chances after clicking that button, and your answer will be immediately marked and cannot be changed (ever). You will be able to see your grade progress at any time using the “Progress” tab.</li></ul></li></ul><ul><li><strong>Final Exam:</strong><ul><li>Has a 1-hour time limit</li><li>Like Review Questions, as you click on “Final check” per question, you will be marked.</li></ul></li></ul></div>","['Badge Learning', 'Big Data Foundations', 'Learning Domain', 'Technical skills - Data', 'Lightcast Skills Taxonomy', 'Apache Spark Skill']"
https://skills.yourlearning.ibm.com/activity/ALM-COURSE_3822993,data,eLearning,Online Security,25 mins,1617 learners have completed this activity in the past 12 months.,Average rating of 4.5 stars by 55 learners in the past 12 months.,55,"<h2 class=""FullPageDescription_title__WsNdH""><span dir=""ltr"" lang=""en"" translate=""yes"">About this learning activity</span></h2><div dir=""ltr"" lang=""en-us"" translate=""yes""><p>In this module, you’ll learn about the importance of online security and ways to protect yourself and your data. You will also learn about common online security threats.</p><p> </p><p><strong>What you’ll learn</strong></p><p>After completing this course, you should be able to:</p><ul><li>Describe the importance of online security</li><li>Apply strategies to ensure your online security</li></ul><p> </p><p><strong>Lesson</strong></p><ul><li>Online security strategies</li></ul></div>","['Badge Learning', 'Digital Literacy', 'Learning Domain', 'Workplace skills - Workforce readiness']"
https://skills.yourlearning.ibm.com/activity/ISG-DL25646G,data,eLearning,Environmental Intelligence: History on Demand APIs,1 hr 30 mins,2 learners have completed this activity in the past 12 months.,,,"<h2 class=""FullPageDescription_title__WsNdH""><span dir=""ltr"" lang=""en"" translate=""yes"">About this learning activity</span></h2><div dir=""ltr"" lang=""en"" translate=""yes""><p>This course provides an introduction to IBM's Environmental Intelligence History on Demand APIs, industry use cases, and an installation &amp; configuration guide to assist new users to commence running queries using their Geographic Information System of choice. This course is primarily for  for the Application Developers and Data Scientists, who will also be exposed to a number of industry-specific tutorials that demonstrate the power of IBM's History on Demand API offerings.</p>This course provides an introduction to IBM's Environmental Intelligence History on Demand APIs, industry use cases, and an installation and configuration guide.
<p>This course requires you register for an IBMid to access.</p></div>",[]
https://skills.yourlearning.ibm.com/activity/URL-2D0190CD0A54,data,eLearning,Why use Angular?,3 hrs 30 mins,108 learners have completed this activity in the past 12 months.,Average rating of 4.5 stars by 3 learners in the past 12 months.,3,"<h2 class=""FullPageDescription_title__WsNdH""><span dir=""ltr"" lang=""en"" translate=""yes"">About this learning activity</span></h2><div dir=""ltr"" lang=""en"" translate=""yes""><p>Angular was designed by Google to address challenges programmers face building complex, single-page applications. This JavaScript platform provides a solid core of web functionality, letting you take care of the design and implementation details. In this course,  you will learn about the essentials of this ""superheroic"" platform, including powerful features such as two-way data binding, comprehensive routing, and dependency injection. You will step through the platform one feature at a time, focusing on the component-based architecture of Angular. Learn what Angular is and what it can do, as you will build a full-featured web app from start to finish.</p></div>","['Lightcast Skills Taxonomy', 'JavaScript (Programming Language) Skill', 'Angular (Web Framework) Skill']"
https://skills.yourlearning.ibm.com/activity/MDL-414,data,eLearning,How is AI enhancing professional basketball?,15 mins,77 learners have completed this activity in the past 12 months.,Average rating of 3 stars by 3 learners in the past 12 months.,3,"<h2 class=""FullPageDescription_title__WsNdH""><span dir=""ltr"" lang=""en"" translate=""yes"">About this learning activity</span></h2><div dir=""ltr"" lang=""en"" translate=""yes""><p>This microlearning looks at how AI technology is changing professional basketball, from how players perform to how fans experience the game. Using AI-powered tools, coaches and players can analyze data to make smarter decisions that improve team strategy and performance. At the same time, AI-driven apps give fans real-time stats and personalized highlights, making the game more exciting and interactive. As teams use these new strategies and fans get a more engaging experience, AI is helping to shape the future of basketball.</p></div>","['Initiatives', 'AI2026']"
https://skills.yourlearning.ibm.com/activity/ISG-DL007241G,data,eLearning,z/TPF Task Management,7 hrs,14 learners have completed this activity in the past 12 months.,Average rating of 4 stars by 1 learner in the past 12 months.,1,"<h2 class=""FullPageDescription_title__WsNdH""><span dir=""ltr"" lang=""en"" translate=""yes"">About this learning activity</span></h2><div dir=""ltr"" lang=""en"" translate=""yes""><p>The course contains 6 units: </p>
<p><strong>Unit 1: A single ECB running on one I-stream </strong>This unit describes how the z/TPF system manages a single ECB running on a system with one I-stream.  </p>
<p><strong>Unit 2: A single ECB running on one I-stream with VFA </strong>Virtual file access (VFA) is a memory cache that the z/TPF system uses to cache database records in local memory. By keeping copies of records in VFA, ECBs can access database records from local memory much faster than reading the records from DASD. This unit describes how the z/TPF system manages a single ECB that runs on a system with one I-stream with VFA.  </p>
<p><strong>Unit 3: Multiple ECBs running on one I-stream </strong>This unit describes how the z/TPF system manages multiple ECBs that run on a system with one I-stream.  </p>
<p><strong>Unit 4: Record locking and serialization </strong>This unit describes how the z/TPF system manages record locking and serialization. Record locking is a key part of z/TPF application architecture, which allows multiple ECBs to make consistent updates to the z/TPF database without data loss or corruption.  </p>
<p><strong>Unit 5: Multiple ECBs running on multiple I-streams </strong>This unit describes how the z/TPF system manages multiple ECBs running on multiple I-streams.  </p>
<p><strong>Unit 6: CPU-intensive and long-running ECBs </strong>This unit describes how the z/TPF system manages CPU-intensive and long-running ECBs. </p>This intermediate-level course is provided for system programmers and application programmers to learn how the z/TPF system processes and manages transactional work.
<p>This course requires you register for an IBMid to access.</p></div>",[]
https://skills.yourlearning.ibm.com/activity/URL-35180AEB2E22,data,eLearning,Google Analytics for Beginners | Google Analytics Academy,4 hrs,4203 learners have completed this activity in the past 12 months.,Average rating of 4.5 stars by 120 learners in the past 12 months.,120,"<h2 class=""FullPageDescription_title__WsNdH""><span dir=""ltr"" lang=""en"" translate=""yes"">About this learning activity</span></h2><div dir=""ltr"" lang=""en"" translate=""yes"">Google Analytics for Beginners shows new users how to create an account, implement tracking code, and set up data filters. You'll learn how to navigate the Google Analytics interface and reports, and set up dashboards and shortcuts. The course will also demonstrate how to analyze basic Audience, Acquisition, and Behavior reports, and set up goals and campaign tracking.<br/><br/>This course is offered by Google Analytics Academy. You will need to register to Google Analytics Academy.<br/><br/>The course is available in Chinese (Simplified and Traditional), Czech, Dutch, English, French, German, Indonesian, Italian, Japanese, Korean, Polish, Portuguese, Russian, Spanish, Turkish, and Vietnamese. You can use the language selector in the bottom right corner of the course page to switch languages.<br/><br/>After you complete this course, return to this page to select <strong>Mark complete</strong> for completion credit.<br/> </div>","['Learning Domain', 'Technical skills - Data', 'Learning Domain Primary', 'Data', 'Lightcast Skills Taxonomy', 'Dashboard Skill']"
https://skills.yourlearning.ibm.com/channel/CNL_REC_TOPIC-DATA_AND_ANALYTICS,data,Channel,Essential skills: Data and analytics recommendations,,,,2,"<div dir=""ltr"" lang=""en"" translate=""yes""><p>These recommendations are generated with Watson for the Essential skills: Data and analytics interest area. People with a similar learning history or demographic profile tended to take these activities from this interest area.</p></div>",[]
https://skills.yourlearning.ibm.com/channel/CNL_LCB_1567178224443,data,Channel,Data and Analytics,,,,"1,021","<div dir=""ltr"" lang=""en"" translate=""yes"">What is big data and how can analyzing data help transform businesses? Making sense of large, diverse data sets allows businesses to make better decisions, with increased speed and confidence. Complete these activities to gain an appreciation of the business benefits of collecting and analyzing data.
<br/>
<br/>
You have the option to complete the <strong>Data Fundamentals</strong> courses to earn an IBM-recognized digital credential!</div>","['Areas of Interest', 'Essential skills > Data and analytics', 'Learning Domain', 'Technical skills - Data']"
https://skills.yourlearning.ibm.com/channel/CNL_REC_TOPIC-DATA_ANALYST,data,Channel,Job roles: Data analyst recommendations,,,,52,"<div dir=""ltr"" lang=""en"" translate=""yes""><p>These recommendations are generated with Watson for the Job roles: Data analyst interest area. People with a similar learning history or demographic profile tended to take these activities from this interest area.</p></div>",[]
https://skills.yourlearning.ibm.com/channel/CNL_LCB_1592251313526,data,Channel,Core Skills: Data Analyst,,,,"1,021","<div dir=""ltr"" lang=""en"" translate=""yes""><p>Data analysts are critical thinkers who use their abilities to obtain insight from data to resolve technical real-life problems. Core skills for data analysts include using prescribed analytical techniques and tools to collect, clean, manage, and analyze data; identifying insights to solve business problems; and visualizing data to successfully communicate results in a clear way to stakeholders. Data analysts have prerequisite knowledge in basic mathematics and statistics as well as business acumen.</p></div>","['Learning Domain', 'Technical skills - Data']"
https://skills.yourlearning.ibm.com/channel/CNL_LCB_1590074340900,data,Channel,PURPL UNICORN - Vendor Management & Compliance Risk,,,,,"<div dir=""ltr"" lang=""en"" translate=""yes""><p>This is an introduction course to Data compliance Issues and impacts of GDPR. You will learn how set up strategies.</p></div>",[]
https://skills.yourlearning.ibm.com/channel/CNL_LCB_1723733132881,data,Channel,Tennis and AI,,,,69,"<div dir=""ltr"" lang=""en"" translate=""yes""><p>Created for both tennis fans and those interested in delving into tech, this channel dives into the world of AI through the lens of tennis.</p>
<p> </p>
<p>You can start with the interactive micro learning that showcases how cutting-edge tech is transforming the game of tennis. Think electronic line calling, real-time player analytics, and enhanced highlights. </p>
<p> </p>
<p>Then when you're ready for a more comprehensive exploration, you can check out the guidebook<strong>.</strong> This beginner-friendly resource breaks down AI concepts like data modeling, different AI types, including large language models (LLMs) like IBM Granite, and AI ethics, all while tying these topics back to the sport. Imagine learning how to convert raw match data into AI-ready formats or crafting effective prompts that make AI work as seamlessly as a well-executed serve. It’s a crafty way to understand AI while enjoying the thrill of tennis.</p></div>",[]
https://skills.yourlearning.ibm.com/channel/CNL_LCB_1607683640869,data,Channel,Google Analytics | Google Analytics Academy,,,,95,"<div dir=""ltr"" lang=""en"" translate=""yes"">Google Analytics is a web analytics service offered by Google that tracks and reports website traffic. It gives you the free tools you need to analyze data for your business in one place, so you can make smarter decisions. 
<br/>
 Check out these video-based courses offered by the Google Analytics Academy. 
<br/>
 Courses are available in several languages (see course description). 
<br/>
  </div>","['Learning Domain', 'Technical skills - Data']"
https://skills.yourlearning.ibm.com/channel/CNL_LCB_1567779190178,data,Channel,Digital Literacy,,,,699,"<div dir=""ltr"" lang=""en"" translate=""yes""><p>The ability to interpret, create, and strategically use digital information, and to communicate and share it, are highly valued skills in today’s work environments. Be information savvy when creating and consuming content, and apply a critical lens to digital content. These learning activities will help you develop skills and strategies to create and consume digital information, maintain information and data security online, and use social media platforms in a professional manner.</p></div>","['Areas of Interest', 'Professional skills > Digital literacy']"
https://skills.yourlearning.ibm.com/channel/CNL_LCB_1567184468548,data,Channel,Internet of Things (IoT),,,,447,"<div dir=""ltr"" lang=""en"" translate=""yes""><p>The Internet of Things, or IoT, is a massive network of physical objects and devices that collect and exchange data. IoT allows millions of sensors to deliver volumes of data that transform businesses. Learn about how the Internet of Things is a part of specialized and integrated solutions that can solve industry and business challenges.</p></div>","['Areas of Interest', 'Essential skills > Internet of Things (IoT)']"
