course_url,category,type,title,duration,learners_amount,star_rating,star_num_ratings,description,tags
https://skills.yourlearning.ibm.com/activity/URL-2F73FCC7ACF0,ways_of_working,eLearning,Fostering collaboration,10 mins,1005 learners have completed this activity in the past 12 months.,Average rating of 4.5 stars by 39 learners in the past 12 months.,39,"<h2 class=""FullPageDescription_title__WsNdH""><span dir=""ltr"" lang=""en"" translate=""yes"">About this learning activity</span></h2><div dir=""ltr"" lang=""en"" translate=""yes"">In this toolkit, learn about collaboration skills and why they're important in the workplace. Take some action steps to improve your collaboration skills today! 
<br/>
 </div>","['Content Provider', 'IBM', 'Learning Domain', 'Workplace skills - Ways of working', 'Learning Domain Primary', 'Professional skills', 'Popular Subjects', 'Collaboration']"
https://skills.yourlearning.ibm.com/activity/URL-E73F2B2A6004,ways_of_working,eLearning,Learning to lead,10 mins,584 learners have completed this activity in the past 12 months.,Average rating of 4.5 stars by 26 learners in the past 12 months.,26,"<h2 class=""FullPageDescription_title__WsNdH""><span dir=""ltr"" lang=""en"" translate=""yes"">About this learning activity</span></h2><div dir=""ltr"" lang=""en"" translate=""yes""><p>In this toolkit, learn about leadership skills and why they're important in the workplace.</p></div>","['Content Provider', 'IBM', 'Learning Domain', 'Workplace skills - Ways of working', 'Learning Domain Primary', 'Professional skills', 'Popular Subjects', 'Leadership', 'Lightcast Skills Taxonomy', 'Leadership Skill']"
https://skills.yourlearning.ibm.com/activity/URL-D13EDA8086A8,ways_of_working,Webpage,Top 6 Attributes of a Leader for the Digital Era,30 mins,182 learners have completed this activity in the past 12 months.,Average rating of 4 stars by 7 learners in the past 12 months.,7,"<h2 class=""FullPageDescription_title__WsNdH""><span dir=""ltr"" lang=""en"" translate=""yes"">About this learning activity</span></h2><div dir=""ltr"" lang=""en"" translate=""yes""><p>Learn what great leadership looks like in the digital age.</p></div>","['Learning Domain', 'Workplace skills - Ways of working', 'Learning Domain Primary', 'Professional skills', 'Popular Subjects', 'Leadership', 'Lightcast Skills Taxonomy', 'Leadership Skill']"
https://skills.yourlearning.ibm.com/activity/PLAN-97AD34FF919F,ways_of_working,Learning Plan,Fundamentos del mundo digital,Hours,14 learners have completed this activity in the past 12 months.,Average rating of 4.5 stars by 11 learners in the past 12 months.,11,"<div dir=""ltr"" lang=""es"" translate=""yes""><p>En este plan de formación ahondaremos en los fundamentos básicos del mundo digital, aclarando conceptos fundamentales relacionados con las TICs, búsqueda de empleo, creación de marca personal así como los princincipios básicos del design thinking.</p></div>","['Learning Domain', 'Workplace skills - Ways of working']"
https://skills.yourlearning.ibm.com/activity/URL-14FB67BD6BCC,ways_of_working,Book/Article,4 collaboration skills that bring teams together | Slack,4 mins,928 learners have completed this activity in the past 12 months.,Average rating of 4.5 stars by 45 learners in the past 12 months.,45,"<h2 class=""FullPageDescription_title__WsNdH""><span dir=""ltr"" lang=""en"" translate=""yes"">About this learning activity</span></h2><div dir=""ltr"" lang=""en"" translate=""yes""><p>Learn about tactics to create workplace collaboration skills that foster connection.<br/><br/>
 This article is presented by Slack. It is available in English.<br/><br/>
 After you complete this activity, return to this page to select <strong>Mark complete </strong>for completion credit.</p></div>","['Learning Domain', 'Workplace skills - Ways of working', 'Learning Domain Primary', 'Professional skills']"
https://skills.yourlearning.ibm.com/activity/URL-FDIPZBS4T6Q,ways_of_working,Video,Wie man ein starkes Profil erstellt | LinkedIn,2 mins,374 learners have completed this activity in the past 12 months.,Average rating of 4.5 stars by 8 learners in the past 12 months.,8,"<h2 class=""FullPageDescription_title__WsNdH""><span dir=""ltr"" lang=""en"" translate=""yes"">About this learning activity</span></h2><div dir=""ltr"" lang=""de"" translate=""yes""><p>Ein LinkedIn-Mitarbeiter erklärt, wie man am meisten aus einem Profil herausholen kann.<br/><br/>
 Nachdem Sie diese Aktivität abgeschlossen haben, kehren Sie zu dieser Seite zurück, um sie mit der Option <strong>Als abgeschlossen markieren</strong> (Mark complete).</p></div>","['Learning Domain', 'Workplace skills - Ways of working', 'Learning Domain Primary', 'Professional skills']"
https://skills.yourlearning.ibm.com/activity/URL-645446166E29,ways_of_working,Book/Article,Design Thinking: Eine kurze Einführung | Innovators Guide Schweiz,1 hr,940 learners have completed this activity in the past 12 months.,Average rating of 4 stars by 62 learners in the past 12 months.,62,"<h2 class=""FullPageDescription_title__WsNdH""><span dir=""ltr"" lang=""en"" translate=""yes"">About this learning activity</span></h2><div dir=""ltr"" lang=""de"" translate=""yes""><p>Die Innovationsmethode stellt die NutzerInnen in den Mittelpunkt.<br/><br/>
 Nachdem Sie diese Aktivität abgeschlossen haben, kehren Sie zu dieser Seite zurück, um sie mit der Option <strong>Als abgeschlossen markieren</strong> (Mark complete).</p></div>","['Learning Domain', 'Workplace skills - Ways of working', 'Learning Domain Primary', 'Professional skills', 'Popular Subjects', 'Design thinking']"
https://skills.yourlearning.ibm.com/activity/URL-4E0D9B599A7A,ways_of_working,Book/Article,Design for Delight: Essential design thinking resources to support creative problem solving | IBM Developer,10 mins,183 learners have completed this activity in the past 12 months.,Average rating of 4.5 stars by 12 learners in the past 12 months.,12,"<h2 class=""FullPageDescription_title__WsNdH""><span dir=""ltr"" lang=""en"" translate=""yes"">About this learning activity</span></h2><div dir=""ltr"" lang=""en"" translate=""yes"">Intuit's design thinking framework is called Design for Delight, or D4D. This methodology might help Call for Code developers create durable, transformative solutions.
<br/>
<br/>
After you complete this activity, return to this page to select <strong>Mark complete</strong> for completion credit.</div>","['Learning Domain', 'Workplace skills - Ways of working']"
https://skills.yourlearning.ibm.com/activity/URL-L0VH1TJWPH0,ways_of_working,Video,10 Tipps für deine Video-Bewerbung | Lehrlings - TV,3 mins,676 learners have completed this activity in the past 12 months.,Average rating of 4 stars by 11 learners in the past 12 months.,11,"<h2 class=""FullPageDescription_title__WsNdH""><span dir=""ltr"" lang=""en"" translate=""yes"">About this learning activity</span></h2><div dir=""ltr"" lang=""de"" translate=""yes""><p>Wie sich dein Bewerbungsvideo von anderen Videos unterscheiden sollte.<br/><br/>
 Nachdem Sie diese Aktivität abgeschlossen haben, kehren Sie zu dieser Seite zurück, um sie mit der Option <strong>Als abgeschlossen markieren</strong> (Mark complete).</p></div>","['Learning Domain', 'Workplace skills - Ways of working', 'Learning Domain Primary', 'Professional skills']"
https://skills.yourlearning.ibm.com/activity/URL-FFF6E9C2B4FB,ways_of_working,Webpage,IBM Diversity and Inclusion| IBM,20 mins,297 learners have completed this activity in the past 12 months.,Average rating of 5 stars by 13 learners in the past 12 months.,13,"<h2 class=""FullPageDescription_title__WsNdH""><span dir=""ltr"" lang=""en"" translate=""yes"">About this learning activity</span></h2><div dir=""ltr"" lang=""en"" translate=""yes""><p>This site provides insight to IBM's culture of inclusion and belonging. IBM leads with their values and beliefs to ensure that every IBM employee can bring their full selves to work.<br/><br/>
 After you complete this activity, return to this page to select <strong>Mark complete</strong> for completion credit.</p></div>","['Learning Domain', 'Workplace skills - Ways of working', 'Learning Domain Primary', 'Professional skills']"
https://skills.yourlearning.ibm.com/activity/URL-AHAZQMRZ04M,ways_of_working,Video,Video-Bewerbungsgespräch via Skype | Volkswagen Group Services GmbH,2 mins,662 learners have completed this activity in the past 12 months.,Average rating of 3.5 stars by 10 learners in the past 12 months.,10,"<h2 class=""FullPageDescription_title__WsNdH""><span dir=""ltr"" lang=""en"" translate=""yes"">About this learning activity</span></h2><div dir=""ltr"" lang=""de"" translate=""yes""><p>Diese Regeln gelten bei einem virtuellen Bewerbungsgespräch.<br/><br/>
 Nachdem Sie diese Aktivität abgeschlossen haben, kehren Sie zu dieser Seite zurück, um sie mit der Option <strong>Als abgeschlossen markieren</strong> (Mark complete).</p></div>","['Learning Domain', 'Workplace skills - Ways of working', 'Learning Domain Primary', 'Professional skills']"
https://skills.yourlearning.ibm.com/activity/URL-A670ECBB2D06,ways_of_working,Book/Article,5 Ways to Develop Your Workplace Collaboration Skills | The Robert Half Blog,8 mins,631 learners have completed this activity in the past 12 months.,Average rating of 4 stars by 49 learners in the past 12 months.,49,"<h2 class=""FullPageDescription_title__WsNdH""><span dir=""ltr"" lang=""en"" translate=""yes"">About this learning activity</span></h2><div dir=""ltr"" lang=""en"" translate=""yes""><p>Workplace collaboration is multifaceted and includes a range of abilities, such as clear communication, problem solving, empathy and accountability. Collaboration is an important soft skill for any creative professional. Learn about five tips that can help you develop your workplace collaboration skills.<br/><br/>
 This blog is presented by Robert Half. It is available in English.<br/><br/>
 After you complete this activity, return to this page to select <strong>Mark complete </strong>for completion credit.</p></div>","['Learning Domain', 'Workplace skills - Ways of working', 'Learning Domain Primary', 'Professional skills', 'Lightcast Skills Taxonomy', 'Problem Solving Skill', 'Communications Skill']"
https://skills.yourlearning.ibm.com/activity/URL-A32D79B3C83F,ways_of_working,Video,"Buscar formación itinerarios, canales y actividades",5 mins,38 learners have completed this activity in the past 12 months.,Average rating of 2 stars by 4 learners in the past 12 months.,4,"<h2 class=""FullPageDescription_title__WsNdH""><span dir=""ltr"" lang=""en"" translate=""yes"">About this learning activity</span></h2><div dir=""ltr"" lang=""es"" translate=""yes""><p>Si eres nuevo en skills build, es posible que te sientas en algunos momentos abrumado por la cantidad de actividades formativas que puedes encontrar en la plataforma. En este video, te damos algunos tips de cómo encontrar itinerarios, caneles y actividades formativas</p></div>","['Learning Domain', 'Workplace skills - Ways of working']"
https://skills.yourlearning.ibm.com/activity/URL-SCMHO9RAEEQ,ways_of_working,Video,Quality Education for the World We Want | Global Education First Initiative (GEFI),2 mins,747 learners have completed this activity in the past 12 months.,Average rating of 4.5 stars by 15 learners in the past 12 months.,15,"<h2 class=""FullPageDescription_title__WsNdH""><span dir=""ltr"" lang=""en"" translate=""yes"">About this learning activity</span></h2><div dir=""ltr"" lang=""en"" translate=""yes"">It is vital that every child goes to school, however access alone is not enough. We need to ensure that once children are in school, they also learn. This is why, one of the priorities for the UN Secretary General’s Global Education First Initiative (GEFI) is to improve the quality of learning.
<br/>
<br/>
GEFI is proud to share this video about the importance of quality education, for the world we want.
<br/>
<br/>
After you complete this activity, return to this page to select <strong>Mark complete</strong> for completion credit.</div>","['Learning Domain', 'Workplace skills - Ways of working', 'Learning Domain Primary', 'Professional skills']"
https://skills.yourlearning.ibm.com/activity/URL-D5393D332D19,ways_of_working,Webpage,5 Ways to Create Great Content To Grow Your Personal Brand | IBM Careers Blog,2 mins,654 learners have completed this activity in the past 12 months.,Average rating of 4.5 stars by 25 learners in the past 12 months.,25,"<h2 class=""FullPageDescription_title__WsNdH""><span dir=""ltr"" lang=""en"" translate=""yes"">About this learning activity</span></h2><div dir=""ltr"" lang=""en"" translate=""yes"">Social media can be overwhelming – what to post, how often to post, and how to stay relevant in a field of influencers. Here are five tips for creating great content to grow your online brand. 
<br/>
<br/>
 This blog is presented by IBM Careers Blog and authored by Bridget King. 
<br/>
<br/>
 After you complete this activity, return to this page to select <strong>Mark complete</strong> for completion credit. 
<br/>
<br/><strong>Note</strong>: This activity is available only in English.</div>","['Learning Domain', 'Workplace skills - Ways of working', 'Learning Domain Primary', 'Professional skills']"
https://skills.yourlearning.ibm.com/activity/URL-530E4F1A1636,ways_of_working,Webpage,Important Interpersonal Skills That Employers Value | The Balance Careers,10 mins,1544 learners have completed this activity in the past 12 months.,Average rating of 4 stars by 43 learners in the past 12 months.,43,"<h2 class=""FullPageDescription_title__WsNdH""><span dir=""ltr"" lang=""en"" translate=""yes"">About this learning activity</span></h2><div dir=""ltr"" lang=""en"" translate=""yes""><p>What are interpersonal skills, and why are they important in the workplace? Interpersonal skills, also known as people skills, soft skills, or emotional intelligence, are related to the way you communicate and interact with others. Read this article to learn about interpersonal skills that are valued in teh workplace.<br/><br/>
 This article is presented by The Balance Careers.<br/><br/>
 After you complete this activity, return to this page to select <strong>Mark complete</strong> for completion credit.<br/><br/><strong>Note</strong>: This activity is available only in English.</p></div>","['Learning Domain', 'Workplace skills - Ways of working', 'Learning Domain Primary', 'Professional skills', 'Lightcast Skills Taxonomy', 'Interpersonal Communications Skill']"
https://skills.yourlearning.ibm.com/activity/URL-8888CF03FAAE,ways_of_working,eLearning,Professionelle Bewerbungsunterlagen erstellen | LinkedIn Learning,1 hr 20 mins,1010 learners have completed this activity in the past 12 months.,Average rating of 4 stars by 13 learners in the past 12 months.,13,"<h2 class=""FullPageDescription_title__WsNdH""><span dir=""ltr"" lang=""en"" translate=""yes"">About this learning activity</span></h2><div dir=""ltr"" lang=""de"" translate=""yes""><p>Ihre Bewerbungsunterlagen entscheiden darüber, ob Sie zum Vorstellungsgespräch eingeladen werden oder nicht.<br/><br/>
 Nachdem Sie diese Aktivität abgeschlossen haben, kehren Sie zu dieser Seite zurück, um sie mit der Option <strong>Als abgeschlossen markieren</strong> (Mark complete).</p></div>","['Learning Domain', 'Workplace skills - Ways of working', 'Learning Domain Primary', 'Professional skills']"
https://skills.yourlearning.ibm.com/activity/URL-PXTN4Y3O35M,ways_of_working,Video,How It Works: Design Thinking | IBM Think Academy,5 mins 52 s,16738 learners have completed this activity in the past 12 months.,Average rating of 4.5 stars by 564 learners in the past 12 months.,564,"<h2 class=""FullPageDescription_title__WsNdH""><span dir=""ltr"" lang=""en"" translate=""yes"">About this learning activity</span></h2><div dir=""ltr"" lang=""en"" translate=""yes"">Trying to solve a problem or find better ways of getting work done? Get familiar with IBM Design Thinking and Agile.
<br/>
<br/>
This video is presented by IBM Think Academy.
<br/>
<br/>
After you complete this activity, return to this page to select <strong>Mark complete</strong> for completion credit.</div>","['Learning Domain', 'Workplace skills - Ways of working', 'Learning Domain Primary', 'Professional skills', 'Lightcast Skills Taxonomy', 'Agile Methodology Skill']"
https://skills.yourlearning.ibm.com/activity/URL-JU9AOC2MLYO,ways_of_working,Video,Being a Good Digital Citizen | GCFLearnFree.org,2 mins 40 s,1112 learners have completed this activity in the past 12 months.,Average rating of 4 stars by 51 learners in the past 12 months.,51,"<h2 class=""FullPageDescription_title__WsNdH""><span dir=""ltr"" lang=""en"" translate=""yes"">About this learning activity</span></h2><div dir=""ltr"" lang=""en"" translate=""yes""><p>Learn about what you can do to be a good digital citizen.<br/><br/>
 This video is presented by GCFLearnFree.org.<br/><br/>
 After you complete this activity, return to this page to select <strong>Mark complete</strong> for completion credit.<br/><br/><strong>Note</strong>: On the video toolbar, go to <strong>Settings</strong>, select <strong>Subtitles</strong>, select <strong>English</strong>, and then select <strong>Auto-Translate </strong>to enable subtitles in a language of your choice from the drop-down.</p></div>","['Learning Domain', 'Workplace skills - Ways of working', 'Learning Domain Primary', 'Professional skills']"
https://skills.yourlearning.ibm.com/activity/URL-2DA418E63872,ways_of_working,Webpage,Communicating With Impact: Ten Elements Of Effective Messaging | Forbes,5 mins,8020 learners have completed this activity in the past 12 months.,Average rating of 4 stars by 293 learners in the past 12 months.,293,"<h2 class=""FullPageDescription_title__WsNdH""><span dir=""ltr"" lang=""en"" translate=""yes"">About this learning activity</span></h2><div dir=""ltr"" lang=""en"" translate=""yes"">The most effective stories communicate through a powerful combination of visual, verbal, literal, and visceral content that articulates a focused and compelling multi-sensory message. How one appears conveys just as much as what one says. Here are ten fundamental dos and don’ts that will empower you to communicate with impact.
<br/>
<br/>
This article is presented by Forbes.
<br/>
<br/>
After you complete this activity, return to this page to select <strong>Mark complete</strong> for completion credit.
<br/>
 </div>","['Learning Domain', 'Workplace skills - Ways of working', 'Learning Domain Primary', 'Professional skills', 'Lightcast Skills Taxonomy', 'Communications Skill']"
https://skills.yourlearning.ibm.com/activity/URL--EEBUQWY-NE,ways_of_working,Video,What is Critical Thinking? | GCFLearnFree.org,2 mins 35 s,2054 learners have completed this activity in the past 12 months.,Average rating of 4.5 stars by 42 learners in the past 12 months.,42,"<h2 class=""FullPageDescription_title__WsNdH""><span dir=""ltr"" lang=""en"" translate=""yes"">About this learning activity</span></h2><div dir=""ltr"" lang=""en"" translate=""yes""><p>Learn about some strategies to improve your critical thinking skills.<br/><br/>
 This video is presented by GCFLearnFree.org.<br/><br/>
 After you complete this activity, return to this page to select <strong>Mark complete</strong> for completion credit.<br/><br/><strong>Note</strong>: On the video toolbar, go to <strong>Settings</strong>, select <strong>Subtitles</strong>, select <strong>English</strong>, and then select <strong>Auto-Translate </strong>to enable subtitles in a language of your choice from the drop-down.</p></div>","['Learning Domain', 'Workplace skills - Ways of working', 'Learning Domain Primary', 'Professional skills']"
https://skills.yourlearning.ibm.com/activity/URL-29F850ADC57C,ways_of_working,Video,Problem Solving | Khan Academy,6 mins,6139 learners have completed this activity in the past 12 months.,Average rating of 4.5 stars by 200 learners in the past 12 months.,200,"<h2 class=""FullPageDescription_title__WsNdH""><span dir=""ltr"" lang=""en"" translate=""yes"">About this learning activity</span></h2><div dir=""ltr"" lang=""en"" translate=""yes""><p>This video discusses different types of problems and common approaches to solving them.<br/><br/>
 This article is presented by the Khan Academy.<br/><br/>
 After you complete this activity, return to this page to select <strong>Mark complete</strong> for completion credit.<br/><br/><strong>Note</strong>: This activity is available only in English.</p></div>","['Learning Domain', 'Workplace skills - Ways of working', 'Learning Domain Primary', 'Professional skills', 'Lightcast Skills Taxonomy', 'Problem Solving Skill']"
https://skills.yourlearning.ibm.com/activity/URL-B78F25843DC3,ways_of_working,Webpage,What is Digital Marketing?,10 mins,1963 learners have completed this activity in the past 12 months.,Average rating of 4 stars by 233 learners in the past 12 months.,233,"<h2 class=""FullPageDescription_title__WsNdH""><span dir=""ltr"" lang=""en"" translate=""yes"">About this learning activity</span></h2><div dir=""ltr"" lang=""en"" translate=""yes"">Successful businesses rely on digital marketing. This blog provides the basics. It defines digital marketing, shares how digital marketing works, and lists key tactics to use. 
<br/>
<br/>
By Kathryn Aragon for <a href=""https://www.digitalmarketer.com/"" rel=""noopener noreferrer nofollow"" target=""_blank"">DigitalMarketer</a>. 
<br/>
<br/>
When you complete the blog, be sure to return to this Your Learning activity page to select <strong>Mark Complete</strong> for completion credit. 
<br/>
<br/><strong>Note</strong>: This activity is available only in English.</div>","['Learning Domain', 'Workplace skills - Ways of working', 'Learning Domain Primary', 'Professional skills']"
https://skills.yourlearning.ibm.com/activity/URL-PPIHAM_WGBQ,ways_of_working,Video,Decision-Making Strategies | GCFLearnFree.org,4 mins 25 s,358 learners have completed this activity in the past 12 months.,Average rating of 4 stars by 26 learners in the past 12 months.,26,"<h2 class=""FullPageDescription_title__WsNdH""><span dir=""ltr"" lang=""en"" translate=""yes"">About this learning activity</span></h2><div dir=""ltr"" lang=""en"" translate=""yes""><p>Learn strategies for making decisions large and small.<br/><br/>
 This video is presented by GCFLearnFree.org.<br/><br/>
 After you complete this activity, return to this page to select <strong>Mark complete</strong> for completion credit.<br/><br/><strong>Note</strong>: On the video toolbar, go to <strong>Settings</strong>, select <strong>Subtitles</strong>, select <strong>English</strong>, and then select <strong>Auto-Translate </strong>to enable subtitles in a language of your choice from the drop-down.</p></div>","['Learning Domain', 'Workplace skills - Ways of working', 'Learning Domain Primary', 'Professional skills', 'Lightcast Skills Taxonomy', 'Decision Making Skill']"
https://skills.yourlearning.ibm.com/activity/URL-YH9SQHEIDAI,ways_of_working,Video,How To Build Unshakable Resilience | TEDx Talk,4 mins 7 s,184 learners have completed this activity in the past 12 months.,Average rating of 4 stars by 7 learners in the past 12 months.,7,"<h2 class=""FullPageDescription_title__WsNdH""><span dir=""ltr"" lang=""en"" translate=""yes"">About this learning activity</span></h2><div dir=""ltr"" lang=""en"" translate=""yes"">Dr. Srikumar Rao is a legendary motivational speaker and a pioneer of practicing happiness at work by sharing how you can bounce back quickly from anything that life throws at you and continue to live a joyful life. 
<br/>
<br/>
This is a TEDx Talk presented by Dr. Srikumar Rao. 
<br/>
<br/>
After you complete this activity, return to this page to select <strong>Mark complete</strong> for completion credit. 
<br/>
<br/><strong>Note</strong>: This activity is available only in English.</div>","['Learning Domain', 'Workplace skills - Ways of working', 'Learning Domain Primary', 'Professional skills']"
https://skills.yourlearning.ibm.com/activity/URL-2-H0SYQH1YK,ways_of_working,Video,5 attitudes essentielles à la Pleine Conscience | les Guerriers Pacifiques,7 mins 55 s,146 learners have completed this activity in the past 12 months.,Average rating of 4.5 stars by 13 learners in the past 12 months.,13,"<h2 class=""FullPageDescription_title__WsNdH""><span dir=""ltr"" lang=""en"" translate=""yes"">About this learning activity</span></h2><div dir=""ltr"" lang=""fr"" translate=""yes"">Dans cette vidéo, je vous partage 5 attitudes essentielles à la pleine conscience afin de pratiquer la méditation de pleine conscience de façon juste. 
<br/>
<br/>
Cette vidéo est proposée par May-Lann Ripoche pour les Guerriers Pacifiques. 
<br/>
<br/>
Après avoir suivi cette activité, revenez sur cette page et sélectionnez "" <strong>Marquer terminé</strong>"" afin de prendre en compte ce parcours. 
<br/>
<br/>
Note : cette activité est uniquement disponible en français.</div>","['Learning Domain', 'Workplace skills - Ways of working', 'Learning Domain Primary', 'Professional skills']"
https://skills.yourlearning.ibm.com/activity/URL-Q7VYUKVPNEM,ways_of_working,Video,From stress to resilience | TEDx Talk,12 mins,208 learners have completed this activity in the past 12 months.,Average rating of 4.5 stars by 9 learners in the past 12 months.,9,"<h2 class=""FullPageDescription_title__WsNdH""><span dir=""ltr"" lang=""en"" translate=""yes"">About this learning activity</span></h2><div dir=""ltr"" lang=""en"" translate=""yes"">Facing stress in our lives is an integral component of being more resilient, says Raphael Rose. In his research for NASA, Raphael finds that accepting and even welcoming stress helps us become more resilient, leading to a more meaningful, joyful, and socially connected life. 
<br/>
<br/>
This is a TEDx Talk presented by Raphael Rose. 
<br/>
<br/>
After you complete this activity, return to this page to select <strong>Mark complete</strong> for completion credit. 
<br/>
<br/><strong>Note</strong>: This activity is available only in English.</div>","['Learning Domain', 'Workplace skills - Ways of working', 'Learning Domain Primary', 'Professional skills', 'Lightcast Skills Taxonomy', 'Research Skill']"
https://skills.yourlearning.ibm.com/activity/URL-2CE05E80D02B,ways_of_working,Video,Values | #AnOpenConversationWithJim | LinkedIn,2 mins,203 learners have completed this activity in the past 12 months.,Average rating of 4 stars by 7 learners in the past 12 months.,7,"<h2 class=""FullPageDescription_title__WsNdH""><span dir=""ltr"" lang=""en"" translate=""yes"">About this learning activity</span></h2><div dir=""ltr"" lang=""en"" translate=""yes"">Jim Whitehurst, President at IBM, clarifies the difference between process and interaction, giving you valuable leads on what to emphasize as you describe your own values and achievements to a hiring manager. 
<br/>
<br/>
#AnOpenConversationWithJim 
<br/>
<br/><strong>Note</strong>: This is available in English. 
<br/>
<br/>
After you complete this activity, return to this page to select <strong>Mark complete</strong> for completion credit. 
<br/>
 </div>","['Learning Domain', 'Workplace skills - Ways of working', 'Learning Domain Primary', 'Professional skills']"
https://skills.yourlearning.ibm.com/activity/URL-82B6ECB6C0D6,ways_of_working,Webpage,Staying Focused When You're Working From Home | Mind Tools,13 mins,310 learners have completed this activity in the past 12 months.,Average rating of 4.5 stars by 16 learners in the past 12 months.,16,"<h2 class=""FullPageDescription_title__WsNdH""><span dir=""ltr"" lang=""en"" translate=""yes"">About this learning activity</span></h2><div dir=""ltr"" lang=""en"" translate=""yes"">When working from home (WFH), how can you deal with distractions to get everything done? In this article and video, we explore ways to avoid the pitfalls, conquer distractions, and stay professional and productive while you're working from home. 
<br/>
<br/>
This article is presented by <a href=""https://www.mindtools.com/"" rel=""noopener noreferrer nofollow"" target=""_blank"">Mind Tools</a>. 
<br/>
<br/>
After you complete this activity, return to this page to select <strong>Mark complete</strong> for completion credit. 
<br/>
<br/><strong>Note</strong>: This activity is available only in English.</div>","['Learning Domain', 'Workplace skills - Workforce readiness', 'Learning Domain Primary', 'Professional skills']"
https://skills.yourlearning.ibm.com/activity/URL-BWW6MYDJ7XC,ways_of_working,Video,DISABILITY | How You See Me | SoulPancake,3 mins 1 s,238 learners have completed this activity in the past 12 months.,Average rating of 4.5 stars by 17 learners in the past 12 months.,17,"<h2 class=""FullPageDescription_title__WsNdH""><span dir=""ltr"" lang=""en"" translate=""yes"">About this learning activity</span></h2><div dir=""ltr"" lang=""en"" translate=""yes""><p>In this YouTube video, you'll hear the inspirational stories from people with various disabilities. <br/><br/>
 This video is presented by SoulPancake.<br/><br/>
 After you complete this activity, return to this page to select <strong>Mark complete</strong> for completion credit.<br/><br/><strong>Note</strong>: On the video toolbar, go to <strong>Settings</strong>, select <strong>Subtitles</strong>, select <strong>English</strong>, and then select <strong>Auto-Translate </strong>to enable subtitles in a language of your choice from the drop-down.</p></div>","['Learning Domain', 'Workplace skills - Ways of working', 'Learning Domain Primary', 'Professional skills']"
https://skills.yourlearning.ibm.com/activity/URL-80049E90D7FA,ways_of_working,Video,Debate | #AnOpenConversationWithJim | LinkedIn,2 mins,197 learners have completed this activity in the past 12 months.,Average rating of 4.5 stars by 7 learners in the past 12 months.,7,"<h2 class=""FullPageDescription_title__WsNdH""><span dir=""ltr"" lang=""en"" translate=""yes"">About this learning activity</span></h2><div dir=""ltr"" lang=""en"" translate=""yes"">Jim Whitehurst, President at IBM, helps you learn about the importance of having an open dialogue, and the dangers of “faux openness.” Have you ever had a boss who asked for your opinion on something, only to look at their watch during your response? This is not about democracy. It’s more about being heard. 
<br/>
<br/>
#AnOpenConversationWithJim 
<br/>
<br/><strong>Note</strong>: This is available in English. 
<br/>
<br/>
After you complete this activity, return to this page to select <strong>Mark complete</strong> for completion credit.</div>","['Learning Domain', 'Workplace skills - Ways of working', 'Learning Domain Primary', 'Professional skills']"
https://skills.yourlearning.ibm.com/activity/URL-B9C84F8B2BF4,ways_of_working,eLearning,How to Do Mornings When You Work From Home | LifeHacker,5 mins,314 learners have completed this activity in the past 12 months.,Average rating of 4.5 stars by 4 learners in the past 12 months.,4,"<h2 class=""FullPageDescription_title__WsNdH""><span dir=""ltr"" lang=""en"" translate=""yes"">About this learning activity</span></h2><div dir=""ltr"" lang=""en"" translate=""yes"">When working from home, it is important to have a morning routine. This article shares some experience and advice. 
<br/>
<br/>
This article is presented by LifeHacker and authored by Nicole Dieker. 
<br/>
<br/>
When you complete the article, be sure to return to this Your Learning activity page to select <strong>Mark Complete</strong> for completion credit. 
<br/>
<br/><strong>Note</strong>: This activity is available only in English.</div>","['Learning Domain', 'Workplace skills - Ways of working', 'Learning Domain Primary', 'Professional skills']"
https://skills.yourlearning.ibm.com/activity/URL-941A345F2854,ways_of_working,Webpage,Improve Communication When Times Are Bad - Executive Coaching,20 mins,282 learners have completed this activity in the past 12 months.,Average rating of 4.5 stars by 82 learners in the past 12 months.,82,"<h2 class=""FullPageDescription_title__WsNdH""><span dir=""ltr"" lang=""en"" translate=""yes"">About this learning activity</span></h2><div dir=""ltr"" lang=""en"" translate=""yes""><p>From Garfinkle Executive Coaching:<br/>Even though there are many articles on leadership communication, this one discusses the six tips on how to <a href=""https://garfinkleexecutivecoaching.com/articles/improve-your-communication-skills/9-tips-for-improving-your-communications-skills"" rel=""noopener noreferrer nofollow"" target=""_blank"">improve communication</a> when times are bad.</p></div>","['Learning Domain', 'Workplace skills - Ways of working', 'Learning Domain Primary', 'Professional skills', 'Featured Learning', 'Professional Development', 'Lightcast Skills Taxonomy', 'Communications Skill']"
https://skills.yourlearning.ibm.com/activity/URL-B75CDEDC208F,ways_of_working,Audio / Podcast,How to Be an Antiracist | Brené Brown with Professor Ibram X. Kendi,1 hr,258 learners have completed this activity in the past 12 months.,Average rating of 4.5 stars by 23 learners in the past 12 months.,23,"<h2 class=""FullPageDescription_title__WsNdH""><span dir=""ltr"" lang=""en"" translate=""yes"">About this learning activity</span></h2><div dir=""ltr"" lang=""en"" translate=""yes""><p>In this podcast, Brené Brown talks to Professor Ibram X. Kendi about racial disparities, policy, and equality and discusses <em>How to Be an Antiracist</em>, a groundbreaking approach to understanding uprooting racism and inequality in our society and in ourselves.<br/><br/>
 This podcast is presented by Brené Brown.<br/><br/>
 After you complete this activity, return to this page to select <strong>Mark complete</strong> for completion credit.</p></div>","['Learning Domain', 'Workplace skills - Ways of working', 'Learning Domain Primary', 'Professional skills']"
https://skills.yourlearning.ibm.com/activity/URL-79DD8ED07EE7,ways_of_working,Video,Practice | #AnOpenConversationWithJim | LinkedIn,3 mins,187 learners have completed this activity in the past 12 months.,Average rating of 4 stars by 6 learners in the past 12 months.,6,"<h2 class=""FullPageDescription_title__WsNdH""><span dir=""ltr"" lang=""en"" translate=""yes"">About this learning activity</span></h2><div dir=""ltr"" lang=""en"" translate=""yes""><p>Jim Whitehurst, President at IBM, shares it is important to seek out opportunities to practice presenting, as an individual and for those in or aspiring to be in roles to manage a group of people. A big part of being a leader is being a coach and a mentor to build a team that can develop and continue learning. As they say, practice makes perfect! It certainly builds self-confidence.<br/><br/>
 #AnOpenConversationWithJim<br/><br/><strong>Note</strong>: This is available in English.<br/><br/>
 After you complete this activity, return to this page to select <strong>Mark complete</strong> for completion credit.</p></div>","['Learning Domain', 'Workplace skills - Ways of working', 'Learning Domain Primary', 'Professional skills']"
https://skills.yourlearning.ibm.com/activity/URL-AZKXNNPBCXM,ways_of_working,Video,Q&A with a Project Manager Recruiter,1 hr,105 learners have completed this activity in the past 12 months.,Average rating of 4 stars by 9 learners in the past 12 months.,9,"<h2 class=""FullPageDescription_title__WsNdH""><span dir=""ltr"" lang=""en"" translate=""yes"">About this learning activity</span></h2><div dir=""ltr"" lang=""en"" translate=""yes"">What to look out for during Project Manager interviews.<br/><br/>After you complete this activity, return to this page to select <strong>Mark complete</strong> for completion credit.</div>","['Learning Domain', 'Workplace skills - Ways of working', 'Learning Domain Primary', 'Professional skills']"
https://skills.yourlearning.ibm.com/activity/URL-IREEU2KI6OI,ways_of_working,Video,Find Your Focus with this Mini Meditation | Headspace,1 min 10 s,212 learners have completed this activity in the past 12 months.,Average rating of 4 stars by 6 learners in the past 12 months.,6,"<h2 class=""FullPageDescription_title__WsNdH""><span dir=""ltr"" lang=""en"" translate=""yes"">About this learning activity</span></h2><div dir=""ltr"" lang=""en"" translate=""yes"">Practice a relaxed sense of focus using this one-minute meditation.
<br/>
<br/>
This video is presented by Headspace.
<br/>
<br/>
After you complete this activity, return to this page to select <strong>Mark complete</strong> for completion credit.
<br/>
<br/><strong>Note</strong>: On the video toolbar, go to <strong>Settings</strong>, select <strong>Subtitles</strong>, select <strong>English</strong>, and then select <strong>Auto-Translate </strong>to enable subtitles in a language of your choice from the drop-down.</div>","['Learning Domain', 'Workplace skills - Ways of working', 'Learning Domain Primary', 'Professional skills']"
https://skills.yourlearning.ibm.com/activity/ILB-ZKRPWQGKPJKX41X4,ways_of_working,eLearning,Disrupting Human Trafficking,37 mins,60 learners have completed this activity in the past 12 months.,Average rating of 4 stars by 7 learners in the past 12 months.,7,"<h2 class=""FullPageDescription_title__WsNdH""><span dir=""ltr"" lang=""en"" translate=""yes"">About this learning activity</span></h2><div dir=""ltr"" lang=""en"" translate=""yes""><p>This course is designed to raise your awareness about what you can do to help disrupt human trafficking. You can expect the following:</p>
<ul>
<li>Spot the signs - Learn how to spot the signs of human trafficking in your community.</li>
<li>Case studies - Learn how IBM is disrupting the human trafficking industry.</li>
<li>Discussion - Participate in a discussion about human trafficking.</li>
</ul>
<p></p>
<br/></div>","['Learning Domain', 'Workplace skills - Ways of working', 'Learning Domain Primary', 'Professional skills']"
https://skills.yourlearning.ibm.com/activity/URL-BAHQJSKZDB0,ways_of_working,Video,The ABCs of resilience | TEDx Talk,14 mins,152 learners have completed this activity in the past 12 months.,Average rating of 4 stars by 13 learners in the past 12 months.,13,"<h2 class=""FullPageDescription_title__WsNdH""><span dir=""ltr"" lang=""en"" translate=""yes"">About this learning activity</span></h2><div dir=""ltr"" lang=""en"" translate=""yes"">What is this buzzword, ""resilience?"" And why should we care? Kathryn Meisner will explore the research and real-life applications behind this concept that underpins most of her work. Get ready to relearn your alphabet: 
<ul>
<li><strong>A</strong>dversity</li>
<li><strong>B</strong>eliefs</li>
<li><strong>C</strong>onsequences</li>
</ul>
<br/>
This is a TEDx Talk presented by Kathryn Meisner. 
<br/>
<br/>
After you complete this activity, return to this page to select <strong>Mark complete</strong> for completion credit. 
<br/>
<br/><strong>Note</strong>: This activity is available only in English.</div>","['Learning Domain', 'Workplace skills - Ways of working', 'Learning Domain Primary', 'Professional skills', 'Lightcast Skills Taxonomy', 'Research Skill']"
https://skills.yourlearning.ibm.com/activity/URL-F1800220851B,ways_of_working,Video,Microsoft TEAMS: . Gérer votre flux d’activité,1 min,16 learners have completed this activity in the past 12 months.,Average rating of 2 stars by 1 learner in the past 12 months.,1,"<h2 class=""FullPageDescription_title__WsNdH""><span dir=""ltr"" lang=""en"" translate=""yes"">About this learning activity</span></h2><div dir=""ltr"" lang=""fr"" translate=""yes"">Comment gérer votre flux d’activité.<br/>Vidéo 1 mn0<br/>En français.</div>","['Learning Domain', 'Workplace skills - Ways of working']"
https://skills.yourlearning.ibm.com/activity/ILB-EKVMDWJNKEZM5NQZ,ways_of_working,eLearning,Definiendo tu objetivo profesional,2 hrs 5 mins,668 learners have completed this activity in the past 12 months.,Average rating of 4.5 stars by 45 learners in the past 12 months.,45,"<h2 class=""FullPageDescription_title__WsNdH""><span dir=""ltr"" lang=""en"" translate=""yes"">About this learning activity</span></h2><div dir=""ltr"" lang=""es"" translate=""yes""><p>¿Qué profesión quieres ejercer? ¿Quieres cambiar de trabajo? ¿Cómo es esa profesión en la que estás pensando? ¿Te has planteado alguna vez ser tu propio jefe? ¿Qué es más importante, la seguridad de un sueldo o la libertad de decidir por dónde llevar tu propio negocio?</p>
<br/>
<p>En este curso te ofrecemos:</p>
<ul>
<li>Un marco para que reflexiones sobre tu futuro profesional.</li>
<li>Instrumentos para analizar la realidad de la profesión en la que estás pensando.</li>
<li>Pistas para definir tu objetivo profesional.</li>
</ul>
<p></p></div>","['Learning Domain', 'Workplace skills - Ways of working', 'Learning Domain Primary', 'Professional skills']"
https://skills.yourlearning.ibm.com/activity/URL-7A5D8994EB2A,ways_of_working,Video,10 Time Management Tips to Boost Your Productivity | CareerAddict,4 mins,511 learners have completed this activity in the past 12 months.,Average rating of 4.5 stars by 140 learners in the past 12 months.,140,"<h2 class=""FullPageDescription_title__WsNdH""><span dir=""ltr"" lang=""en"" translate=""yes"">About this learning activity</span></h2><div dir=""ltr"" lang=""en"" translate=""yes"">If you’re always feeling pressed for time, it might be because you need to manage your time better so you can pack more into your schedule. To help you get more done, this video explores 10 easy-to-follow time management tips that will help you focus, create a plan and stick to it.
<br/>
<br/>
This videos is presented by CareerAddict.
<br/>
<br/>
After you complete this activity, return to this page to select <strong>Mark complete</strong> for completion credit.
<br/>
<br/><strong>Note</strong>: On the video toolbar, go to <strong>Settings</strong>, <strong> </strong>select <strong>Subtitles</strong>, <strong> </strong>select <strong>English</strong>, and then select <strong>Auto-Translate</strong> to enable subtitles in a language of your choice from the drop-down.
<br/>
 </div>","['Learning Domain', 'Workplace skills - Ways of working', 'Learning Domain Primary', 'Professional skills', 'Lightcast Skills Taxonomy', 'Time Management Skill']"
https://skills.yourlearning.ibm.com/activity/ILB-KXMDYWKGJMYV457E,ways_of_working,eLearning,Habilidades de la persona emprendedora,2 hrs 50 mins,549 learners have completed this activity in the past 12 months.,Average rating of 4.5 stars by 46 learners in the past 12 months.,46,"<h2 class=""FullPageDescription_title__WsNdH""><span dir=""ltr"" lang=""en"" translate=""yes"">About this learning activity</span></h2><div dir=""ltr"" lang=""es"" translate=""yes""><p>El emprendedor, ¿nace, o se hace? ¿Has pensado alguna vez que te gustaría emprender? ¿O más bien eres de los que piensan que “no vales para esto”? ¿Emprender es un camino lleno de riesgos?</p>
<br/>
<p>En este curso te ayudamos a que descubras como fortalecer tus habilidades y tu forma de pensar para que logres emprender con éxito.</p>
<br/>
<p>En este curso queremos invitarte a:</p>
<ul>
<li>Identificar y reflexionar sobre las habilidades de un emprendedor.</li>
<li>Ejercitar tus habilidades para emprender.</li>
<li>Sacar el máximo partido a tus habilidades.</li>
</ul>
<p></p></div>","['Learning Domain', 'Workplace skills - Ways of working', 'Learning Domain Primary', 'Professional skills']"
https://skills.yourlearning.ibm.com/activity/URL-BIXR-KIJKYM,ways_of_working,Video,Digital Marketing In 5 Minutes | What Is Digital Marketing? | Learn Digital Marketing | Simplilearn,5 mins 25 s,1289 learners have completed this activity in the past 12 months.,Average rating of 4 stars by 62 learners in the past 12 months.,62,"<h2 class=""FullPageDescription_title__WsNdH""><span dir=""ltr"" lang=""en"" translate=""yes"">About this learning activity</span></h2><div dir=""ltr"" lang=""en"" translate=""yes"">Digital Marketing combines the reach and accessibility of the internet to enable us to market our products across the world. In this video, you'll learn about what is digital marketing, the types of digital marketing, and so much more!
<br/>
<br/>
This video is presented by Simplilearn.
<br/>
<br/>
After you complete this activity, return to this page to select <strong>Mark complete</strong> for completion credit.
<br/>
<br/><strong>Note</strong>: On the video toolbar, go to <strong>Settings</strong>, <strong> </strong>select <strong>Subtitles</strong>, <strong> </strong>select <strong>English</strong>, and then select <strong>Auto-Translate</strong> to enable subtitles in a language of your choice from the drop-down.</div>","['Learning Domain', 'Workplace skills - Ways of working', 'Learning Domain Primary', 'Professional skills']"
https://skills.yourlearning.ibm.com/activity/URL-ECE5954C6156,ways_of_working,Webpage,5 Tips for Staying Productive and Mentally Healthy While You're Working From Home | TIME,5 mins,295 learners have completed this activity in the past 12 months.,Average rating of 4.5 stars by 8 learners in the past 12 months.,8,"<h2 class=""FullPageDescription_title__WsNdH""><span dir=""ltr"" lang=""en"" translate=""yes"">About this learning activity</span></h2><div dir=""ltr"" lang=""en"" translate=""yes"">Plenty of people fantasize about working from the comfort of their own home, foregoing their commute in favor of more sleep, family or exercise time. But working remotely is a double-edge sword — sure, you get to stay home, but it can be harder to focus on actually working. 
<br/>
<br/>
This article shares tips for staying productive and mentally healthy while you're working from home. 
<br/>
<br/>
This article is presented by TIME and authored by Patrick Lucas Austin 
<br/>
<br/>
After you complete this activity, return to this page to select <strong>Mark complete</strong> for completion credit.</div>","['Learning Domain', 'Workplace skills - Ways of working', 'Learning Domain Primary', 'Professional skills']"
https://skills.yourlearning.ibm.com/activity/URL-PRG_8XJPK2E,ways_of_working,Video,Staying Connected and Communicating as a Team | Skillsoft YouTube,4 mins 24 s,5583 learners have completed this activity in the past 12 months.,Average rating of 4 stars by 340 learners in the past 12 months.,340,"<h2 class=""FullPageDescription_title__WsNdH""><span dir=""ltr"" lang=""en"" translate=""yes"">About this learning activity</span></h2><div dir=""ltr"" lang=""en"" translate=""yes""><p>The success of any team depends on good communication. For remote teams, where virtual team members may be in different places and time zones, with different working styles and cultures, effective communication is an essential and can also be a challenge. Watch this video to learn strategies for building trust, establishing reliable communication and staying connected.<br/><br/>
 This video is presented by Skillsoft YouTube.<br/><br/>
 After you complete this video, return to this page to select <strong>Mark complete</strong> for completion credit.<br/><br/><strong>Note</strong>: On the video toolbar, go to <strong>Settings</strong>, select <strong>Subtitles</strong>, select <strong>English</strong>, and then select <strong>Auto-Translate</strong> to enable subtitles in a language of your choice from the drop-down.</p></div>","['Learning Domain', 'Workplace skills - Ways of working', 'Learning Domain Primary', 'Professional skills', 'Lightcast Skills Taxonomy', 'Communications Skill']"
https://skills.yourlearning.ibm.com/activity/URL-QIJH4UAQGD8,ways_of_working,Video,Get comfortable with being uncomfortable | TED Talk,10 mins,395 learners have completed this activity in the past 12 months.,Average rating of 5 stars by 74 learners in the past 12 months.,74,"<h2 class=""FullPageDescription_title__WsNdH""><span dir=""ltr"" lang=""en"" translate=""yes"">About this learning activity</span></h2><div dir=""ltr"" lang=""en"" translate=""yes""><p>Luvvie Ajayi Jones isn't afraid to speak her mind or to be the one dissenting voice in a crowd, and neither should you. ""Your silence serves no one,"" says the writer, activist and self-proclaimed professional troublemaker. In this bright, uplifting talk, Ajayi Jones shares three questions to ask yourself if you're teetering on the edge of speaking up or quieting down - and encourages all of us to get a little more comfortable with being uncomfortable.<br/><br/>
 This video is presented by TED.<br/><br/>
 After you complete this activity, return to this page to select <strong>Mark complete</strong> for completion credit.<br/><br/><strong>Note</strong>: On the video toolbar, go to <strong>Settings</strong>, select <strong>Subtitles</strong>, select <strong>English</strong>, and then select <strong>Auto-Translate </strong>to enable subtitles in a language of your choice from the drop-down.</p></div>","['Learning Domain', 'Workplace skills - Ways of working', 'Learning Domain Primary', 'Professional skills']"
https://skills.yourlearning.ibm.com/activity/ILB-YZMPXZWYZQNNZV5W,ways_of_working,eLearning,Using Project-Based Learning and Design Thinking,3 hrs 20 mins,1212 learners have completed this activity in the past 12 months.,Average rating of 4.5 stars by 56 learners in the past 12 months.,56,"<h2 class=""FullPageDescription_title__WsNdH""><span dir=""ltr"" lang=""en"" translate=""yes"">About this learning activity</span></h2><div dir=""ltr"" lang=""en"" translate=""yes""><p>In this course, you will learn how mentoring can be used in project-based learning and design thinking. You will also have the opportunity to demonstrate and record your new mentoring skills.</p>
<p>The course covers:</p>
<ul>
<li>What is project-based learning</li>
<li>What is the role of a mentor in project-based learning</li>
<li>What is design thinking</li>
<li>What is the role of a mentor in design thinking</li>
<li>How to assess outcomes in project-based learning and design thinking</li>
<li>Practice being a mentor</li>
</ul></div>","['Learning Domain', 'Workplace skills - Ways of working']"
https://skills.yourlearning.ibm.com/activity/URL-PLLV2O6UFTU,ways_of_working,Video,"Microsoft 365 Training (Word, PowerPoint, Excel, etc.) | Microsoft",30 mins,20135 learners have completed this activity in the past 12 months.,Average rating of 4.5 stars by 472 learners in the past 12 months.,472,"<h2 class=""FullPageDescription_title__WsNdH""><span dir=""ltr"" lang=""en"" translate=""yes"">About this learning activity</span></h2><div dir=""ltr"" lang=""en"" translate=""yes""><p>Learn how to get more work done, from anywhere on any device with Microsoft 365 and Windows 10. Discover how industry professionals leverage Microsoft 365 to communicate, collaborate, and improve productivity across the team and organization.<br/><br/>
 Explore Microsoft's self-paced training videos and practice tasks to build your skills in using Microsoft Word, PowerPoint, Excel, and more.<br/><br/>
 After you complete this activity, return to this page to select <strong>Mark complete</strong> for completion credit.</p></div>","['Learning Domain', 'Workplace skills - Ways of working', 'Learning Domain Primary', 'Professional skills', 'Lightcast Skills Taxonomy', 'Microsoft Word Skill', 'Microsoft PowerPoint Skill', 'Microsoft Excel Skill', 'Microsoft Windows 10 Skill']"
https://skills.yourlearning.ibm.com/activity/ILB-RKEVZGMVZPZN1ARP,ways_of_working,eLearning,Lean Startup: Fase preparatoria,2 hrs 5 mins,739 learners have completed this activity in the past 12 months.,Average rating of 4.5 stars by 107 learners in the past 12 months.,107,"<h2 class=""FullPageDescription_title__WsNdH""><span dir=""ltr"" lang=""en"" translate=""yes"">About this learning activity</span></h2><div dir=""ltr"" lang=""es"" translate=""yes""><p>¿Conoces el proceso Lean StartUp para crear tu modelo de negocio? ¿Quieres lanzar tus actividades de marketing de una forma estructurada y teniendo como centro tu cliente sin olvidar tu negocio? ¿Quieres reflexionar sobre tu Propuesta única de valor?</p>
<br/>
<p>En este curso te ofrecemos:</p>
<ul>
<li>Un marco para preparar tu Lean Canvas</li>
<li>Instrumentos para validar y refutar elementos de tu Lean Canvas.</li>
<li>Una guía para seleccionar tu modelo de negocio más viable.</li>
</ul>
<p></p></div>","['Learning Domain', 'Workplace skills - Ways of working', 'Learning Domain Primary', 'Professional skills']"
https://skills.yourlearning.ibm.com/activity/URL-6A7ABCDCA6CF,ways_of_working,Video,Microsoft TEAMS: Explorer les applications et les outils,3 mins,4 learners have completed this activity in the past 12 months.,,,"<h2 class=""FullPageDescription_title__WsNdH""><span dir=""ltr"" lang=""en"" translate=""yes"">About this learning activity</span></h2><div dir=""ltr"" lang=""fr"" translate=""yes"">Explorer les applications et les outils.<br/>Vidéo 2mn30<br/>En anglais avec sous-titre en français.</div>","['Learning Domain', 'Workplace skills - Ways of working', 'Learning Domain Primary', 'Professional skills']"
https://skills.yourlearning.ibm.com/activity/URL-F12F275F5D6D,ways_of_working,Webpage,How to Be More Mindful at Work | The New York Times,15 mins,215 learners have completed this activity in the past 12 months.,Average rating of 4.5 stars by 8 learners in the past 12 months.,8,"<h2 class=""FullPageDescription_title__WsNdH""><span dir=""ltr"" lang=""en"" translate=""yes"">About this learning activity</span></h2><div dir=""ltr"" lang=""en"" translate=""yes"">Our jobs pay the bills, occupy many of our waking hours and can even give our lives meaning. They can also be a source of significant stress: tight deadlines, long days and difficult conversations. No matter what your job, work can be anxiety-provoking. Mindfulness can help. In recent years, many companies — from Google to General Mills — have started teaching mindfulness in the office. Whether or not your company does, there are simple ways to reduce the impact workplace stress can have on your mind and body. Here’s a guide to get you started. 
<br/>
<br/>
This article is presented by The New York Times and authored by David Gelles.
<br/>
<br/>
After you complete this activity, return to this page to select <strong>Mark complete</strong> for completion credit.
<br/>
<br/><strong>Note</strong>: This activity is available only in English.</div>","['Learning Domain', 'Workplace skills - Workforce readiness', 'Workplace skills - Ways of working', 'Other - Health and Wellness', 'Learning Domain Primary', 'Professional skills']"
https://skills.yourlearning.ibm.com/activity/URL-15742282B75F,ways_of_working,eLearning,Animez un atelier de créativité | OpenClassrooms,6 hrs,893 learners have completed this activity in the past 12 months.,Average rating of 4 stars by 83 learners in the past 12 months.,83,"<h2 class=""FullPageDescription_title__WsNdH""><span dir=""ltr"" lang=""en"" translate=""yes"">About this learning activity</span></h2><div dir=""ltr"" lang=""fr"" translate=""yes"">Muscler son cerveau pour apprendre à être créatif, c'est une chose. Mais quand il s'agit de l'insuffler aux autres, on manque parfois de méthode. 
<br/>
<br/>
Dans ce cours, vous allez apprendre :  
<ul>
<li>à préparer un atelier de créativité ;</li>
<li>à l'animer avec rythme ;</li>
<li>et à gérer ses retombées.</li>
</ul>
<br/>
Ce MOOC est proposé par OpenClassrooms. 
<br/>
  
<br/>
Après avoir suivi cette activité, revenez sur cette page et sélectionnez "" <strong>Marquer terminé</strong>"" afin de prendre en compte ce parcours. 
<br/>
<br/>
Note : cette activité est uniquement disponible en français.</div>","['Learning Domain', 'Workplace skills - Ways of working', 'Learning Domain Primary', 'Professional skills']"
https://skills.yourlearning.ibm.com/activity/URL-B67397ECF807,ways_of_working,Document,Learn about careers that use design thinking,5 mins,16622 learners have completed this activity in the past 12 months.,Average rating of 4.5 stars by 299 learners in the past 12 months.,299,"<h2 class=""FullPageDescription_title__WsNdH""><span dir=""ltr"" lang=""en"" translate=""yes"">About this learning activity</span></h2><div dir=""ltr"" lang=""en"" translate=""yes"">Design thinking crosses many job roles and industries. It's a great skill to learn to collaborate with others, understand user needs, and solve problems. Design thinking applies to everyone, and it's not just used by ""designers."" You can apply design thinking in many professional situations. View this infographic for a summary of design thinking concepts, and to find out what kind of careers in design thinking might interest you and the skills that are required.
<br/>
<br/>
Also available in <a href=""https://ibm.box.com/s/qzdiv7ce0fnwiqffmh1v67a3cz2a2la7"" rel=""noopener noreferrer nofollow"" target=""_blank"">Spanish</a>, <a href=""https://ibm.box.com/s/cc9n5y2kaoblspw493975a0elcblwba6"" rel=""noopener noreferrer nofollow"" target=""_blank"">French</a>, and <a href=""https://ibm.box.com/s/c4k17e3igst57ut5sj7l4tex4vgo1f47"" rel=""noopener noreferrer nofollow"" target=""_blank"">Brazilian Portuguese</a>.
<br/>
<br/>
After you complete this activity, return to this page to select <strong>Mark complete</strong> for completion credit.
<br/>
 </div>","['Learning Domain', 'Workplace skills - Ways of working', 'Learning Domain Primary', 'Professional skills']"
https://skills.yourlearning.ibm.com/activity/URL-057QGFELKGW,ways_of_working,Video,14 Bad Habits To Give Up If You Want To Be Successful | Brainy Dose,11 mins,296 learners have completed this activity in the past 12 months.,Average rating of 4.5 stars by 51 learners in the past 12 months.,51,"<h2 class=""FullPageDescription_title__WsNdH""><span dir=""ltr"" lang=""en"" translate=""yes"">About this learning activity</span></h2><div dir=""ltr"" lang=""en"" translate=""yes""><p>Do you wonder about how to become successful? Why is it that some people achieve success while others can’t get ahead? Well, it’s not just about the good habits you need to practice, but also the bad habits to give up if you want to be successful. In this video, we highlight some of the bad habits great achievers have given up to succeed!<br/><br/>
 This video is presented by Brainy Dose.<br/><br/>
 After you complete this activity, return to this page to select <strong>Mark complete</strong> for completion credit.<br/><br/><strong>Note</strong>: On the video toolbar, go to <strong>Settings</strong>, select <strong>Subtitles</strong>, select <strong>English</strong>, and then select <strong>Auto-Translate </strong>to enable subtitles in a language of your choice from the drop-down.</p></div>","['Learning Domain', 'Workplace skills - Ways of working', 'Learning Domain Primary', 'Professional skills']"
https://skills.yourlearning.ibm.com/activity/URL-NXTOCNZ143A,ways_of_working,Video,Building Resilience in Changing Times | Institute of Directors,41 mins,174 learners have completed this activity in the past 12 months.,Average rating of 4 stars by 13 learners in the past 12 months.,13,"<h2 class=""FullPageDescription_title__WsNdH""><span dir=""ltr"" lang=""en"" translate=""yes"">About this learning activity</span></h2><div dir=""ltr"" lang=""en"" translate=""yes"">Join resilience coach and wellbeing expert Laura Williams, founder of The Secret Inspirer, to get guidance on how to: 
<br/>
<br/>
•    Stay calm in chaos 
<br/>
•    Find the fuel needed to thrive 
<br/>
•    Work from home ‘well’  
<br/>
<br/>
After you complete this activity, return to this page to select  <strong>Mark complete</strong> for completion credit.  
<br/>
<br/>
Content provider: Institute of Directors (IoD)  
<br/>
<br/><strong>Note</strong>: On the video toolbar, go to <strong>Settings</strong>, select <strong>Subtitles</strong>, select <strong>English</strong>, and then select <strong>Auto-Translate</strong> to enable subtitles in a language of your choice from the drop-down.</div>","['Learning Domain', 'Workplace skills - Ways of working', 'Learning Domain Primary', 'Professional skills']"
https://skills.yourlearning.ibm.com/activity/ILB-ZKRXWNNXJWXX8E5Q,ways_of_working,eLearning,Lean Startup: Fase de investigación,2 hrs 20 mins,586 learners have completed this activity in the past 12 months.,Average rating of 5 stars by 9 learners in the past 12 months.,9,"<h2 class=""FullPageDescription_title__WsNdH""><span dir=""ltr"" lang=""en"" translate=""yes"">About this learning activity</span></h2><div dir=""ltr"" lang=""es"" translate=""yes""><p>¿Qué es el Producto Mínimo Viable? ¿Para qué sirve? Y un ¿Canal Mínimo Viable? ¿Cómo puedes validar tu producto con tus primeros clientes? ¿Cómo podrías llevar a cabo entrevistas para validar tu producto o servicio? En este curso que se dirige especialmente a emprendedores de pequeños negocios o personas que tienen una idea de negocio en mente podrás responder a estar preguntas y muchas más</p>
<br/>
<p>En este curso te ofrecemos:</p>
<ul>
<li>Un marco para controlar y reducir los riesgos que pueden afectar la viabilidad de tu negocio.</li>
<li>Instrumentos para validar o refutar tus hipótesis.</li>
<li>Una guía para que puedas diseñar propio tu Producto y Canal Mínimo Viable.</li>
</ul>
<p></p></div>","['Learning Domain', 'Workplace skills - Ways of working', 'Learning Domain Primary', 'Professional skills']"
https://skills.yourlearning.ibm.com/activity/URL-EIHO2S0ZAHI,ways_of_working,Video,How to speak so that people want to listen | Julian Treasure | TED Talk,9 mins 59 s,2791 learners have completed this activity in the past 12 months.,Average rating of 4.5 stars by 38 learners in the past 12 months.,38,"<h2 class=""FullPageDescription_title__WsNdH""><span dir=""ltr"" lang=""en"" translate=""yes"">About this learning activity</span></h2><div dir=""ltr"" lang=""en"" translate=""yes""><p>Have you ever felt like you're talking, but nobody is listening? Here's Julian Treasure to help you fix that. As the sound expert demonstrates some useful vocal exercises and shares tips on how to speak with empathy, he offers his vision for a sonorous world of listening and understanding.<br/><br/>
 This video is presented by TED Talk.<br/><br/>
 After you complete this activity, return to this page to select <strong>Mark complete</strong> for completion credit.<br/><br/><strong>Note</strong>: On the video toolbar, go to <strong>Settings</strong>, select <strong>Subtitles</strong>, select <strong>English</strong>, and then select <strong>Auto-Translate </strong>to enable subtitles in a language of your choice from the drop-down.</p></div>","['Learning Domain', 'Workplace skills - Ways of working', 'Learning Domain Primary', 'Professional skills']"
https://skills.yourlearning.ibm.com/activity/URL-C2QB1UTTWXM,ways_of_working,Video,How To Make Better Decisions - 12 Decision Making Tips | Brainy Dose,10 mins,202 learners have completed this activity in the past 12 months.,Average rating of 5 stars by 70 learners in the past 12 months.,70,"<h2 class=""FullPageDescription_title__WsNdH""><span dir=""ltr"" lang=""en"" translate=""yes"">About this learning activity</span></h2><div dir=""ltr"" lang=""en"" translate=""yes""><p>Watch this video to learn about some simple decision making tips so you can learn how to make better decisions about health, work, finances, and relationships.<br/><br/>
 This video is presented by Brainy Dose.<br/><br/>
 After you complete this activity, return to this page to select <strong>Mark complete</strong> for completion credit.<br/><br/><strong>Note</strong>: On the video toolbar, go to <strong>Settings</strong>, select <strong>Subtitles</strong>, select <strong>English</strong>, and then select <strong>Auto-Translate </strong>to enable subtitles in a language of your choice from the drop-down.</p></div>","['Learning Domain', 'Workplace skills - Ways of working', 'Other - Health and Wellness', 'Learning Domain Primary', 'Professional skills', 'Lightcast Skills Taxonomy', 'Decision Making Skill']"
https://skills.yourlearning.ibm.com/activity/ILB-EKVWEKYZWXJV75KR,ways_of_working,eLearning,Creación del plan de marketing,3 hrs,455 learners have completed this activity in the past 12 months.,Average rating of 4.5 stars by 36 learners in the past 12 months.,36,"<h2 class=""FullPageDescription_title__WsNdH""><span dir=""ltr"" lang=""en"" translate=""yes"">About this learning activity</span></h2><div dir=""ltr"" lang=""es"" translate=""yes""><p>¿Tienes un producto y quieres saber qué actividades puedes llevar a cabo para darlo a conocer? ¿Quieres saber cómo hacerlo llegar de la forma más fácil posible a tus clientes? ¿Qué costes implica? ¿Qué recursos necesitarás?</p>
<br/>
<p>En este curso te ofrecemos:</p>
<ul>
<li>Un espacio para reflexionar sobre como hacer tu producto o servicio más atractivo de cara al cliente y al distribuidor.</li>
<li>Una guía para planificar estratégicamente tus acciones de promoción y distribución.</li>
<li>La estructura para que puedas hacer un análisis adecuado de tu plan de Marketing y analizar los resultados de tu inversión.</li>
</ul>
<p></p></div>","['Learning Domain', 'Workplace skills - Ways of working', 'Learning Domain Primary', 'Professional skills']"
https://skills.yourlearning.ibm.com/activity/URL-1C073EA26087,ways_of_working,Webpage,Pronouns 101: Why They Matter and What To Do (and Not Do) If You Misgender Someone | Awaken,10 mins,214 learners have completed this activity in the past 12 months.,Average rating of 4.5 stars by 15 learners in the past 12 months.,15,"<h2 class=""FullPageDescription_title__WsNdH""><span dir=""ltr"" lang=""en"" translate=""yes"">About this learning activity</span></h2><div dir=""ltr"" lang=""en"" translate=""yes""><p>Misgendering is incorrectly referring to a person’s gender by incorrectly assuming their gender identity or using incorrect pronouns. Misgendering someone can be done intentionally or unintentionally but it has long lasting harmful impacts.<br/><br/>
 In this blog, learn about how to mitigate misgendering in the workplace and what to do (and not do) if you misgender someone.<br/><br/>
 This blog is authored by Kay Martinez for Awaken.<br/><br/>
 After you complete this activity, return to this page to select <strong>Mark complete</strong> for completion credit.</p></div>","['Learning Domain', 'Workplace skills - Ways of working', 'Learning Domain Primary', 'Professional skills']"
https://skills.yourlearning.ibm.com/activity/URL-I0A61WFAF8A,ways_of_working,Video,The 7 secrets of the greatest speakers in history | Richard Greene | TEDxOrangeCoast,18 mins,149 learners have completed this activity in the past 12 months.,Average rating of 4.5 stars by 19 learners in the past 12 months.,19,"<h2 class=""FullPageDescription_title__WsNdH""><span dir=""ltr"" lang=""en"" translate=""yes"">About this learning activity</span></h2><div dir=""ltr"" lang=""en"" translate=""yes"">“Every single human being can be a great speaker.” Join Richard Greene as he shares his seven secrets that great speakers do for their words to create a tipping point and to impact their listeners.Hear about the importance of words plus voice tone and body language. Based on these three, further consider the importance of a lasered compelling message, creating a conversation rather than giving a speech, different communication languages, and sharing your authentic passion. See how these principles have been used to make significant impacts by effective speakers in history.<br/><br/>Once you finish this activity, return to this page and click on ""Mark complete"" for completion credit. </div>","['Learning Domain', 'Workplace skills - Ways of working', 'Learning Domain Primary', 'Professional skills', 'Lightcast Skills Taxonomy', 'Communications Skill']"
https://skills.yourlearning.ibm.com/activity/ILB-XVPXEMXNPRPZ8PJ7,ways_of_working,eLearning,Planificar la búsqueda de empleo,3 hrs,108 learners have completed this activity in the past 12 months.,Average rating of 4.5 stars by 29 learners in the past 12 months.,29,"<h2 class=""FullPageDescription_title__WsNdH""><span dir=""ltr"" lang=""en"" translate=""yes"">About this learning activity</span></h2><div dir=""ltr"" lang=""es"" translate=""yes""><p>¿Qué profesión quieres ejercer? ¿Quieres cambiar de trabajo? ¿Cómo es esa profesión en la que estás pensando? ¿Te has planteado alguna vez tener el trabajo de tus sueños? ¿Conoces el mercado laboral?</p>
<br/>
<p>En este curso te ofrecemos:</p>
<ul>
<li>Un marco para que reflexiones sobre tu futuro profesional cuando busques empleo.</li>
<li>Instrumentos para analizar la realidad de la profesión en la que estás pensando.</li>
<li>Pistas para definir tu objetivo profesional.</li>
</ul>
<p></p></div>","['Learning Domain', 'Workplace skills - Ways of working', 'Learning Domain Primary', 'Professional skills']"
https://skills.yourlearning.ibm.com/activity/URL-CTIUIN6INIQ,ways_of_working,Video,"How to make faster decisions | The Way We Work, a TED series",5 mins 8 s,190 learners have completed this activity in the past 12 months.,Average rating of 5 stars by 33 learners in the past 12 months.,33,"<h2 class=""FullPageDescription_title__WsNdH""><span dir=""ltr"" lang=""en"" translate=""yes"">About this learning activity</span></h2><div dir=""ltr"" lang=""en"" translate=""yes""><p>In a world of endless reviews and options, it's easy to become paralyzed by indecision. Investor and writer Patrick McGinnis shares the dangers of ""FOBO"" (the fear of better options) and how to overcome it.<br/><br/>
 This video is presented by TED.<br/><br/>
 After you complete this activity, return to this page to select <strong>Mark complete</strong> for completion credit.<br/><br/><strong>Note</strong>: On the video toolbar, go to <strong>Settings</strong>, select <strong>Subtitles</strong>, select <strong>English</strong>, and then select <strong>Auto-Translate </strong>to enable subtitles in a language of your choice from the drop-down.</p></div>","['Learning Domain', 'Workplace skills - Ways of working', 'Learning Domain Primary', 'Professional skills']"
https://skills.yourlearning.ibm.com/activity/ILB-WWZNYDQRENGV139Y,ways_of_working,eLearning,Lean Startup: Fase de lanzamiento,1 hr 2 mins,540 learners have completed this activity in the past 12 months.,Average rating of 4.5 stars by 39 learners in the past 12 months.,39,"<h2 class=""FullPageDescription_title__WsNdH""><span dir=""ltr"" lang=""en"" translate=""yes"">About this learning activity</span></h2><div dir=""ltr"" lang=""es"" translate=""yes""><p>¿Es mi negocio realmente viable? ¿Cómo decido qué características incluir en mi producto o servicio? En este curso que se dirige especialmente a emprendedores de pequeños negocios o personas que tienen una idea de negocio en mente podrás responder a estar preguntas y muchas más</p>
<br/>
<p>En este curso te ofrecemos:</p>
<ul>
<li>Un marco para reflexionar sobre tu la viabilidad de tu proyecto, para que puedas decidir si tienes que pivotar, perseverar, o abandonar.</li>
<li>Una guía para determinar las características que definirán tu producto o servicio final.</li>
<li>Estrategias para aumentar tus ventas y, por lo tanto, hacer crecer tu negocio.</li>
</ul>
<p></p></div>","['Learning Domain', 'Workplace skills - Ways of working', 'Learning Domain Primary', 'Professional skills']"
https://skills.yourlearning.ibm.com/activity/URL-F1225614FD2C,ways_of_working,Webpage,How to Work From Home Without Losing Your Mind | WIRED,10 mins,322 learners have completed this activity in the past 12 months.,Average rating of 4.5 stars by 13 learners in the past 12 months.,13,"<h2 class=""FullPageDescription_title__WsNdH""><span dir=""ltr"" lang=""en"" translate=""yes"">About this learning activity</span></h2><div dir=""ltr"" lang=""en"" translate=""yes"">No matter why you're work from home (WFH), snack breaks and boundaries are your friends. Here are some suggestions and tactics to set you up for success, regardless of why you’re telecommuting, or for how long. 
<br/>
<br/>
This article is presented by <a href=""https://www.wired.com/"" rel=""noopener noreferrer nofollow"" target=""_blank"">Wired</a> and authored by Brian Barrett. 
<br/>
<br/>
When you complete the article, be sure to return to this Your Learning activity page to select <strong>Mark Complete</strong> for completion credit. 
<br/>
<br/><strong>Note</strong>: This activity is available only in English.</div>","['Learning Domain', 'Workplace skills - Ways of working', 'Learning Domain Primary', 'Professional skills']"
https://skills.yourlearning.ibm.com/activity/URL-A281274C16FD,ways_of_working,Video,Master PowerPoint: 15 Essential Tips | envato-tuts+,30 mins,475 learners have completed this activity in the past 12 months.,Average rating of 4.5 stars by 31 learners in the past 12 months.,31,"<h2 class=""FullPageDescription_title__WsNdH""><span dir=""ltr"" lang=""en"" translate=""yes"">About this learning activity</span></h2><div dir=""ltr"" lang=""en"" translate=""yes""><p>In this series of videos, you'll learn how to create a PowerPoint presentation that makes an impact. You'll learn everything from how to use PowerPoint templates and how to use slide masters in PowerPoint through to how to use animation in PowerPoint and how to make a slideshow with music.<br/><br/>
 The video tutorials are presented by envato-tuts+.<br/><br/>
 After you complete this activity, return to this page to select <strong>Mark complete</strong> for completion credit.<br/><br/><strong>Note</strong>: This activity is available only in English.</p></div>","['Learning Domain', 'Workplace skills - Ways of working', 'Learning Domain Primary', 'Professional skills', 'Lightcast Skills Taxonomy', 'Microsoft PowerPoint Skill']"
https://skills.yourlearning.ibm.com/activity/URL-0688B83FBA61,ways_of_working,eLearning,Développez votre activité avec le marketing de contenu,6 hrs,214 learners have completed this activity in the past 12 months.,Average rating of 5 stars by 4 learners in the past 12 months.,4,"<h2 class=""FullPageDescription_title__WsNdH""><span dir=""ltr"" lang=""en"" translate=""yes"">About this learning activity</span></h2><div dir=""ltr"" lang=""fr"" translate=""yes""><p>Vous cherchez un moyen de :<br/>
 - développer votre notoriété ? <br/>
 - d’attirer de nouveaux clients ? <br/>
 - ou de fidéliser vos clients actuels ?<br/>
 Alors essayez-vous au marketing de contenu !<br/>
 Dans ce cours, je vais vous montrer comment élaborer une stratégie éditoriale de A à Z.<br/><br/>
 Ce Mooc est proposé par Open Class Room. <br/>
 Après avoir complété cette activité, assurez-vous de retourner sur la page d'activité Your Learning pour cocher la case ""Complété"" afin d'indiquer la réalisation de l'apprentissage. <br/>
 Note : cette activité est uniquement disponible en français. </p></div>","['Areas of Interest', 'Professional skills > Problem solving', 'Professional skills > Leadership', 'Professional skills > Digital literacy', 'Learning Domain', 'Workplace skills - Ways of working', 'Learning Domain Primary', 'Professional skills', 'Popular Subjects', 'Digital literacy']"
https://skills.yourlearning.ibm.com/activity/URL-2550DC5D7C11,ways_of_working,Webpage,Où trouver de l’aide pour mes démarches administratives ? | l’Adie,5 mins,172 learners have completed this activity in the past 12 months.,Average rating of 5 stars by 3 learners in the past 12 months.,3,"<h2 class=""FullPageDescription_title__WsNdH""><span dir=""ltr"" lang=""en"" translate=""yes"">About this learning activity</span></h2><div dir=""ltr"" lang=""fr"" translate=""yes""><p>Dans votre vie d'entrepreneur vous allez devoir engager des démarches administratives, souvent complexes: s'immatriculer, payer vos  cotisations, gerer vos frais de sante, vous  former.<br/><br/>
 Cette fiche pratique  en ligne est proposée par l’Adie.<br/><br/>
 Après avoir suivi cette activité, revenez sur cette page et sélectionnez ""<strong>Marquer terminé</strong>"" afin de prendre en compte ce parcours.<br/><br/>
 Note : cette activitéest uniquement disponible en français.</p></div>","['Learning Domain', 'Workplace skills - Ways of working', 'Learning Domain Primary', 'Professional skills']"
https://skills.yourlearning.ibm.com/activity/URL-0D4C5196B36A,ways_of_working,Webpage,How to Take Better Breaks to Boost Your Productivity | PCMag,10 mins,284 learners have completed this activity in the past 12 months.,Average rating of 4.5 stars by 21 learners in the past 12 months.,21,"<h2 class=""FullPageDescription_title__WsNdH""><span dir=""ltr"" lang=""en"" translate=""yes"">About this learning activity</span></h2><div dir=""ltr"" lang=""en"" translate=""yes""><p>In this new work-from-home world, there's a bigger need than ever to pace ourselves. Taking breaks is necessary, but there's a fine line between a productivity-boosting rest and procrastinating. Here's what you need to know to recharge right.<br/><br/>
 This article is presented by <a href=""https://www.pcmag.com/"" rel=""noopener noreferrer nofollow"" target=""_blank"">PCMag</a> and authored by Jill Duffy.<br/><br/>
 When you complete the article, be sure to return to this Your Learning activity page to select <strong>Mark Complete</strong> for completion credit.<br/><br/><strong>Note</strong>: This activity is available only in English.</p></div>","['Learning Domain', 'Workplace skills - Ways of working', 'Learning Domain Primary', 'Professional skills']"
https://skills.yourlearning.ibm.com/activity/URL-A9333B324AE2,ways_of_working,Webpage,Combien dois-je investir pour créer mon entreprise ? | l’Adie,3 mins,230 learners have completed this activity in the past 12 months.,Average rating of 4.5 stars by 6 learners in the past 12 months.,6,"<h2 class=""FullPageDescription_title__WsNdH""><span dir=""ltr"" lang=""en"" translate=""yes"">About this learning activity</span></h2><div dir=""ltr"" lang=""fr"" translate=""yes""><p>Avant de gagner de l’argent, il faut que l'on en dépense. Vous avez besoin de lister l’ensemble de vos  premières dépenses : les frais de lancement de votre entreprise, les achats obligatoires pour mettre en œuvre et mener votre activité et vos besoins de trésorerie. Ce travail vous permet de déterminer vos besoins ou plan de financement, de contribuer à l’élaboration de votre budget prévisionnel et enfin de votre plan de trésorerie. <br/><br/>
 Cette fiche pratique  en ligne est proposée par l’Adie.<br/><br/>
 Après avoir suivi cette activité, revenez sur cette page et sélectionnez ""<strong>Marquer terminé</strong>"" afin de prendre en compte ce parcours.<br/><br/>
 Note : cette activitéest uniquement disponible en français.</p></div>","['Learning Domain', 'Workplace skills - Ways of working', 'Learning Domain Primary', 'Professional skills']"
https://skills.yourlearning.ibm.com/activity/ILB-WWZPRVYEYWJV30JN,ways_of_working,eLearning,Marketing: Estrategia,1 hr 50 mins,471 learners have completed this activity in the past 12 months.,Average rating of 4.5 stars by 30 learners in the past 12 months.,30,"<h2 class=""FullPageDescription_title__WsNdH""><span dir=""ltr"" lang=""en"" translate=""yes"">About this learning activity</span></h2><div dir=""ltr"" lang=""es"" translate=""yes""><p>¿Tienes un pequeño negocio? ¿Te gustaría emprender? ¿Sabes cómo tener una estrategia de marketing adecuada para ti? ¿Qué significa comunicar o distribuir un producto? ¿Cómo se relacionan los conceptos de producto, precio, promoción o comunicación y distribución o venta?</p>
<br/>
<p>En este curso te ofrecemos:</p>
<ul>
<li>Un marco para que reflexiones y empieces a trabajar en la estrategia de marketing de tu negocio o proyecto empresarial.</li>
<li>Te hablamos de los cuatro elementos que tendrás que considerar en tu estrategia de marketing: producto, precio, promoción o comunicación y distribución o venta.</li>
<li>Te ayudaremos para que puedas apalancarte en esos cuatro elementos para hacer crecer tu negocio.</li>
</ul>
<p></p></div>","['Learning Domain', 'Workplace skills - Ways of working', 'Learning Domain Primary', 'Professional skills']"
https://skills.yourlearning.ibm.com/activity/ILB-JYKKQGXKQQJJ942N,ways_of_working,eLearning,Marketing: Análisis,2 hrs 25 mins,502 learners have completed this activity in the past 12 months.,Average rating of 4.5 stars by 38 learners in the past 12 months.,38,"<h2 class=""FullPageDescription_title__WsNdH""><span dir=""ltr"" lang=""en"" translate=""yes"">About this learning activity</span></h2><div dir=""ltr"" lang=""es"" translate=""yes""><p>¿Qué es marketing? ¿Qué papel juega en tu empresa o proyecto? ¿En qué momento de su ciclo de vida está tu producto? ¿Cómo puedes adquirir el hábito de poner a tu cliente siempre en el centro también en las actividades de marketing?</p>
<br/>
<p>En este curso te ofrecemos:</p>
<ul>
<li>Un marco para que entiendas qué es marketing y el papel que juega para tu negocio o proyecto.</li>
<li>Reflexiones para centrar tu actividad para satisfacer las necesidades, solucionar los problemas o cubrir las expectativas de tus clientes.</li>
</ul>
<p></p></div>","['Learning Domain', 'Workplace skills - Ways of working', 'Learning Domain Primary', 'Professional skills']"
https://skills.yourlearning.ibm.com/activity/URL-NW5S_-NL3JE,ways_of_working,Video,Unconscious Bias at Work — Making the Unconscious Conscious | Life at Google,3 mins 59 s,286 learners have completed this activity in the past 12 months.,Average rating of 5 stars by 12 learners in the past 12 months.,12,"<h2 class=""FullPageDescription_title__WsNdH""><span dir=""ltr"" lang=""en"" translate=""yes"">About this learning activity</span></h2><div dir=""ltr"" lang=""en"" translate=""yes""><p>Unconscious biases influence our actions every day, even when—by definition—we don’t notice them. These biases are shaped by our experiences and by cultural norms, and allow us to filter information and make quick decisions. We’ve evolved to trust our guts. But sometimes these mental shortcuts can lead us astray, especially when they cause us to misjudge people.<br/><br/>
 Learn about the Unconscious Bias at Work workshop, in which more than 26,000 Googlers have taken part.<br/><br/>
 This video is presented by Life at Google.<br/><br/>
 After you complete this activity, return to this page to select <strong>Mark complete</strong> for completion credit.<br/><br/><strong>Note</strong>: On the video toolbar, go to <strong>Settings</strong>, select <strong>Subtitles</strong>, select <strong>English</strong>, and then select <strong>Auto-Translate </strong>to enable subtitles in a language of your choice from the drop-down.</p></div>","['Learning Domain', 'Workplace skills - Ways of working', 'Learning Domain Primary', 'Professional skills', 'Lightcast Skills Taxonomy', 'Decision Making Skill']"
https://skills.yourlearning.ibm.com/activity/ILB-VQMJMRRNKKQX337J,ways_of_working,eLearning,Análisis del Modelo de Negocio,3 hrs 5 mins,507 learners have completed this activity in the past 12 months.,Average rating of 4.5 stars by 35 learners in the past 12 months.,35,"<h2 class=""FullPageDescription_title__WsNdH""><span dir=""ltr"" lang=""en"" translate=""yes"">About this learning activity</span></h2><div dir=""ltr"" lang=""es"" translate=""yes""><p>Tienes un negocio ¿lo conoces bien? Tal vez estás pensando en emprender ¿qué sabes de tu posible negocio? ¿Qué es lo más importante de mi negocio? ¿En quién me tengo que apoyar para sacar adelante mi idea? ¿Qué recursos necesitas para sacar adelante tu negocio? ¿Qué es lo que hace que un negocio tenga éxito? ¿Conozco bien a mi cliente y lo que puedo hacer por él?</p>
<br/>
<p>Son muchas preguntas, y algunas no son fáciles de responder.</p>
<br/>
<p>En este curso, respondemos a estas preguntas utilizando, el Canvas de Modelo de Negocio, que te permitirá definir de manera ágil todos los elementos de tu negocio y cómo se relacionan entre ellos.</p></div>","['Learning Domain', 'Workplace skills - Ways of working', 'Learning Domain Primary', 'Professional skills']"
https://skills.yourlearning.ibm.com/activity/URL-40C045B4359F,ways_of_working,Webpage,How to Work From Home Without Feeling Overwhelmed | ATD,15 mins,326 learners have completed this activity in the past 12 months.,Average rating of 4 stars by 14 learners in the past 12 months.,14,"<h2 class=""FullPageDescription_title__WsNdH""><span dir=""ltr"" lang=""en"" translate=""yes"">About this learning activity</span></h2><div dir=""ltr"" lang=""en"" translate=""yes"">We’re in the midst of a major shift in the way we work. The coronavirus (COVID-19) crisis has led companies all over the world to shift their office-based staff to working from home. While many people already know the best way to cope with their homes turning into their offices, it can be overwhelming for anyone not accustomed to the isolation or managing the potential distractions. Here are some ways you can deal with these overwhelming feelings. 
<br/>
<br/>
This article is presented by the <a href=""https://www.td.org/"" rel=""noopener noreferrer nofollow"" target=""_blank"">Association for Talent Development (ATD)</a> and authored by Taylor Tomita. 
<br/>
<br/>
When you complete the article, be sure to return to this Your Learning activity page to select <strong>Mark Complete</strong> for completion credit. 
<br/>
<br/><strong>Note</strong>: This activity is available only in English.</div>","['Learning Domain', 'Workplace skills - Ways of working', 'Learning Domain Primary', 'Professional skills']"
https://skills.yourlearning.ibm.com/activity/URL-MOI7FNWLKJU,ways_of_working,Video,Building Traits of a Good Virtual Team Member | Skillsoft YouTube,3 mins 58 s,114 learners have completed this activity in the past 12 months.,Average rating of 3.5 stars by 3 learners in the past 12 months.,3,"<h2 class=""FullPageDescription_title__WsNdH""><span dir=""ltr"" lang=""en"" translate=""yes"">About this learning activity</span></h2><div dir=""ltr"" lang=""en"" translate=""yes""><p>For many people, working on a virtual team in a remote work setting can be challenging. While some people may thrive in the flexible and remote setting, others may not be prepared to face the challenges of working remotely, away from physical office spaces. Learn strategies for successfully handling common challenges like communicating and collaborating with other team members, time management, maintaining a work-life balance and more.<br/><br/>
 This video is presented by Skillsoft YouTube.<br/><br/>
 After you complete this activity, return to this page to select <strong>Mark complete</strong> for completion credit.<br/><br/><strong>Note</strong>: On the video toolbar, go to <strong>Settings</strong>, select <strong>Subtitles</strong>, select <strong>English</strong>, and then select <strong>Auto-Translate </strong>to enable subtitles in a language of your choice from the drop-down.</p></div>","['Learning Domain', 'Workplace skills - Ways of working', 'Learning Domain Primary', 'Professional skills', 'Lightcast Skills Taxonomy', 'Communications Skill', 'Time Management Skill']"
https://skills.yourlearning.ibm.com/activity/URL-DEYUUFAK08Y,ways_of_working,Video,Lets stop talking about diversity and start working towards equity  | Paloma Medina | TEDxPortland,15 mins,10 learners have completed this activity in the past 12 months.,Average rating of 3.5 stars by 3 learners in the past 12 months.,3,"<h2 class=""FullPageDescription_title__WsNdH""><span dir=""ltr"" lang=""en"" translate=""yes"">About this learning activity</span></h2><div dir=""ltr"" lang=""en"" translate=""yes""><p>Paloma Medina challenges our paradigm of diversity in the work place and in society with this eloquent, humorous talk. We need to do a “find and replace” in our vocabulary challenging the concept of diversity vs. equity.<br/><br/>After you complete this activity, return to this page to select <strong>Mark complete</strong> for completion credit.</p></div>","['Learning Domain', 'Workplace skills - Ways of working', 'Learning Domain Primary', 'Professional skills']"
https://skills.yourlearning.ibm.com/activity/URL-2982D2F3EE2B,ways_of_working,Webpage,Comment communiquer sur mon entreprise ?,5 mins,167 learners have completed this activity in the past 12 months.,Average rating of 3 stars by 2 learners in the past 12 months.,2,"<h2 class=""FullPageDescription_title__WsNdH""><span dir=""ltr"" lang=""en"" translate=""yes"">About this learning activity</span></h2><div dir=""ltr"" lang=""fr"" translate=""yes"">Avant de me lancer, je dois d’abord savoir à qui je veux faire connaître mon entreprise et comment je présente mon entreprise. 
<br/>
Je garde en tête que tous mes (premiers !) clients satisfaits sont mes meilleurs ambassadeurs. 
<br/>
Pour ne pas me disperser entre tous les moyens de communication qui sont disponibles, je prépare mon plan de communication et je priorise. 
<br/>
<br/>
<br/>
Cette activité est proposée par l'ADIE.  
<br/>
   
<br/>
Après avoir suivi cette activité, revenez sur cette page et sélectionnez  <strong>Marque comme étant terminé</strong>afin de prendre en compte ce parcours.  
<br/>
<br/>
Note : cette activité est uniquement disponible en français.</div>","['Areas of Interest', 'Professional skills > Leadership', 'Professional skills > Communication', 'Learning Domain', 'Workplace skills - Ways of working', 'Learning Domain Primary', 'Professional skills']"
https://skills.yourlearning.ibm.com/activity/ILB-RKEPVYYPPJEN4QV5,ways_of_working,eLearning,Análisis de mercado,2 hrs 10 mins,471 learners have completed this activity in the past 12 months.,Average rating of 4.5 stars by 19 learners in the past 12 months.,19,"<h2 class=""FullPageDescription_title__WsNdH""><span dir=""ltr"" lang=""en"" translate=""yes"">About this learning activity</span></h2><div dir=""ltr"" lang=""es"" translate=""yes""><p>¿Sabes cuál es el mercado de tu producto? ¿Cómo definirías el mercado de tu producto? ¿Es el mercado un conjunto de clientes? ¿Es el mercado un concepto geográfico? ¿Quién actúa en este mercado? ¿Sólo tus competidores? ¿Cómo valorar la entrada de nuevas empresas en un mercado?</p>
<br/>
<p>En este curso te proponemos que te familiarices con el Modelo de las Cinco Fuerzas propuesto por Michael Porter, que, de manera estructurada, te llevará a reflexionar sobre los distintos actores o agentes que intervienen en tu mercado. Además, te propondremos que reflexiones sobre cómo se posiciona tu producto, en un doble sentido: cuál es su posición en el mercado y cómo es percibido por tus clientes o potenciales clientes.</p></div>","['Learning Domain', 'Workplace skills - Ways of working', 'Learning Domain Primary', 'Professional skills']"
https://skills.yourlearning.ibm.com/activity/URL-RXLH3TM8Q4Y,ways_of_working,Video,Overcoming Virtual Team Conflict | Skillsoft YouTube,3 mins 3 s,117 learners have completed this activity in the past 12 months.,Average rating of 4 stars by 2 learners in the past 12 months.,2,"<h2 class=""FullPageDescription_title__WsNdH""><span dir=""ltr"" lang=""en"" translate=""yes"">About this learning activity</span></h2><div dir=""ltr"" lang=""en"" translate=""yes""><p>Virtual teams face the same difficulties as other teams, but in addition, they also present some unique challenges. Avoiding and handling conflict among remote team members is different, and at times more complex, than mitigating conflict within a collocated team. While many conflict management strategies still apply, employing them when the parties involved may be in different cities, or even different continents, requires skill and deft handling.<br/><br/>
 This video is presented by Skillsoft YouTube.<br/><br/>
 After you complete this activity, return to this page to select <strong>Mark complete</strong> for completion credit.<br/><br/><strong>Note</strong>: On the video toolbar, go to <strong>Settings</strong>, select <strong>Subtitles</strong>, select <strong>English</strong>, and then select <strong>Auto-Translate </strong>to enable subtitles in a language of your choice from the drop-down.</p></div>","['Learning Domain', 'Workplace skills - Ways of working', 'Learning Domain Primary', 'Professional skills']"
https://skills.yourlearning.ibm.com/activity/URL-8DDDA3D756CF,ways_of_working,eLearning,English: Video Conferencing: Face to Face but Online - Georgia Tech by Coursera,1 hr,33 learners have completed this activity in the past 12 months.,Average rating of 3 stars by 1 learner in the past 12 months.,1,"<h2 class=""FullPageDescription_title__WsNdH""><span dir=""ltr"" lang=""en"" translate=""yes"">About this learning activity</span></h2><div dir=""ltr"" lang=""en"" translate=""yes"">This lesson is part of a full course, Speak English Professionally: In Person, Online &amp; On the Phone. Take this lesson to get a short tutorial on the learning objectives covered. To dive deeper into this topic, take the full course. 
<br/>By the end of this lesson, you will be able to review video conferencing scenarios. 
<br/>Approx. 1 hour to complete 
<br/>Subtitles: Arabic, French, Ukrainian, Chinese (Simplified), Greek, Portuguese (Brazilian), 
<br/>Vietnamese, Korean, Russian, Turkish, English, Spanish, Japanese, Persian 
<br/> </div>","['Learning Domain', 'Workplace skills - Ways of working', 'Learning Domain Primary', 'Professional skills']"
https://skills.yourlearning.ibm.com/activity/URL-A027C0840C74,ways_of_working,eLearning,English: Get Ready for the Interview - Georgia Tech by Coursera,1 hr,55 learners have completed this activity in the past 12 months.,Average rating of 4 stars by 4 learners in the past 12 months.,4,"<h2 class=""FullPageDescription_title__WsNdH""><span dir=""ltr"" lang=""en"" translate=""yes"">About this learning activity</span></h2><div dir=""ltr"" lang=""en"" translate=""yes"">This lesson is part of a full course, Speak English Professionally: In Person, Online &amp; On the Phone. Take this lesson to get a short tutorial on the learning objectives covered. To dive deeper into this topic, take the full course. 
<br/>By the end of this lesson, you will be able to: - Practice and prepare yourself for an interview - Examine appropriate body language for interviews. 
<br/>Approx. 1 hour to complete 
<br/>Subtitles: Arabic, French, Chinese (Simplified), Greek, Portuguese (Brazilian), Vietnamese, Korean, Turkish, English, Spanish, Japanese, Persian 
<br/> </div>","['Learning Domain', 'Workplace skills - Ways of working', 'Learning Domain Primary', 'Professional skills']"
https://skills.yourlearning.ibm.com/activity/ILB-DNRDJKPGXGJY304K,ways_of_working,eLearning,Habilidades de ventas,2 hrs 20 mins,455 learners have completed this activity in the past 12 months.,Average rating of 4.5 stars by 32 learners in the past 12 months.,32,"<h2 class=""FullPageDescription_title__WsNdH""><span dir=""ltr"" lang=""en"" translate=""yes"">About this learning activity</span></h2><div dir=""ltr"" lang=""es"" translate=""yes""><p>¿Quieres saber cómo apoyar a tus clientes y enfocarte en sus necesidades para hacer que tu producto o servicio sea un éxito? ¿Te gustaría saber vender tus productos y que tus clientes también cubran sus necesidades? ¿Te gustaría aumentar tus ventas?</p>
<br/>
<p>En este curso te ofrecemos:</p>
<ul>
<li>Espacio para reflexionar sobre las necesidades de tus clientes y las maneras de orientar tus productos o servicios hacia mejores soluciones para los mismos.</li>
<li>Una guía para entrenar las habilidades personales que te llevarán a ser una persona que vende con éxito.</li>
<li>Estrategias de innovación para aumentar y afianzar las ventas, perfeccionar tus productos o servicios, y adaptarte a los cambios del entorno.</li>
</ul>
<p></p></div>","['Learning Domain', 'Workplace skills - Ways of working', 'Learning Domain Primary', 'Professional skills']"
https://skills.yourlearning.ibm.com/activity/ILB-RKEWNNDMKKVV41E6,ways_of_working,eLearning,Herramientas de ventas,2 hrs 50 mins,445 learners have completed this activity in the past 12 months.,Average rating of 4.5 stars by 41 learners in the past 12 months.,41,"<h2 class=""FullPageDescription_title__WsNdH""><span dir=""ltr"" lang=""en"" translate=""yes"">About this learning activity</span></h2><div dir=""ltr"" lang=""es"" translate=""yes""><p>¿Tienes tu negocio y quieres saber en qué puedes apoyarte para tener más ventas? ¿Te gustaría conocer diferentes herramientas que pueden apoyarte en la venta y en hacer un mejor uso de tus esfuerzos?</p>
<br/>
<p>En este curso te ofrecemos:</p>
<ul>
<li>Un espacio para reflexionar sobre como mejorar cada una de las etapas de tu proceso de ventas.</li>
<li>Instrumentos en los que apoyarte y una guía para poder utilizarlos desde el primer momento.</li>
<li>Opciones e ideas para plantearte nuevos enfoques de ventas para gestionar mejor las relaciones con tus clientes.</li>
</ul>
<p></p></div>","['Learning Domain', 'Workplace skills - Ways of working', 'Learning Domain Primary', 'Professional skills']"
https://skills.yourlearning.ibm.com/activity/URL-2D612A3A11D4,ways_of_working,eLearning,Introduction à l'économie de l'innovation | FUN-MOOC,21 hrs,108 learners have completed this activity in the past 12 months.,Average rating of 4 stars by 1 learner in the past 12 months.,1,"<h2 class=""FullPageDescription_title__WsNdH""><span dir=""ltr"" lang=""en"" translate=""yes"">About this learning activity</span></h2><div dir=""ltr"" lang=""fr"" translate=""yes"">L’innovation a toujours été au centre des enjeux économiques et aujourd’hui plus encore : innovation technologique mais aussi innovation dans la recherche et dans la formation. A la frontière entre la théorie et la société, ce cours traite d’un sujet qui intéresse le monde de l’entreprise, les étudiants en économie et tous les acteurs dont le domaine d’étude ou l’environnement professionnel est en lien avec l’innovation. 
<br/>
<br/>
Ce MOOC est proposé par FUN. 
<br/>
<br/>
Après avoir suivi cette activité, revenez sur cette page et sélectionnez "" <strong>Marquer terminé</strong>"" afin de prendre en compte ce parcours. 
<br/>
<br/>
Note : cette activité est uniquement disponible en français.</div>","['Areas of Interest', 'Professional skills > Leadership', 'Professional skills > Problem solving', 'Learning Domain', 'Workplace skills - Ways of working', 'Learning Domain Primary', 'Professional skills']"
https://skills.yourlearning.ibm.com/activity/URL-073181D75C3F,ways_of_working,eLearning,Erfolgreich im Home-Office arbeiten | LinkedIn Learning,10 hrs,226 learners have completed this activity in the past 12 months.,Average rating of 1 star by 1 learner in the past 12 months.,1,"<h2 class=""FullPageDescription_title__WsNdH""><span dir=""ltr"" lang=""en"" translate=""yes"">About this learning activity</span></h2><div dir=""ltr"" lang=""de"" translate=""yes"">Im Home-Office zu arbeiten ist nicht das gleiche, wie im Büro zu arbeiten. In diesem Lernpfad erfahren Sie, wie Sie mit den besonderen Herausforderungen im Home-Office umgehen, um einerseits produktiv zu sein und andererseits auch Grenzen zu ziehen. 
<br/>
<br/>
Bitte beachten Sie: LinkedIn Learning kann Sie dazu auffordern, sich für eine bestimmte Dauer für eine kostenlose Testversion anzumelden; danach fallen oft Kosten für ein Abonnement an. 
<br/>
<br/>
Nachdem Sie diese Aktivität abgeschlossen haben, kehren Sie zu dieser Seite zurück, um sie mit der Option <strong>Als abgeschlossen markieren</strong> (Mark complete).</div>","['Learning Domain', 'Workplace skills - Ways of working', 'Learning Domain Primary', 'Professional skills']"
https://skills.yourlearning.ibm.com/activity/ILB-YZQRWGKMJMXM7Z33,ways_of_working,eLearning,El proceso de selección,4 hrs 35 mins,81 learners have completed this activity in the past 12 months.,Average rating of 4.5 stars by 17 learners in the past 12 months.,17,"<h2 class=""FullPageDescription_title__WsNdH""><span dir=""ltr"" lang=""en"" translate=""yes"">About this learning activity</span></h2><div dir=""ltr"" lang=""es"" translate=""yes""><p>¿Te has inscrito para una vacante en una organización y te han seleccionado? ¿Quieres conocer el proceso de selección para prepararte para una posible entrevista? ¿Conoces qué pruebas suelen hacer las empresas para seleccionar el talento?</p>
<br/>
<p>En este curso te ofrecemos:</p>
<ul>
<li>Una serie de actividades y recursos para que conozcas la variedad de casos y ejercicios que puedes encontrarte en un proceso de selección.</li>
<li>Pruebas psicotécnicas, casos de negocio, Role Playing, y otras muchas.</li>
<li>¡Te damos todos los trucos e información para tener un proceso de selección exitoso!</li>
</ul>
<p></p></div>","['Learning Domain', 'Workplace skills - Ways of working', 'Learning Domain Primary', 'Professional skills']"
https://skills.yourlearning.ibm.com/activity/URL-73245EC4A99B,ways_of_working,Webpage,Préparer son entretien de recrutement dans le monde anglophone | OpenClassrooms,1 hr,665 learners have completed this activity in the past 12 months.,Average rating of 4.5 stars by 9 learners in the past 12 months.,9,"<h2 class=""FullPageDescription_title__WsNdH""><span dir=""ltr"" lang=""en"" translate=""yes"">About this learning activity</span></h2><div dir=""ltr"" lang=""fr"" translate=""yes"">Vous avez présenté un CV impressionnant et une superbe lettre de motivation, et vous avez été appelé pour passer un entretien d'embauche : félicitations ! Le moment tant attendu est enfin arrivé : vous allez rencontrer votre recruteur. C’est peut-être le début de la carrière de vos rêves ! 
<br/>
Votre recruteur cherchera à évaluer vos compétences, à confirmer votre motivation et à juger si vous êtes apte à intégrer son organisation. Vous allez donc devoir démontrer que vous avez les compétences nécessaires pour atteindre les objectifs du poste, et que vous êtes motivé et enthousiaste au sujet du poste et de l'organisation, afin que le recruteur puisse voir que vous vous intégrerez parfaitement dans l’équipe. 
<br/>
<br/>
Ce MOOC est proposé par OpenClassrooms. 
<br/>
  
<br/>
Après avoir suivi cette activité, revenez sur cette page et sélectionnez "" <strong>Marquer terminé</strong>"" afin de prendre en compte ce parcours. 
<br/>
<br/>
Note : cette activité est uniquement disponible en français.</div>","['Learning Domain', 'Workplace skills - Ways of working', 'Learning Domain Primary', 'Professional skills']"
https://skills.yourlearning.ibm.com/activity/URL-D7947D10294C,ways_of_working,Webpage,10 Tips to Help You Be More Efficient Working From Home | Lifehack.org,10 mins,568 learners have completed this activity in the past 12 months.,Average rating of 4.5 stars by 20 learners in the past 12 months.,20,"<h2 class=""FullPageDescription_title__WsNdH""><span dir=""ltr"" lang=""en"" translate=""yes"">About this learning activity</span></h2><div dir=""ltr"" lang=""en"" translate=""yes"">Are you  an expert at working remotely? You will be if you apply these 10 simple tips to your daily routine. 
<br/>
<br/>
Being efficient working from home can be a challenge. There are tons of distractions, less accountability, and less communication than when you’re working in the office. But that doesn’t mean it’s impossible. There are lots of ways to keep yourself working productively from any location. 
<br/>
<br/>
Whether you work from home every day, a couple of times per week, or even if you’re just working from home while you recover from an illness, these tips can help you to get the most out of your remote work hours. You won’t believe how much you can get done in a day! 
<br/>
<br/>
This article is presented by <a href=""https://www.lifehack.org/"" rel=""noopener noreferrer nofollow"" target=""_blank"">Lifehack</a> and authored by Andrea Lotz. 
<br/>
<br/>
After you complete this activity, return to this page to select <strong>Mark complete</strong> for completion credit. 
<br/>
<br/><strong>Note</strong>: This activity is available only in English.</div>","['Learning Domain', 'Workplace skills - Ways of working', 'Learning Domain Primary', 'Professional skills', 'Lightcast Skills Taxonomy', 'Communications Skill']"
https://skills.yourlearning.ibm.com/activity/URL-E6F3FFD5FA6E,ways_of_working,eLearning,Initiez-vous au design thinking | OpenClassrooms,6 hrs,1006 learners have completed this activity in the past 12 months.,Average rating of 4.5 stars by 50 learners in the past 12 months.,50,"<h2 class=""FullPageDescription_title__WsNdH""><span dir=""ltr"" lang=""en"" translate=""yes"">About this learning activity</span></h2><div dir=""ltr"" lang=""fr"" translate=""yes"">Dans ce cours, vous allez comprendre que le design ce n’est pas juste un département dans une entreprise, mais le coeur d’une stratégie plus globale, centrée sur l’humain, qui permet de répondre aux besoins des individus et de résoudre des problèmes parfois complexes. Peu à peu, vous prendrez conscience de l'importance du design et verrez à quel point son approche est fondamentale pour être innovant dans sa vie professionnelle, quelle que soit votre branche. Vous apprendrez à penser comme un designer et à appliquer un ensemble de bonnes pratiques à vos projets de tous les jours. 
<br/>
<br/>
Ce MOOC est proposé par OpenClassrooms. 
<br/>
  
<br/>
Après avoir suivi cette activité, revenez sur cette page et sélectionnez "" <strong>Marquer terminé</strong>"" afin de prendre en compte ce parcours. 
<br/>
<br/>
Note : cette activité est uniquement disponible en français.</div>","['Learning Domain', 'Workplace skills - Ways of working']"
https://skills.yourlearning.ibm.com/activity/ILB-EKRZENNMNEMM1QX2,ways_of_working,eLearning,My Essential Skills Action Plan,15 mins,954 learners have completed this activity in the past 12 months.,Average rating of 4.5 stars by 86 learners in the past 12 months.,86,"<h2 class=""FullPageDescription_title__WsNdH""><span dir=""ltr"" lang=""en"" translate=""yes"">About this learning activity</span></h2><div dir=""ltr"" lang=""en"" translate=""yes""><p>Take time to reflect on the essential skills you learned. What skills will you improve? How will you do that? Complete this activity to design your action plan!</p></div>","['Learning Domain', 'Workplace skills - Ways of working', 'Learning Domain Primary', 'Professional skills']"
https://skills.yourlearning.ibm.com/activity/URL-414CBBA2431E,ways_of_working,eLearning,Simulations | Khan Academy,1 hr,68 learners have completed this activity in the past 12 months.,Average rating of 4 stars by 4 learners in the past 12 months.,4,"<h2 class=""FullPageDescription_title__WsNdH""><span dir=""ltr"" lang=""en"" translate=""yes"">About this learning activity</span></h2><div dir=""ltr"" lang=""en"" translate=""yes""><p>This is the <strong>Simulations </strong>unit from an online, self-paced review course for Computer Science Principles. This unit explores simulations, with interactive examples from various fields. Learn how to use random numbers and walk-through the process of creating a simple simulation.<br/><br/>
 You will find short instructional content offerings, videos, and sample quiz questions to practice what you've learned and ""level up"" on your skills.<br/><br/><strong>Note</strong>: It is designed to prepare for a U.S. college examination, however the computer science content is valuable more broadly.<br/><br/>
 The topics include:</p>
<ul>
<li>Exploring simulations</li>
<li>Simulating randomness</li>
<li>Creating simulations</li>
</ul>
<p><br/>
 The content is offered in English.<br/><br/>
 This learning activity is presented by Khan Academy.<br/><br/>
 After you complete this activity, return to this page to select<strong> Mark complete</strong> for completion credit.</p></div>","['Learning Domain', 'Workplace skills - Ways of working', 'Learning Domain Primary', 'Professional skills', 'Lightcast Skills Taxonomy', 'Computer Science Skill']"
https://skills.yourlearning.ibm.com/activity/URL-6F51D9CD73DE,ways_of_working,eLearning,Storytelling and influencing: Communicate with impact | Coursera,15 mins,3007 learners have completed this activity in the past 12 months.,Average rating of 4 stars by 55 learners in the past 12 months.,55,"<h2 class=""FullPageDescription_title__WsNdH""><span dir=""ltr"" lang=""en"" translate=""yes"">About this learning activity</span></h2><div dir=""ltr"" lang=""en"" translate=""yes""><p>An ambitious vision for the future of your organisation isn’t enough – how do you communicate this vision to get your colleagues on board? The ability to effectively communicate and persuade others is a key leadership skill. Traditional and common-sense models of communication and persuasion often fail to capture the complex nature of ‘influencing’. Via structured learning activities (video lectures, quizzes, discussion prompts and written assessments) this course will develop your capacity to communicate appropriately in different situational and cultural contexts, making you a highly influential leader.<br/><br/>
 This course is offered by Coursera and Macquarie University. It is an online, self-paced course that is beginner level.<br/><br/><strong>Language</strong>: English<br/><strong>Duration</strong>: Approximately 18 hours<br/><strong>Important note</strong>: You can read and view the course content for free. You will be auditing the course or trying a free trial. You may not have access to certain assignments. You would need to enroll at a cost in order to be eligible to earn a certificate.<br/><br/>
 &gt; Return to this page to <strong>Mark complete </strong>to acknowledge that you finished reviewing the course information.</p></div>","['Learning Domain', 'Workplace skills - Ways of working', 'Learning Domain Primary', 'Professional skills', 'Lightcast Skills Taxonomy', 'Leadership Skill', 'Auditing Skill', 'Communications Skill']"
https://skills.yourlearning.ibm.com/activity/ILB-PZXQDEGYQPXQQKWV,ways_of_working,eLearning,My Professional Skills Action Plan,15 mins,18738 learners have completed this activity in the past 12 months.,Average rating of 4.5 stars by 357 learners in the past 12 months.,357,"<h2 class=""FullPageDescription_title__WsNdH""><span dir=""ltr"" lang=""en"" translate=""yes"">About this learning activity</span></h2><div dir=""ltr"" lang=""en"" translate=""yes""><p>Take time to reflect on the professional skills you learned. What skills will you improve? How will you do that? Complete this activity to design your action plan!</p></div>","['Learning Domain', 'Workplace skills - Ways of working', 'Learning Domain Primary', 'Professional skills']"
https://skills.yourlearning.ibm.com/activity/URL-B3D368A4B750,ways_of_working,eLearning,Prospectez des nouveaux clients | OpenClassrooms,8 hrs,254 learners have completed this activity in the past 12 months.,Average rating of 5 stars by 2 learners in the past 12 months.,2,"<h2 class=""FullPageDescription_title__WsNdH""><span dir=""ltr"" lang=""en"" translate=""yes"">About this learning activity</span></h2><div dir=""ltr"" lang=""fr"" translate=""yes"">Vous voulez remplir votre agenda de rendez-vous avec des prospects ? Découvrez dans ce cours les comportements et méthodes à adopter. Avec ce cours, vous allez gagner en confiance en soi et en organisation. Conquérir de nouveaux clients et commencer par prendre des rendez-vous avec des prospects est une activité difficile. C’est pourtant la garantie du chiffre d’affaires futur. Ce MOOC vous apprendra à être à l'aise sur la prise de rendez-vous, afin que l’exercice devienne facile et plaisant pour vous ! Pour prendre rendez-vous, nous aborderons principalement les méthodes de prospection téléphonique, mais aussi d’autres outils complémentaires, comme les réseaux sociaux. 
<br/>
<br/>
Ce MOOC est proposé par OpenClassrooms et Cornak. 
<br/>
<br/>
Après avoir suivi cette activité, revenez sur cette page et sélectionnez "" <strong>Marquer terminé</strong>"" afin de prendre en compte ce parcours. 
<br/>
  
<br/>
Note : cette activité est uniquement disponible en français.</div>","['Areas of Interest', 'Professional skills > Leadership', 'Professional skills > Problem solving', 'Learning Domain', 'Workplace skills - Ways of working', 'Learning Domain Primary', 'Professional skills']"
https://skills.yourlearning.ibm.com/activity/ILB-XVPPZEPZZYWV24NK,ways_of_working,eLearning,Impacto social,2 hrs 50 mins,445 learners have completed this activity in the past 12 months.,Average rating of 4.5 stars by 47 learners in the past 12 months.,47,"<h2 class=""FullPageDescription_title__WsNdH""><span dir=""ltr"" lang=""en"" translate=""yes"">About this learning activity</span></h2><div dir=""ltr"" lang=""es"" translate=""yes""><p>Como emprendedor es esencial que tengas en cuenta el impacto que tus actividades tienen en tu entorno y que el impacto social es valor que está en extraordinario auge. ¿Qué impacto tiene tu negocio o proyecto en el medio ambiente y las personas de tu entorno? ¿Cómo puedes alinear la misión y valores de tu organización con cuestiones sociales para ser un agente de cambio? ¿Puedes resolver grandes retos sociales y medir los resultados de tus esfuerzos?</p>
<br/>
<p>En este curso hacemos una introducción al Impacto social. En concreto aprenderás:</p>
<ul>
<li>¿Qué es el impacto social?</li>
<li>Valores del emprendedor social.</li>
<li>Identificar un problema o necesidad social.</li>
<li>¿Cuáles son los Objetivos de Desarrollo Sostenible?.</li>
<li>Empresas sociales y el modelo de negocio sostenible.</li>
<li>Herramientas para pedir el impacto social.</li>
</ul>
<p></p></div>","['Learning Domain', 'Workplace skills - Ways of working', 'Learning Domain Primary', 'Professional skills']"
https://skills.yourlearning.ibm.com/activity/ILB-MKPEVZWMDJEJ74QV,ways_of_working,eLearning,Bases de planificación,1 hr 55 mins,446 learners have completed this activity in the past 12 months.,Average rating of 4.5 stars by 31 learners in the past 12 months.,31,"<h2 class=""FullPageDescription_title__WsNdH""><span dir=""ltr"" lang=""en"" translate=""yes"">About this learning activity</span></h2><div dir=""ltr"" lang=""es"" translate=""yes""><p>Como empresario o emprendedor, es esencial que actúes de manera planificada. ¿Qué objetivos tienes con tu negocio o proyecto para este año? ¿Qué actividades tienes que llevar a cabo? ¿Con qué recursos tienes que contar, e incluso de qué recursos puedes prescindir? ¿Cuánto vas a tener que invertir en estos recursos? ¿Cómo vas a saber si has alcanzado tus objetivos?</p>
<br/>
<p>En este curso hacemos una introducción a la planificación. En concreto aprenderás a:</p>
<ul>
<li>Utilizar la Matriz DAFO para ver qué factores impacta</li>
<li>Utilizar la Matriz CAME para determinar tus objetivos.</li>
<li>Establecer objetivos de manera inteligente.</li>
<li>Haz que tus objetivos sean inteligentes.</li>
<li>Establecer planes que te permitan lanzar tu proyecto o hacer crecer tu negocio.</li>
</ul>
<p></p></div>","['Learning Domain', 'Workplace skills - Ways of working', 'Learning Domain Primary', 'Professional skills']"
https://skills.yourlearning.ibm.com/activity/URL-6102B6A26898,ways_of_working,eLearning,Lancez votre activité en free-lance | OpenClassrooms,16 hrs,120 learners have completed this activity in the past 12 months.,Average rating of 5 stars by 2 learners in the past 12 months.,2,"<h2 class=""FullPageDescription_title__WsNdH""><span dir=""ltr"" lang=""en"" translate=""yes"">About this learning activity</span></h2><div dir=""ltr"" lang=""fr"" translate=""yes"">Être freelance, indépendant, c'est un rêve pour beaucoup : vivre de sa passion, travailler sur des projets enthousiasmants, être son propre patron… 
<ul>
<li>Seulement voilà, devenir freelance, c'est tout sauf de l'improvisation ! </li>
<li>Quel statut choisir pour exercer ?</li>
<li>Quoi vendre, à qui et à combien ?</li>
<li>Où et comment trouver vos premiers clients, et comment les fidéliser ?</li>
<li>Comment faire pour se démarquer de la concurrence ?</li>
<li>Comment piloter et développer son activité efficacement ?</li>
<li>Comment s'organiser au quotidien ?</li>
</ul>
<br/>
Dans ce cours, je vais vous accompagner dans le lancement de votre activité de freelance, et vous donner un avant-goût de ce qui vous attend afin de mieux vous préparer ! Nous verrons ensemble les éléments indispensables pour mettre en route votre activité : choix d'un statut, communication, organisation quotidienne, etc.‌ 
<br/>
<br/>
Ce MOOC est proposé par OpenClassrooms. 
<br/>
<br/>
Après avoir suivi cette activité, revenez sur cette page et sélectionnez <strong>Marque comme </strong> <strong>étant termin</strong> <strong>é</strong> afin de prendre en compte ce parcours. 
<br/>
<br/>
Note : cette activité est uniquement disponible en français. </div>","['Areas of Interest', 'Professional skills > Problem solving', 'Professional skills > Leadership', 'Learning Domain', 'Workplace skills - Ways of working', 'Learning Domain Primary', 'Professional skills']"
https://skills.yourlearning.ibm.com/activity/URL-0515F08F437A,ways_of_working,Video,Emb(race) Fireside Chat with Jemele Hill | IBM Diversity & Inclusion,1 hr 2 mins,196 learners have completed this activity in the past 12 months.,Average rating of 5 stars by 10 learners in the past 12 months.,10,"<h2 class=""FullPageDescription_title__WsNdH""><span dir=""ltr"" lang=""en"" translate=""yes"">About this learning activity</span></h2><div dir=""ltr"" lang=""en"" translate=""yes""><p>In this video, Jemele Hill, who is an Emmy Award winning journalist, co-founder of Lodge Freeway Media, and contributing writer for The Atlantic, conducts a fireside chat entitled ""Work, Wellness and Winning: Supporting Today's Black Women"".<br/><br/>
 This fireside chat will empower, celebrate, recognize, and protect the growing educational and cultural influence of the Black female as we work to drive long-lasting change for racial equality.<br/><br/>
 This video is presented by IBM Diversity &amp; Inclusion<br/><br/>
 After you complete this activity, return to this page to select <strong>Mark complete</strong> for completion credit.</p></div>","['Learning Domain', 'Workplace skills - Ways of working', 'Learning Domain Primary', 'Professional skills']"
https://skills.yourlearning.ibm.com/activity/URL-C6FD8256ED04,ways_of_working,eLearning,Réalisez un audit marketing | OpenClassrooms,10 hrs,155 learners have completed this activity in the past 12 months.,Average rating of 5 stars by 3 learners in the past 12 months.,3,"<h2 class=""FullPageDescription_title__WsNdH""><span dir=""ltr"" lang=""en"" translate=""yes"">About this learning activity</span></h2><div dir=""ltr"" lang=""fr"" translate=""yes"">Votre entreprise souhaite lancer un nouveau produit ou redorer une image de marque ? Les performances de vos équipes marketing sont en baisse ? Vous devez repositionner votre entreprise dans son univers concurrentiel ? Quelle que soit la problématique rencontrée, si celle-ci est stratégique pour votre organisation marketing, alors vous aurez à mener un audit. L'audit est une ""photo à un instant donné"" qui analyse l'efficacité du marketing et propose des pistes d'amélioration opérationnelles. Dans ce cours vous allez justement apprendre, étape par étape, comment préparer, réaliser et présenter un tel travail. 
<br/>
<br/>
Ce MOOC est proposé par OpenClassrooms. 
<br/>
<br/>
Après avoir suivi cette activité, revenez sur cette page et sélectionnez "" <strong>Marquer terminé</strong>"" afin de prendre en compte ce parcours. 
<br/>
<br/>
Note : cette activité est uniquement disponible en français. </div>","['Areas of Interest', 'Professional skills > Leadership', 'Professional skills > Problem solving', 'Professional skills > Digital literacy', 'Learning Domain', 'Workplace skills - Ways of working', 'Learning Domain Primary', 'Professional skills', 'Popular Subjects', 'Digital literacy']"
https://skills.yourlearning.ibm.com/activity/URL-AFFE76408E9A,ways_of_working,eLearning,Etudiez votre communauté avec le Social Media Analytics | OpenClassrooms,8 hrs,235 learners have completed this activity in the past 12 months.,Average rating of 5 stars by 4 learners in the past 12 months.,4,"<h2 class=""FullPageDescription_title__WsNdH""><span dir=""ltr"" lang=""en"" translate=""yes"">About this learning activity</span></h2><div dir=""ltr"" lang=""fr"" translate=""yes"">Les réseaux sociaux prennent désormais de plus en plus de place dans notre vie et dans la stratégie marketing des entreprises. En tant que Community Manager, vous : 
<ul>
<li>Publiez du contenu</li>
<li>Répondez à vos followers </li>
<li>Participez à des conversations </li>
</ul>
<br/>
Mais connaissez-vous réellement l'impact de vos publications et de votre marque en ligne ? Savez-vous analyser ce que l'on dit et pense de vous ? C'est ce que je vais vous apprendre dans ce cours sur le social media analytics. Ensemble, nous allons analyser des exemples concrets et réaliser des exercices pratiques pour que vous deveniez des pros ! Reach, engagement, KPIs, ROI ou encore veille stratégique... à la fin de ce cours, tous ces termes n'auront plus de secrets pour vous. 
<br/>
<br/>
Ce MOOC est proposé par OpenClassrooms. 
<br/>
<br/>
Après avoir suivi cette activité, revenez sur cette page et sélectionnez <strong>Marque comme étant terminé</strong> afin de prendre en compte ce parcours. 
<br/>
<br/>
Note : cette activité est uniquement disponible en français. </div>","['Areas of Interest', 'Professional skills > Digital literacy', 'Learning Domain', 'Workplace skills - Ways of working', 'Learning Domain Primary', 'Professional skills', 'Popular Subjects', 'Digital literacy']"
https://skills.yourlearning.ibm.com/activity/URL-77092AAF7D4F,ways_of_working,eLearning,Réussissez votre campagne d'e-mailing,12 hrs,35 learners have completed this activity in the past 12 months.,Average rating of 5 stars by 1 learner in the past 12 months.,1,"<h2 class=""FullPageDescription_title__WsNdH""><span dir=""ltr"" lang=""en"" translate=""yes"">About this learning activity</span></h2><div dir=""ltr"" lang=""fr"" translate=""yes"">L'e-mailing est le canal privilégié pour entretenir et renforcer votre relation avec vos clients. C'est un moyen de communication subtil, créatif et très complet. Apprenez dans ce cours à en maîtriser toutes les finesses et les rouages !
<br/>
<br/>
Ce cours a été conçu de telle manière à ce que vous puissiez le suivre dans son intégralité ou simplement quelques parties en fonction de vos envies et besoin d'apprentissage. Vous y apprendrez à concevoir la stratégie, à rédiger vos messages, à envoyer techniquement vos e-mails, à optimiser au mieux leur performance et enfin à améliorer la délivrabilité de vos envois.
<br/>
<br/>
Ce Mooc est proposé par OpenClassrooms.
<br/>
Après avoir complété cette activité, assurez-vous de retourner sur la page d'activité Your Learning pour cocher la case ""Complété"" afin d'indiquer la réalisation de l'apprentissage.
<br/>
Note : cette activité est uniquement disponible en français.</div>","['Areas of Interest', 'Professional skills > Digital literacy', 'Learning Domain', 'Workplace skills - Ways of working', 'Learning Domain Primary', 'Professional skills', 'Popular Subjects', 'Digital literacy']"
https://skills.yourlearning.ibm.com/activity/URL-B6447D0FE6F7,ways_of_working,eLearning,Changer le monde : passons à l'action - créer son entreprise sociale | Coursera,16 hrs,281 learners have completed this activity in the past 12 months.,Average rating of 5 stars by 7 learners in the past 12 months.,7,"<h2 class=""FullPageDescription_title__WsNdH""><span dir=""ltr"" lang=""en"" translate=""yes"">About this learning activity</span></h2><div dir=""ltr"" lang=""fr"" translate=""yes"">Ce MOOC a pour vocation de vous aider à créer votre entreprise à but social ou environnemental en vous aidant à vous poser toutes les ""bonnes questions"" : besoin social, proposition de valeur, modèle économique, financement, statut juridique, mesure de l'impact social...Thierry Sibieude, professeur titulaire de la Chaire Innovation et Entrepreneuriat social et une vingtaine d'acteurs inspirants, entrepreneurs et intrapreneurs sociaux ou experts, vous apporteront leur éclairage inspirant. 
<br/>
<br/>
 Que vous envisagiez de créer une entreprise sociale ou de lancer un nouveau projet à visée sociale dans votre entreprise actuelle, ce MOOC est pour vous ! 
<br/>
<br/>
 Ce MOOC est proposé par Coursera. 
<br/>
<br/>
 Après avoir suivi cette activité, revenez sur cette page et sélectionnez "" <strong>Marquer terminé</strong>"" afin de prendre en compte ce parcours. 
<br/>
<br/>
 Note : cette activité est uniquement disponible en français.</div>","['Areas of Interest', 'Professional skills > Leadership', 'Professional skills > Problem solving', 'Learning Domain', 'Workplace skills - Ways of working', 'Learning Domain Primary', 'Professional skills']"
https://skills.yourlearning.ibm.com/activity/URL-454E3F6A2718,ways_of_working,eLearning,Les clés pour devenir community manager,6 hrs,46 learners have completed this activity in the past 12 months.,Average rating of 5 stars by 4 learners in the past 12 months.,4,"<h2 class=""FullPageDescription_title__WsNdH""><span dir=""ltr"" lang=""en"" translate=""yes"">About this learning activity</span></h2><div dir=""ltr"" lang=""fr"" translate=""yes""><p>Le community management vous intéresse ? <br/>
 Ce cours est fait pour vous. <br/>
 Vous allez découvrir le métier de Community Manager, ou comment gérer une présence et une e-réputation sur les réseaux sociaux à l’aide de méthodes concrètes et efficaces. <br/>
 Les notions de webmarketing et de community management n’auront plus de secrets pour vous : vous allez explorer des outils pour être à l’écoute sur les réseaux sociaux, et vous verrez comment créer et animer une communauté digitale. <br/>
 Bref, vous acquerrez tout le savoir-faire et les compétences nécessaires pour devenir Community Manager !<br/><br/>
 Ce Mooc est proposé par Open Class Room. <br/>
 Après avoir complété cette activité, assurez-vous de retourner sur la page d'activité Your Learning pour cocher la case ""Complété"" afin d'indiquer la réalisation de l'apprentissage. <br/>
 Note : cette activité est uniquement disponible en français. </p></div>","['Areas of Interest', 'Professional skills > Digital literacy', 'Learning Domain', 'Workplace skills - Ways of working', 'Learning Domain Primary', 'Professional skills', 'Popular Subjects', 'Digital literacy']"
https://skills.yourlearning.ibm.com/activity/URL-4976DA62E8C5,ways_of_working,Document,Inclusive Language Guidelines,20 mins,188 learners have completed this activity in the past 12 months.,Average rating of 5 stars by 8 learners in the past 12 months.,8,"<h2 class=""FullPageDescription_title__WsNdH""><span dir=""ltr"" lang=""en"" translate=""yes"">About this learning activity</span></h2><div dir=""ltr"" lang=""en"" translate=""yes""><p>Words can make the difference between forging trust or creating distance. Our language must continually evolve with our understanding and acceptance of diverse groups of people. Read this guide to explore alternative ways to address people who are different than you. <br/><br/>General guidelines include the following:<br/>• Listen to the language people with disabilities use about themselves.<br/>• Do not assume that people with disabilities are willing to disclose that information.<br/>• Mention a disability only when relevant to the topic at hand.<br/>• Refer to a disability only when a trustworthy diagnosis has been made.<br/>• Avoid made-up words such as diffability<br/><br/>Once you have read through this guide, return to this page to select <strong>Mark complete</strong> for completion credit.</p></div>","['Learning Domain', 'Workplace skills - Ways of working', 'Learning Domain Primary', 'Professional skills']"
https://skills.yourlearning.ibm.com/activity/URL-E21F2CD04BB5,ways_of_working,eLearning,Construisez et formalisez vos idées par le storytelling | OpenClassrooms,8 hrs,17 learners have completed this activity in the past 12 months.,Average rating of 5 stars by 1 learner in the past 12 months.,1,"<h2 class=""FullPageDescription_title__WsNdH""><span dir=""ltr"" lang=""en"" translate=""yes"">About this learning activity</span></h2><div dir=""ltr"" lang=""fr"" translate=""yes"">Capturez votre audience par le visuel et le storytelling (une histoire à conter ou raconter)... Pourquoi aimez-vous tant qu'on vous raconte des histoires ? Parce que cela provoque des émotions... Déjà petit, vous vous identifiez au personnage de dessins animés, vous aimiez les surprises et les rebondissements , la tension de certains moments, le dénouement (heureux ou pas), ou encore la morale de l’histoire... Pour vos futurs clients, c’est pareil ! 
<br/>
<br/>
 Le boulot d’un UX Designer, c'est de répondre à une émotion et/ou de créer une émotion. Mais ce n'est pas qu’un “storyteller” (un raconteur d'histoire), c'est aussi un concepteur qui doit créer une histoire, scénariser une expérience, créer un guidage dans l'utilisation d'un produit, d’un service, d’un site web ou d’une application par exemple. L'objectif de ce cours est d'appliquer déjà à soi-même cette technique de storytelling, avec quelques outils simples et efficaces. 
<br/>
<br/>
 Ce MOOC est proposé par OpenClassrooms. 
<br/>
<br/>
 Après avoir suivi cette activité, revenez sur cette page et sélectionnez <strong>Marque comme étant terminé</strong> afin de prendre en compte ce parcours. 
<br/>
<br/>
 Note : cette activité est uniquement disponible en français. </div>","['Areas of Interest', 'Professional skills > Leadership', 'Professional skills > Problem solving', 'Learning Domain', 'Workplace skills - Ways of working', 'Learning Domain Primary', 'Professional skills']"
https://skills.yourlearning.ibm.com/activity/URL-A7899A8506C1,ways_of_working,eLearning,Menez à bien votre projet CRM | OpenClassrooms,8 hrs,248 learners have completed this activity in the past 12 months.,Average rating of 3.5 stars by 3 learners in the past 12 months.,3,"<h2 class=""FullPageDescription_title__WsNdH""><span dir=""ltr"" lang=""en"" translate=""yes"">About this learning activity</span></h2><div dir=""ltr"" lang=""fr"" translate=""yes"">Si vous souhaitez mieux comprendre comment vos clients utilisent vos produits et services, accroître leur satisfaction ou encore convertir de nouveaux clients, vous êtes au bon endroit. Vous apprendrez dans ce cours à améliorer la satisfaction de vos clients pour vendre plus et mieux. Pour ce faire, vous devrez mobiliser toutes les parties prenantes de votre organisation que vous soyez une entreprise, une association ou un établissement public. Ainsi, vous pourrez renforcer la productivité du service clientèle et améliorer le taux d’usage et la monétisation de votre audience. 
<br/>
<br/>
Ce MOOC est proposé par OpenClassrooms. 
<br/>
  
<br/>
Après avoir suivi cette activité, revenez sur cette page et sélectionnez "" <strong>Marquer terminé</strong>"" afin de prendre en compte ce parcours. 
<br/>
<br/>
Note : cette activité est uniquement disponible en français. </div>","['Areas of Interest', 'Professional skills > Leadership', 'Professional skills > Problem solving', 'Professional skills > Digital literacy', 'Learning Domain', 'Workplace skills - Ways of working', 'Learning Domain Primary', 'Professional skills', 'Popular Subjects', 'Digital literacy']"
https://skills.yourlearning.ibm.com/activity/ILB-QPEKDZWKNKZN1Z64,ways_of_working,eLearning,नौकरी की तैयारी से सम्बंधित पाठयक्रम,45 mins,28 learners have completed this activity in the past 12 months.,Average rating of 4 stars by 47 learners in the past 12 months.,47,"<h2 class=""FullPageDescription_title__WsNdH""><span dir=""ltr"" lang=""en"" translate=""yes"">About this learning activity</span></h2><div dir=""ltr"" lang=""hi"" translate=""yes""><p>क्या आप जानना चाहते हैं कि ऐसा करियर कैसे चुनें जो आपके जीवन को बदल दे? यह लघु पाठ्यक्रम न केवल आपको सही करियर विकल्प चुनने में मदद करेगा बल्कि आपको उन कारकों को समझने में भी मदद करेगा जो आपको आपकी पसंद की ओर ले जाते हैं। काम करना और अनुसरण करने के लिए करियर का रास्ता चुनना आपके द्वारा किए जा सकने वाले सबसे महत्वपूर्ण निर्णयों में से एक है।</p>
<br/>
<p>इस कोर्स का उद्देश्य आपको अपने लिए सही करियर पथ चुनने के लिए उत्साहित करना और सशक्त बनाना है। रिज्यूम बिल्डिंग और इंटरव्यू की तैयारी जैसे विषयों पर विस्तार से चर्चा की गई है जो आपके करियर पथ को शुरू करने का आधार बनते हैं। अंतत: जब अवसर खुद को प्रस्तुत करता है, तो चुनाव करने की प्रक्रिया के माध्यम से आपको प्राप्त करने के लिए हम कुछ युक्तियां और तरकीबें साझा करते हैं।</p>
<br/>
<p>इस कोर्स को पूरा करने के बाद आपके नौकरी पाने की संभावना बहुत अधिक होने वाली है।</p>
<br/>
<p>इस पाठ्यक्रम की सामग्री CSRBOX के साथ साझेदारी में बनाई गई है।</p>
<p>ट्रेनर का नाम: सुश्री कानू प्रिया</p></div>","['Learning Domain', 'Workplace skills - Ways of working', 'Learning Domain Primary', 'Professional skills']"
https://skills.yourlearning.ibm.com/activity/ILB-NKQJGMMZWKYD44WQ,ways_of_working,eLearning,Análisis del entorno,2 hrs,441 learners have completed this activity in the past 12 months.,Average rating of 4.5 stars by 36 learners in the past 12 months.,36,"<h2 class=""FullPageDescription_title__WsNdH""><span dir=""ltr"" lang=""en"" translate=""yes"">About this learning activity</span></h2><div dir=""ltr"" lang=""es"" translate=""yes""><p>¿Cómo afecta el entorno político a mi negocio? ¿Hay sectores económicos o empresas a los que una crisis económica puede beneficiar? ¿Pueden los valores sociales, compartidos por una comunidad, hacer triunfar o fracasar un negocio? ¿Qué impacto tiene tu empresa en su entorno? ¿Y el entorno en tu empresa? ¿Cómo valorar la importancia de disponer de un sistema educativo adecuado, desde la perspectiva del desarrollo empresarial?</p>
<br/>
<p>Cualquier empresario o emprendedor ha de ser consciente de estos factores, y tener la capacidad para analizarlos y determinar cómo van a impactar en su negocio.</p>
<br/>
<p>En este curso te ofrecemos:</p>
<ul>
<li>El modelo PESTEL para analizar de forma estructurada estos aspectos.</li>
<li>Y te proponemos que analices cómo estos factores van a impactar en tu negocio.</li>
</ul>
<p></p></div>","['Learning Domain', 'Workplace skills - Ways of working', 'Learning Domain Primary', 'Professional skills']"
https://skills.yourlearning.ibm.com/activity/URL--YSX-S5FCCI,ways_of_working,Video,5 Stages of the Design Thinking Process | InVision,3 mins 29 s,1029 learners have completed this activity in the past 12 months.,Average rating of 4.5 stars by 127 learners in the past 12 months.,127,"<h2 class=""FullPageDescription_title__WsNdH""><span dir=""ltr"" lang=""en"" translate=""yes"">About this learning activity</span></h2><div dir=""ltr"" lang=""en"" translate=""yes""><p>In life we’re always bumping into new problems, and while we have the desire to solve them, it’s often hard to find the right solution or even know where to start. That’s where “design thinking” comes in. Design Thinking is a process that seeks to solve complex problems by approaching it from the user’s perspective. It also aims to turn your ideas into tangible, testable products as quickly as possible—and provides an opportunity to make changes and improvements to an idea before spending the time and money building the real thing.<br/><br/>
 Learn about how the design thinking framework can be broken down into 5 actionable parts.<br/><br/>
 This video is presented by InVision.<br/><br/>
 After you complete this activity, return to this page to select <strong>Mark complete</strong> for completion credit.<br/><br/><strong>Note</strong>: On the video toolbar, go to <strong>Settings</strong>, select <strong>Subtitles</strong>, select <strong>English</strong>, and then select <strong>Auto-Translate</strong> to enable subtitles in a language of your choice from the drop-down.</p></div>","['Learning Domain', 'Workplace skills - Ways of working', 'Lightcast Skills Taxonomy', 'Invision (Design Software) Skill']"
https://skills.yourlearning.ibm.com/activity/ILB-NKQGVKQDJJVD259A,ways_of_working,eLearning,ग्राहक सेवा प्रतिनिधि पाठ्यक्रम,25 mins,20 learners have completed this activity in the past 12 months.,Average rating of 4 stars by 51 learners in the past 12 months.,51,"<h2 class=""FullPageDescription_title__WsNdH""><span dir=""ltr"" lang=""en"" translate=""yes"">About this learning activity</span></h2><div dir=""ltr"" lang=""hi"" translate=""yes""><p>आज के प्रतियोगी मार्केट में एक ग्राहक के पास इतने विकल्प होने के बावजूद भी वो अपने सर्विस प्रोवाइडर से असंतुष्ट क्यों है? गुणवत्ता या मूल्य के कारण या कोई और वजह हो सकती है ? सर्विस इसका सबसे बड़ा कारण है। या उसकी बात किसी ने सुनी नहीं, सुनी तो समझ नहीं पाया या उसे अपनी समस्या का कोई समाधान नहीं मिला?</p>
<br/>
<p>सभी सर्विस प्रोवाइडर्स एंड कंपनियों के लिए ये अत्यंत अनिवार्य हो जाता है की वो सर्विस या सेवा को उत्कृष्ट रखें और उसे ये एहसास दिलाएं की वो उनकी सेवा के लिए सदैव तत्पर हैं।</p>
<br/>
<p>इस पाठ्यक्रम में आपको ग्राहक सेवा की कुछ मूल बातों से अवगत करवाया जायेगा। हमे ये समझ में आएगा की कैसे ये मूल बातें हमें अपने ग्राहकों को साथ लम्बे समय तक जोड़ने में एक महत्वपूर्ण भूमिका निभाती हैं। इस पाठ्यक्रम में आपको ग्राहक सेवा से सम्बंधित जानकारी मिलेगी जिसके द्वारा हम अपने ग्राहक को एक सकारात्मक और यादगार अनुभव दे सकते हैं।</p>
<br/>
<p>सामग्री भागीदार:</p>
<p>यह वीडियो CSRBOX के साथ साझेदारी द्वारा प्रस्तुत किया गया है।</p>
<br/>
<p>ट्रेनर का नाम:</p>
<p>श्री अखिलेश प्रजापति</p></div>","['Learning Domain', 'Workplace skills - Ways of working', 'Learning Domain Primary', 'Professional skills']"
https://skills.yourlearning.ibm.com/activity/URL-097C8E7C0BA2,ways_of_working,eLearning,Communiquer en utilisant les outils numeriques | OpenClassrooms,8 hrs,220 learners have completed this activity in the past 12 months.,Average rating of 4.5 stars by 8 learners in the past 12 months.,8,"<h2 class=""FullPageDescription_title__WsNdH""><span dir=""ltr"" lang=""en"" translate=""yes"">About this learning activity</span></h2><div dir=""ltr"" lang=""fr"" translate=""yes"">Le monde bouge et vous vous sentez un peu perdu face à la technologie ? 
<br/>
Et pourtant, pour évoluer professionnellement, vous avez besoin d'utiliser des outils de communication et de collaboration en ligne. 
<br/>
On vous parle de mail, de partage de fichiers, de visioconférence, de plateformes collaboratives... On vous cite des noms d'applications et tout cela vous paraît confus. 
<br/>
Que choisir pour répondre à vos besoins ? Comment vous débrouiller pour vous servir de ces interfaces nouvelles pour vous ? Quels outils utiliser pour communiquer ou pour collaborer ? Quels sont les usages de la communication numérique et les précautions à prendre pour vous protéger, et ne pas heurter les autres ? 
<br/>
Dans ce cours, vous aurez l'occasion d'explorer les réponses à toutes ces questions. 
<br/>
<br/>
Ce MOOC est proposé par OpenClassrooms. 
<br/>
  
<br/>
Après avoir suivi cette activité, revenez sur cette page et sélectionnez "" <strong>Marquer terminé</strong>"" afin de prendre en compte ce parcours. 
<br/>
<br/>
Note : cette activité est uniquement disponible en français.</div>","['Learning Domain', 'Workplace skills - Ways of working', 'Learning Domain Primary', 'Professional skills']"
https://skills.yourlearning.ibm.com/activity/URL-08DADAE773EF,ways_of_working,Video,Where am I going?,1 min,3844 learners have completed this activity in the past 12 months.,Average rating of 4.5 stars by 226 learners in the past 12 months.,226,"<h2 class=""FullPageDescription_title__WsNdH""><span dir=""ltr"" lang=""en"" translate=""yes"">About this learning activity</span></h2><div dir=""ltr"" lang=""en"" translate=""yes""><p>SkillsBuild is a system made up of partnerships. When you take courses and work on projects, you may notice a change in scenery; watch this video to learn more about how to navigate the full platform.</p></div>","['Learning Domain', 'Workplace skills - Ways of working', 'Learning Domain Primary', 'Professional skills']"
https://skills.yourlearning.ibm.com/activity/PLAN-ADBEF795D000,ways_of_working,Learning Plan,Créativité - Communication & Collaboration - Gestion de projet en mode agile,Months,47 learners have completed this activity in the past 12 months.,Average rating of 3.5 stars by 4 learners in the past 12 months.,4,"<div dir=""ltr"" lang=""en"" translate=""yes"">La combinaison du Design Thinking et de la méthode &amp; approche Agile implique de changer la manière de penser et de travailler. Les connaitre et apprendre à les utiliser est un atout indispensable. Comprenez leurs impacts sur nos façons d'interagir, de collaborer, de communiquer et de créer. Ces approches et méthodes centrées sur l'humain vous aideront à mieux comprendre le monde de l'entreprise. Appliquez ces approches et apprenez à gérer un projet en mode agile
<br/>
  </div>","['Learning Domain', 'Workplace skills - Ways of working']"
https://skills.yourlearning.ibm.com/activity/URL-CB5ADBF6279F,ways_of_working,eLearning,Construisez et pilotez une marque dans le temps | OpenClassrooms,10 hrs,19 learners have completed this activity in the past 12 months.,,,"<h2 class=""FullPageDescription_title__WsNdH""><span dir=""ltr"" lang=""en"" translate=""yes"">About this learning activity</span></h2><div dir=""ltr"" lang=""fr"" translate=""yes"">Les définitions sont nombreuses mais celle de Philip Kotler (éminent professeur en stratégie marketing) a le mérite d’être synthétique : « Un nom, un signe ou un ensemble de signes qui visent à identifier un produit ou un service et à le différencier des concurrents ». La marque, accompagnée par la communication de marque, est bien plus que cela. Elle sert à créer du sens et à générer de la préférence pour les consommateurs (et donc faciliter l’achat). 
<br/>
<br/>
Ce MOOC est proposé par OpenClassrooms. 
<br/>
  
<br/>
Après avoir suivi cette activité, revenez sur cette page et sélectionnez <strong>Marque comme étant terminé</strong> afin de prendre en compte ce parcours. 
<br/>
<br/>
Note : cette activité est uniquement disponible en français. </div>","['Areas of Interest', 'Professional skills > Leadership', 'Professional skills > Problem solving', 'Learning Domain', 'Workplace skills - Ways of working', 'Learning Domain Primary', 'Professional skills']"
https://skills.yourlearning.ibm.com/activity/URL-4B1355FF593C,ways_of_working,eLearning,Quelles sont les réglementations pour vendre avec mon site d'e-commerce ?,5 mins,13 learners have completed this activity in the past 12 months.,Average rating of 2 stars by 3 learners in the past 12 months.,3,"<h2 class=""FullPageDescription_title__WsNdH""><span dir=""ltr"" lang=""en"" translate=""yes"">About this learning activity</span></h2><div dir=""ltr"" lang=""fr"" translate=""yes"">Développer une activité de vente en ligne présente de nombreux avantages, tant pour le vendeur que pour le consommateur. En cela, le secteur est encore aujourd’hui en plein essor. 
<br/>
Mais les concurrents aussi sont nombreux et la pression entre sites marchands est très forte. Les professionnels du secteur doivent donc en permanence contrôler la satisfaction de leurs clients : disponibilité produits, respect des délais de livraison, etc., pour maintenir leur activité. 
<br/>
<br/>
<br/>
Cette activité est proposée par l'ADIE.  
<br/>
   
<br/>
Après avoir suivi cette activité, revenez sur cette page et sélectionnez  <strong>Marque comme étant terminé</strong>afin de prendre en compte ce parcours.  
<br/>
<br/>
Note : cette activité est uniquement disponible en français.</div>","['Areas of Interest', 'Professional skills > Professionalism', 'Learning Domain', 'Workplace skills - Ways of working', 'Learning Domain Primary', 'Professional skills', 'Popular Subjects', 'Digital literacy']"
https://skills.yourlearning.ibm.com/activity/URL-F795CD7EE2FC,ways_of_working,eLearning,Les clés pour réussir son référencement web | OpenClassrooms,8 hrs,27 learners have completed this activity in the past 12 months.,,,"<h2 class=""FullPageDescription_title__WsNdH""><span dir=""ltr"" lang=""en"" translate=""yes"">About this learning activity</span></h2><div dir=""ltr"" lang=""fr"" translate=""yes"">Comment mieux placer son site web sur les moteurs de recherche ?  
<br/>
Vous trouverez toutes les réponses dans ce cours !  
<br/>
Vous allez découvrir les méthodes indispensables pour réussir votre référencement web, et vous assurer que les gens qui cherchent votre site le trouvent facilement.  
<br/>
À la fin de ce cours, vous saurez comment ajouter des mots-clés appropriés aux pages de votre site, et comment optimiser le contenu et le contenant de vos pages pour améliorer leur pertinence et leur notoriété. 
<br/>
<br/>
Ce MOOC est proposé par OpenClassrooms. 
<br/>
  
<br/>
Après avoir suivi cette activité, revenez sur cette page et sélectionnez "" <strong>Marquer terminé</strong>"" afin de prendre en compte ce parcours. 
<br/>
<br/>
Note : cette activité est uniquement disponible en français.</div>","['Areas of Interest', 'Professional skills > Digital literacy', 'Learning Domain', 'Workplace skills - Ways of working', 'Learning Domain Primary', 'Professional skills', 'Popular Subjects', 'Digital literacy']"
https://skills.yourlearning.ibm.com/activity/URL-1680BF103323,ways_of_working,Webpage,Rédiger des lettres de motivation ciblées | OpenClassrooms,1 hr,939 learners have completed this activity in the past 12 months.,Average rating of 4.5 stars by 12 learners in the past 12 months.,12,"<h2 class=""FullPageDescription_title__WsNdH""><span dir=""ltr"" lang=""en"" translate=""yes"">About this learning activity</span></h2><div dir=""ltr"" lang=""fr"" translate=""yes"">Votre lettre de motivation est un document complémentaire à votre CV qui sera lu dans tous les cas si ce dernier est retenu. Elle est très importante ! Valorisez-la avec soin : ce sera souvent un élément clé, voire déterminant dans le cas d'un poste à responsabilité.  
<br/>
Une lettre de motivation ne doit pas être trop longue : elle doit tenir sur une page, pas plus. Choisissez les mots justes et juste ces mots ! 
<br/>
La plupart du temps, elle sera lue après votre CV. Inutile de faire des redites avec celui-ci, cela ferait double emploi. Par contre elle va servir à préciser tout ce que vous n'avez pas pu écrire de manière factuelle dans votre CV : vos objectifs, vos ambitions, vos points forts et vos attentes, et surtout à montrer votre niveau d'intérêt pour le poste et votre compréhension du besoin de l'entreprise. 
<br/>
Si la lettre de motivation permet d’évaluer en premier lieu votre volonté à intégrer l’entreprise, le lecteur y jauge aussi vos capacités d'expression écrite : votre niveau de français, votre syntaxe, votre logique de la pensée, votre esprit de synthèse. 
<br/>
Pour cela, prévoyez de prendre tout le temps nécessaire, surtout pour votre première lettre : plusieurs heures seront nécessaires. 
<br/>
<br/>
Ce MOOC est proposé par OpenClassrooms. 
<br/>
  
<br/>
Après avoir suivi cette activité, revenez sur cette page et sélectionnez "" <strong>Marquer terminé</strong>"" afin de prendre en compte ce parcours. 
<br/>
<br/>
Note : cette activité est uniquement disponible en français.</div>","['Learning Domain', 'Workplace skills - Ways of working', 'Learning Domain Primary', 'Professional skills']"
https://skills.yourlearning.ibm.com/activity/PLAN-716FDF294AB3,ways_of_working,Learning Plan,Agile Explorer (New design; earn a digital credential!),About 7 hours,420 learners have completed this activity in the past 12 months.,Average rating of 5 stars by 23 learners in the past 12 months.,23,"<div dir=""ltr"" lang=""en"" translate=""yes""><p><strong>Note: </strong>This newly designed experience is available in <strong>English</strong>.</p>
<p> </p>
<p>A version of this course is available in<strong> Spanish, Brazilian Portuguese, Hindi, Japanese, French, Traditional Chinese </strong>is found<strong> </strong><a href=""https://skills.yourlearning.ibm.com/activity/PLAN-F8CBF9ECCA49"" rel=""noopener noreferrer nofollow"" target=""_blank""><strong>here</strong></a><strong>:</strong></p>
<p> </p>
<p><strong>Description</strong></p>
<p>If there was a better way to work and you could have fun doing it, would you try that method? Agile is a set of values, principles, and practices that helps change the culture and behaviors of the way people work. Instead of using linear and inflexible methods, Agile allows teams to be more innovative, respond to changes, learn from mistakes, and continuously improve their processes. After completing this course, you’ll be able to initiate Agile conversations with team members and colleagues and apply the Agile method to the operations and programs work you do in family, academic, or work settings.</p>
<p> </p>
<p>Complete the following required modules to earn an industry-recognized IBM SkillsBuild digital credential called <strong>Agile Explorer</strong>: </p>
<ol>
<li><i>A Taste of Agile</i></li>
<li><i>Agile Operations Fundamentals</i></li>
<li><i>Agile Program Fundamentals</i></li>
</ol>
<p> </p>
<p><strong>What you’ll learn</strong></p>
<p>After completing <i>Agile Explorer</i>, you should be able to:<i> </i></p>
<ul>
<li>Explain the importance of Agile</li>
<li>Apply Agile values, principles, and practices in your family, school, or other work</li>
<li>Apply the Agile method to operations work</li>
<li>Apply the Agile method to program and project</li>
</ul>
<p> </p>
<p><strong>Audience: </strong><i>Agile Explorer</i> is a foundational course and is for anyone interested in how agile methods and practices can improve the way they work in teams and projects.<br/>
   </p>
<p>The knowledge and skills in these modules build on each other, so SkillsBuild recommends that you complete the modules in the order in which they are presented. </p>
<p> </p>
<p>Select <strong>Enroll</strong> to enroll in this learning plan and get started!</p></div>","['Areas of Interest', 'Essential skills > Agile methodology', 'Badge Learning', 'Agile Explorer', 'Learning Domain', 'Workplace skills - Ways of working']"
https://skills.yourlearning.ibm.com/activity/URL-AF9767D53BBD,ways_of_working,eLearning,Découvrez le monde des start-ups | OpenClassrooms,6 hrs,111 learners have completed this activity in the past 12 months.,Average rating of 5 stars by 1 learner in the past 12 months.,1,"<h2 class=""FullPageDescription_title__WsNdH""><span dir=""ltr"" lang=""en"" translate=""yes"">About this learning activity</span></h2><div dir=""ltr"" lang=""fr"" translate=""yes"">Criteo, Kickstarter, Blablacar, Airbnb, Dropbox, Deezer… Ca vous dit quelque chose ? Ce sont autant de start-ups qui se sont créées et développées ces dernières années, à partir de rien, seulement l’envie de leurs créateurs et la force de leur concept ! 
<br/>
<br/>
L’univers et le fonctionnement des start-ups vous intéressent ? Vous avez quelques idées en tête, sans savoir comment vous lancer ? Vous aimeriez savoir où vous former ? Comment rencontrer les bonnes personnes ? Ce cours est fait pour vous ! 
<br/>
<br/>
Il ne faut pas croire que les entrepreneurs sont tous des fils de… Créer sa start-up n’est pas réservé à quelques happy few : vous pouvez créer votre entreprise, que vous soyez étudiant, salarié, jeune ou pas, femme ou homme. 
<br/>
<br/>
Dans ce cours, nous allons essayer de vous faire découvrir le monde des start-ups, vous donner les clés pour vous informer, vous préparer et vous aider à vous lancer. Il n’y pas de recettes, mais plein de bonnes pratiques ! 
<br/>
<br/>
Ce MOOC est proposé par OpenClassrooms. 
<br/>
<br/>
Après avoir suivi cette activité, revenez sur cette page et sélectionnez <strong>Marque comme étant terminé</strong> afin de prendre en compte ce parcours. 
<br/>
  
<br/>
Note : cette activité est uniquement disponible en français. </div>","['Areas of Interest', 'Professional skills > Problem solving', 'Professional skills > Leadership', 'Learning Domain', 'Workplace skills - Ways of working', 'Learning Domain Primary', 'Professional skills']"
https://skills.yourlearning.ibm.com/activity/URL-YMYOFREC5JK,ways_of_working,Video,Cross cultural communication | Pellegrino Riccardi | TEDxBergen,19 mins,279 learners have completed this activity in the past 12 months.,Average rating of 4.5 stars by 7 learners in the past 12 months.,7,"<h2 class=""FullPageDescription_title__WsNdH""><span dir=""ltr"" lang=""en"" translate=""yes"">About this learning activity</span></h2><div dir=""ltr"" lang=""en"" translate=""yes""><p>This talk was given at a local TEDx event, produced independently of the TED Conferences. Pellegrino, being a cross cultural expert, he is sharing with us his personal and professional experience about how do very different cultures can successfully coexist next to each other. Is it difficult to live in Norway, being an expat? Do you know how to establish the mutual understanding between Italian and Norwegian?<br/><br/>Pellegrino comes form both an English and an Italian background, and is currently living in Norway. For the past 27 years he has travelled around the world and interacted with countless different cultures, nationalities and people-types. His work philosophy is to work with what you enjoy and what you are passionate about, what you believe you can excel in and are prepared to work hard to be excellent at, and only work with what can bring about positive change in yourself and in other people.<br/><br/>After you watch this video, return to this page and click on ""<strong>Mark complete</strong>"" for completion credit. </p></div>","['Learning Domain', 'Workplace skills - Ways of working', 'Learning Domain Primary', 'Professional skills', 'Lightcast Skills Taxonomy', 'Communications Skill']"
https://skills.yourlearning.ibm.com/activity/URL-A4532E5E6C18,ways_of_working,eLearning,Créativité et innovation | l'EPSAA et la Mairie de Paris,4 hrs,66 learners have completed this activity in the past 12 months.,Average rating of 4.5 stars by 2 learners in the past 12 months.,2,"<h2 class=""FullPageDescription_title__WsNdH""><span dir=""ltr"" lang=""en"" translate=""yes"">About this learning activity</span></h2><div dir=""ltr"" lang=""fr"" translate=""yes"">Pour définir la créativité, Thomas Houy cite d’abord Karl Duncker (1903-1940) qui parle de “pensée convergente” : c’est-à-dire de notre capacité à pouvoir résoudre un problème dans un environnement connu. Pour ce faire, Karl Duncker a mis au point un test ludique. Thomas Houy cite ensuite Joy Paul Guilford (1897-1987) et décrit le concept de “pensée divergente”. C’est la faculté qu’on a à pouvoir imaginer des usages alternatifs à un objet banal, comme un trombone, par exemple. Il précise qu’on perd cette faculté au fur et à mesure que l’on acquiert de l’expérience. Enfin, Thomas Houy cite Ellis Paul Torrance (1915-2003) qui, de son côté, parle de “pensée intégrative”. C’est notre capacité à pouvoir additionner et multiplier des formes pour en faire des objets reconnaissables… La créativité, c’est aussi avoir la capacité de défaire, d’être capable de contester ou de détruire les choses, note Thomas Houy. Enfin, il explique pourquoi il est difficile de stimuler la créativité. Selon lui, il s’agit plutôt de l’accompagner… Pour terminer, il définit le savoir explicite et le savoir tacite. 
<br/>
<br/>
Ce Mooc est proposé par l'EPSAA et la Mairie de Paris.  
<br/>
  
<br/>
Après avoir suivi cette activité, revenez sur cette page et sélectionnez "" <strong>Marquer terminé</strong>"" afin de prendre en compte ce parcours. 
<br/>
<br/>
Note : cette activité est uniquement disponible en français.</div>","['Learning Domain', 'Workplace skills - Ways of working', 'Learning Domain Primary', 'Professional skills']"
https://skills.yourlearning.ibm.com/activity/URL-1C522292CB07,ways_of_working,eLearning,Développez votre personal branding | OpenClassrooms,10 hrs,50 learners have completed this activity in the past 12 months.,Average rating of 3.5 stars by 4 learners in the past 12 months.,4,"<h2 class=""FullPageDescription_title__WsNdH""><span dir=""ltr"" lang=""en"" translate=""yes"">About this learning activity</span></h2><div dir=""ltr"" lang=""fr"" translate=""yes"">Lorsque vous faites des courses, vous avez sûrement remarqué que vous reconnaissez certains produits en une fraction de seconde. Logo, couleurs, nom : les marques vous sautent aux yeux et tissent une relation avec vous. Elles vous guident dans votre choix. Il vous est sûrement arrivé de préférer un produit plus cher, simplement parce qu’il était d’une marque que vous reconnaissez, ou parce que vous l’aviez vu à la télé. Parfois les produits ont beau être identiques, nous allons préférer celui d’une marque ! Comme n’importe quelle marque, dans un univers professionnel concurrentiel, vous devez, vous aussi, vous vendre. Vous devez, comme ces produits, vous démarquer. Quels que soient votre fonction ou vos objectifs, avoir une marque personnelle forte est un atout pour créer plus d’opportunités et avancer professionnellement. 
<br/>
<br/>
Ce MOOC est proposé par OpenClassrooms. 
<br/>
  
<br/>
Après avoir suivi cette activité, revenez sur cette page et sélectionnez <strong>Marque comme étant terminé</strong> afin de prendre en compte ce parcours. 
<br/>
<br/>
Note : cette activité est uniquement disponible en français. </div>","['Areas of Interest', 'Professional skills > Leadership', 'Professional skills > Problem solving', 'Professional skills > Digital literacy', 'Learning Domain', 'Workplace skills - Ways of working', 'Learning Domain Primary', 'Professional skills', 'Popular Subjects', 'Digital literacy']"
https://skills.yourlearning.ibm.com/activity/URL-6FF567C1E03E,ways_of_working,eLearning,Initiez-vous au marketing événementiel | OpenClassrooms,10 hrs,7 learners have completed this activity in the past 12 months.,,,"<h2 class=""FullPageDescription_title__WsNdH""><span dir=""ltr"" lang=""en"" translate=""yes"">About this learning activity</span></h2><div dir=""ltr"" lang=""fr"" translate=""yes"">Organiser un évènement c'est une chose... en assurer la promotion et lui donner un maximum d'impact en est une autre. L’objectif premier de ce cours est de vous initier au rôle de chef·fe de projet évènementiel. C'est un métier à part entière, mais c'est aussi un rôle que vous pourrez endosser en tant que chargé·e de communication, community manager, responsable marketing… 
<br/>
Étapes par étapes, nous allons ensemble identifier et mettre en œuvre les actions de marketing propres à l'évènementiel.  
<ul>
<li>Nous commencerons par la phase en amont de l'évènement : nous verrons ce qui est à prendre en compte pour l'organisation d'un évènement et nous ferons une analyse des objectifs et de la faisabilité de cet évènement.</li>
<li>Puis nous verrons ce qui est à entreprendre pendant l'évènement en lui-même, et en particulier l'ensemble des actions de communication.</li>
<li>Enfin nous ferons le bilan de l'évènement et des retombées et identifierons les axes d'amélioration  et d'analyse des retours sur investissement pourra être effectué.</li>
</ul>
<br/>
Ce MOOC est proposé par OpenClassrooms. 
<br/>
  
<br/>
Après avoir suivi cette activité, revenez sur cette page et sélectionnez "" <strong>Marquer terminé</strong>"" de prendre en compte ce parcours. 
<br/>
<br/>
Note : cette activité est uniquement disponible en français. </div>","['Areas of Interest', 'Professional skills > Leadership', 'Professional skills > Problem solving', 'Learning Domain', 'Workplace skills - Ways of working', 'Learning Domain Primary', 'Professional skills']"
https://skills.yourlearning.ibm.com/activity/URL-7BBAC3CF6C7E,ways_of_working,eLearning,"Entreprise, économie et digital | l'EPSAA et la Mairie de Paris",4 hrs,71 learners have completed this activity in the past 12 months.,Average rating of 4.5 stars by 3 learners in the past 12 months.,3,"<h2 class=""FullPageDescription_title__WsNdH""><span dir=""ltr"" lang=""en"" translate=""yes"">About this learning activity</span></h2><div dir=""ltr"" lang=""fr"" translate=""yes"">Comprendre le code, c’est comprendre la manière dont les usages numériques sont construits et maîtriser la logique de ce monde, son sens et son mode de fonctionnement, explique Marie Ekeland. « En apprenant le code dès le début des années 90, j’ai fait l’apprentissage de l’échec, ce qui signifie savoir se remettre en question ». La cofondatrice de Daphni revient ensuite sur la création, en 2012, de l’association France digitale dont l’objectif est de mettre en lien des investisseurs et des entrepreneurs français du monde du numérique afin d’attirer des talents et des capitaux pour faire grandir cet écosystème. Selon un baromètre de France digitale : en moyenne les start-updu numérique enregistrent une croissance de 40 % par an, le taux d’emploi créé annuellement est de 30 %, dont plus de 90 % de CDI, et l’âge moyen des salariés est de 32 ans. Autre caractéristique de ces entreprises : les salariés sont associés au capital par le mécanisme des stocks options, ce qui signifie que le partage de la valeur créée est supérieur aux autres sociétés. Développer des entreprises dans ce secteur, c’est une manière de régénérer le tissus économique français, explique Marie Ekeland. 
<br/>
<br/>
Ce Mooc est proposé par l'EPSAA et la Mairie de Paris.  
<br/>
  
<br/>
Après avoir suivi cette activité, revenez sur cette page et sélectionnez "" <strong>Marquer terminé</strong>"" afin de prendre en compte ce parcours. 
<br/>
<br/>
Note : cette activité est uniquement disponible en français.</div>","['Learning Domain', 'Workplace skills - Ways of working', 'Learning Domain Primary', 'Professional skills']"
https://skills.yourlearning.ibm.com/activity/URL-1D3381B59DFA,ways_of_working,eLearning,Réussissez vos campagnes de marketing mobile | OpenClassrooms,8 hrs,21 learners have completed this activity in the past 12 months.,,,"<h2 class=""FullPageDescription_title__WsNdH""><span dir=""ltr"" lang=""en"" translate=""yes"">About this learning activity</span></h2><div dir=""ltr"" lang=""fr"" translate=""yes"">Mon but sera de vous transmettre ma passion pour cette branche, devenue un incontournable du marketing digital depuis l'avènement des smartphones. 
<br/>
<br/>
Je vous propose de démarrer par le résumé des points clés qui constituent ce cours, ainsi que ses atouts (indéniables), afin de vous convaincre de poursuivre avec moi : 
<ul>
<li>Dans un premier temps, vous découvrirez l'univers du marketing mobile ; son potentiel pour les entreprises, qui sont les acteurs, son lexique spécifique etc.</li>
<li>Puis, vous apprendrez à concevoir et mettre en œuvre un plan d'action pour faire l'acquisition d'utilisateurs mobiles.</li>
<li>Enfin, je vous montrerai comment optimiser vos actions afin d'assurer la meilleure rentabilité sur vos campagnes mais également comment réagir dans des situations inattendues. </li>
</ul>Ayant moi-même appris le marketing mobile sur le terrain, j'ai construit ce cours avec le plus d'applications pratiques possibles ! J'espère donc que mes mises en situations et mes anecdotes contribueront à vous transmettre la vision la plus réaliste possible du métier. 
<br/>
<br/>
Ce MOOC est proposé par OpenClassrooms. 
<br/>
  
<br/>
Après avoir suivi cette activité, revenez sur cette page et sélectionnez "" <strong>Marquer terminé</strong>"" afin de prendre en compte ce parcours. 
<br/>
<br/>
Note : cette activité est uniquement disponible en français.</div>","['Areas of Interest', 'Professional skills > Problem solving', 'Professional skills > Leadership', 'Professional skills > Digital literacy', 'Learning Domain', 'Workplace skills - Ways of working', 'Learning Domain Primary', 'Professional skills', 'Popular Subjects', 'Digital literacy']"
https://skills.yourlearning.ibm.com/activity/URL-5680AF852F33,ways_of_working,eLearning,Perfectionnez votre gestion de projet agile l OpenClassRoom,10 hrs,21 learners have completed this activity in the past 12 months.,Average rating of 4 stars by 1 learner in the past 12 months.,1,"<h2 class=""FullPageDescription_title__WsNdH""><span dir=""ltr"" lang=""en"" translate=""yes"">About this learning activity</span></h2><div dir=""ltr"" lang=""fr"" translate=""yes""><p>Je suis Arnaud, scrum master et formateur aux métiers du numérique. Mon but est de perfectionner votre <strong>organisation agile</strong> afin de gérer<strong> </strong>des projets à grande échelle avec plusieurs équipes différentes.<br/>
 Considérez désormais l’agilité comme une <strong>boîte à outils</strong> pour vos projets ! Vous devez maîtriser les principales méthodes agiles avant de faire une sélection des pratiques les plus adaptées à votre contexte professionnel. C’est en guidant vos collaborateurs dès la phase de conception que vous obtiendrez une gestion agile plus performante. Votre expertise sera alors incontournable pour organiser des modèles complexes de développements itératifs et incrémentaux. ➰<br/>
 Avec cette formation complète, je vous donne les meilleures solutions pour comprendre et atteindre vos objectifs avec plusieurs équipes agiles. Je veux faire de vous un <strong>facilitateur </strong>indispensable :</p>
<ul>
<li>Vous allez commencer par vous approprier toutes<strong> les méthodologies</strong> itératives et incrémentales. Vous managerez ainsi vos équipes avec votre propre sélection de pratiques agiles.</li>
<li>Vous allez aussi devoir penser comme <strong>un designer</strong>. Vous ferez preuve de créativité en respectant une démarche de design thinking dans votre environnement agile.</li>
<li>Pour finir, vous allez mettre en place <strong>des modèles</strong> de gestion à grande échelle. Vous organiserez vos équipes agiles grâce à des cadres de travail Scrum ou d’autres dispositifs innovants.</li>
</ul>
<br/>
Ce MOOC est proposé par OpenClassrooms.
<br/>
 
<br/>
Après avoir suivi cette activité, revenez sur cette page et sélectionnez "" <strong>Marquer terminé</strong>"" afin de prendre en compte ce parcours.
<br/>
<br/>
Note : cette activité est uniquement disponible en français.
<br/>
 </div>","['Learning Domain', 'Workplace skills - Ways of working']"
https://skills.yourlearning.ibm.com/activity/URL-8B45F93F1E84,ways_of_working,eLearning,Introduction au marketing,20 hrs,31 learners have completed this activity in the past 12 months.,Average rating of 4 stars by 2 learners in the past 12 months.,2,"<h2 class=""FullPageDescription_title__WsNdH""><span dir=""ltr"" lang=""en"" translate=""yes"">About this learning activity</span></h2><div dir=""ltr"" lang=""fr"" translate=""yes""><p>Les gens ont souvent une vision assez étroite du marketing. <br/>
 Plusieurs pensent par exemple que le marketing se limite à la vente ou à la publicité. <br/>
 Mais le marketing regroupe un éventail beaucoup plus large d’activités qui relient une organisation à son marché. <br/>
 Le marketing est également une philosophie managériale qui place le consommateur au cœur des préoccupations de l’entreprise. <br/>
 Avec une approche marketing, le succès de l’entreprise passe par la compréhension et la satisfaction des besoins du consommateur.<br/>
 Ce cours propose une exploration des fondements du marketing. <br/>
 Nous examinerons d’abord comment le marketing permet la création de valeur pour le consommateur et pour l’entreprise. <br/>
 Nous analyserons ensuite comment les entreprises définissent des marchés-cibles porteurs et déterminent un positionnement concurrentiel efficace. <br/>
 Nous discuterons enfin de la façon dont on peut traduire ce positionnement à travers les politiques de produit, de prix, de distribution, et de communication marketing intégrée.<br/>
 Si vous aspirez à une carrière en marketing, ce cours vous permettra d’acquérir les bases dans le domaine et vous préparera à des séminaires plus spécialisés. <br/>
 Si vous êtes un gestionnaire, ce cours vous aidera à comprendre comment le marketing peut contribuer à gagner et à maintenir une meilleure position concurrentielle. <br/>
 Si vous êtes un consommateur, ce cours vous donnera une meilleure compréhension du marché et vous outillera pour devenir un consommateur plus averti.<br/><br/>
 Ce Mooc est proposé par Edulib. <br/>
 Après avoir complété cette activité, assurez-vous de retourner sur la page d'activité Your Learning pour cocher la case ""Complété"" afin d'indiquer la réalisation de l'apprentissage. <br/>
 Note : cette activité est uniquement disponible en français. </p></div>","['Areas of Interest', 'Professional skills > Problem solving', 'Professional skills > Leadership', 'Learning Domain', 'Workplace skills - Ways of working', 'Learning Domain Primary', 'Professional skills']"
https://skills.yourlearning.ibm.com/activity/URL-E5BFD78D809B,ways_of_working,eLearning,Initiez-vous au marketing digital | OpenClassrooms,10 hrs,297 learners have completed this activity in the past 12 months.,Average rating of 4 stars by 17 learners in the past 12 months.,17,"<h2 class=""FullPageDescription_title__WsNdH""><span dir=""ltr"" lang=""en"" translate=""yes"">About this learning activity</span></h2><div dir=""ltr"" lang=""fr"" translate=""yes"">‌Est-ce que vous vous êtes déjà demandé comment : 
<ul>
<li>faire connaître une marque ?</li>
<li>attirer plus de visiteurs sur un site ?</li>
<li>mieux convertir des prospects en clients ?</li>
<li>et comment en faire des ambassadeurs par la suite?</li>
</ul>
<br/>
Alors le marketing digital devrait vous intéresser ! Je suis ravi de partager avec vous ma passion pour le marketing digital. Si vous savez déjà plus ou moins en quoi consiste la publicité en ligne, le référencement, l’emailing ou encore le community management, vous connaissez quelques-unes des nombreuses branches du marketing digital – mais il y en a tellement que vous vous demandez peut-être par où commencer !  
<br/>
<br/>
Ou bien, si vous débutez, peut-être que le terme “marketing digital” n’est pas encore clair pour vous : ne vous inquiétez pas !  Dans ce cours d’initiation, c'est de zéro qu'on va recommencer. Et c’est progressivement que je vous familiariserai avec les méthodes fondamentales et les techniques incontournables de ce domaine passionnant. 
<ul>
<li>À la fin de la première partie de ce cours, vous serez vous-même capable d’expliquer à un débutant en quoi ça consiste. </li>
<li>Dans la deuxième partie de ce cours, vous apprendrez à élaborer une stratégie web marketing actionnable et à l'intégrer dans le livrable par excellence du marketer : le plan marketing.</li>
<li>Enfin, dans la troisième partie, une fois que vous maîtriserez les bases, je vous montrerai comment améliorer la performance de vos actions web marketing à chaque niveau de la relation client.</li>
</ul>
<br/>
Ce MOOC est proposé par OpenClassrooms. 
<br/>
  
<br/>
Après avoir suivi cette activité, revenez sur cette page et sélectionnez "" <strong>Marquer terminé</strong>"" de prendre en compte ce parcours. 
<br/>
<br/>
Note : cette activité est uniquement disponible en français.</div>","['Areas of Interest', 'Professional skills > Digital literacy', 'Learning Domain', 'Workplace skills - Ways of working', 'Learning Domain Primary', 'Professional skills', 'Popular Subjects', 'Digital literacy']"
https://skills.yourlearning.ibm.com/activity/URL-47D63F8DA82C,ways_of_working,Video,Zoom - Arrière-plan visuel (vidéo en anglais),4 mins,15 learners have completed this activity in the past 12 months.,Average rating of 5 stars by 1 learner in the past 12 months.,1,"<h2 class=""FullPageDescription_title__WsNdH""><span dir=""ltr"" lang=""en"" translate=""yes"">About this learning activity</span></h2><div dir=""ltr"" lang=""en"" translate=""yes""><p><strong>Vue d'ensemble</strong><br/>La fonctionnalité Arrière-plan virtuel vous permet d'afficher une image comme votre arrière-plan pendant une réunion Zoom. Cette fonctionnalité fonctionne mieux avec un écran vert et un éclairage uniforme car cela permet à Zoom de détecter la différence entre vous et votre arrière-plan. Regardez une <a href=""https://www.youtube.com/watch?v=wv_AcZkrukE"" rel=""noopener noreferrer nofollow"" target=""_blank"">vidéo</a> sur cette fonctionnalité.<br/>Vous pouvez également importer vos propres images et les mettre en arrière-plan virtuel. Il n'existe pas de restrictions de taille lorsque vous ajoutez vos propres arrière-plans virtuels, mais nous vous recommandons de recarder l'image afin qu'elle corresponde au rapport hauteur/largeur de votre caméra avant de l'importer. Par exemple, si votre caméra est configurée en format 16:9, une image de 1280 pixels par 720 px ou 1920 pixels par 1080 pixels correspondra parfaitement. <br/><strong>Remarque :</strong>  Après le 4 novembre 2017, l'activation des fonctionnalités de Zoom utilise des <a href=""https://support.zoom.us/hc/en-us/articles/115005269866"" rel=""noopener noreferrer nofollow"" target=""_blank"">Paramètres à niveaux</a>. Les paramètres précédemment configurés pour la fonctionnalité <em>Arrière-plan virtuel</em> continueront à fonctionner de la même façon. Les modifications effectuées par un administrateur pourraient affecter les réunions et webinaires qui utilisent ce paramètre.<br/>Cet article aborde les sujets suivants :</p>
<ul>
<li><a href=""https://support.zoom.us/hc/fr/articles/210707503-Arri%C3%A8re-plan-virtuel#enabling"" rel=""noopener noreferrer nofollow"" target=""_blank"">Activer l'Arrière-plan virtuel</a>
<ul>
<li><a href=""https://support.zoom.us/hc/fr/articles/210707503-Arri%C3%A8re-plan-virtuel#account"" rel=""noopener noreferrer nofollow"" target=""_blank"">Pour votre compte</a></li>
<li><a href=""https://support.zoom.us/hc/fr/articles/210707503-Arri%C3%A8re-plan-virtuel#group"" rel=""noopener noreferrer nofollow"" target=""_blank"">Pour un groupe</a></li>
<li><a href=""https://support.zoom.us/hc/fr/articles/210707503-Arri%C3%A8re-plan-virtuel#user"" rel=""noopener noreferrer nofollow"" target=""_blank"">Pour vos propres réunions</a></li>
</ul></li>
<li><a href=""https://support.zoom.us/hc/fr/articles/210707503-Arri%C3%A8re-plan-virtuel#using"" rel=""noopener noreferrer nofollow"" target=""_blank"">Utiliser l'Arrière-plan virtuel</a></li>
<li><a href=""https://support.zoom.us/hc/fr/articles/210707503-Arri%C3%A8re-plan-virtuel#inmeeting"" rel=""noopener noreferrer nofollow"" target=""_blank"">Activer l'Arrière-plan virtuel pendant une réunion</a></li>
<li><a href=""https://support.zoom.us/hc/fr/articles/210707503-Arri%C3%A8re-plan-virtuel#troubleshooting"" rel=""noopener noreferrer nofollow"" target=""_blank"">Dépannage</a></li>
</ul></div>","['Learning Domain', 'Workplace skills - Ways of working', 'Learning Domain Primary', 'Professional skills']"
https://skills.yourlearning.ibm.com/activity/URL-B04A3017B607,ways_of_working,eLearning,Le commerce Omnicanal pour transformer la relation client | OpenClassrooms,8 hrs,8 learners have completed this activity in the past 12 months.,,,"<h2 class=""FullPageDescription_title__WsNdH""><span dir=""ltr"" lang=""en"" translate=""yes"">About this learning activity</span></h2><div dir=""ltr"" lang=""fr"" translate=""yes"">Vous êtes probablement tous des utilisateurs plus ou moins « voraces » d’Internet : sur votre ordinateur, tablette ou smartphone. Vous faites vos courses en ligne, vous vous informez ou encore, ou encore, vous regardez des vidéos sur Youtube ! 
<br/>
<br/>
Aujourd’hui, même si l’e-commerce représente rarement plus de 10% du chiffre d’affaires du commerce dans les pays fortement développés, cet élément a chamboulé toute la dynamique du commerce moderne, y compris bien entendu au niveau des nouveaux rôles des magasins et points de vente. 
<br/>
<br/>
Dans ce nouveau contexte, les consommateurs veulent utiliser simultanément l’ensemble des canaux à leur disposition. Ils commencent par consulter un produit en ligne depuis leur smartphone dans le métro, puis vont en boutique pour l’essayer, et reviennent sur un site générique comme Amazon pour l’acheter depuis leur tablette ! Pourquoi ? Parce qu’ils recherchent de l’immédiateté et beaucoup d’adaptabilité liés à leur nouveau mode de vie ultra connecté. 
<br/>
<br/>
Cette nouvelle façon d’acheter chez le consommateur ou expérience client a été baptisée « omnicanal ». Les entreprises ont donc pour défi de mettre en synergie tous les éléments du système marketing et « voir le marché à travers les yeux du client connecté ». 
<br/>
<br/>
Dans ce cours, nous vous proposons donc de vous montrer pourquoi cette démarche est fondamentalement différente et beaucoup plus ambitieuse que ses ancêtres dit « multi canal » ou « cross-canal ». Nous vous aiderons à relever le défi d’une expérience client sans faille, grâce à quelques clés essentielles pour développer une stratégie marketing gagnante dans cette bataille concurrentielle qu’est l’omnicanal. 
<br/>
<br/>
Ce MOOC est proposé par OpenClassrooms.  
<br/>
<br/>
Après avoir suivi cette activité, revenez sur cette page et sélectionnez "" <strong>Marquer terminé</strong>"" afin de prendre en compte ce parcours. 
<br/>
<br/>
Note : cette activité est uniquement disponible en français. </div>","['Areas of Interest', 'Professional skills > Problem solving', 'Professional skills > Leadership', 'Professional skills > Digital literacy', 'Learning Domain', 'Workplace skills - Ways of working', 'Learning Domain Primary', 'Professional skills', 'Popular Subjects', 'Digital literacy']"
https://skills.yourlearning.ibm.com/activity/ILB-RKEVKEEWNQZVV8JV,ways_of_working,eLearning,What is design thinking?,45 mins,7614 learners have completed this activity in the past 12 months.,Average rating of 4.5 stars by 2075 learners in the past 12 months.,"2,075","<h2 class=""FullPageDescription_title__WsNdH""><span dir=""ltr"" lang=""en"" translate=""yes"">About this learning activity</span></h2><div dir=""ltr"" lang=""en"" translate=""yes""><p>Design thinking is changing the relationship between people and machines. Learn the revolutionary principles behind design thinking and what makes good design ""human-centered.""</p>
<br/>
<p><strong>Duration:</strong> Complete the activities in this course and earn 45 minutes of learning credit!</p></div>","['Learning Domain', 'Workplace skills - Ways of working', 'Learning Domain Primary', 'Professional skills', 'TryB4', 'All TryB4']"
https://skills.yourlearning.ibm.com/activity/PLAN-F8CBF9ECCA49,ways_of_working,Learning Plan,Agile Explorer - Powered by Agile at IBM (Complete 3 courses and earn a badge!),Hours,8478 learners have completed this activity in the past 12 months.,Average rating of 4.5 stars by 595 learners in the past 12 months.,595,"<div dir=""ltr"" lang=""en"" translate=""yes""><p>Note: There is an updated version of this course available in English. <a href=""https://skills.yourlearning.ibm.com/activity/PLAN-716FDF294AB3"" rel=""noopener noreferrer nofollow"" target=""_blank"">Click<strong> </strong>here</a> to take it.</p>
<p> </p>
<p>Agile is a set of values, principles, and practices that helps change the culture and behaviors of the way people work. Learn the foundational concepts of Agile and earn the <strong>Agile Explorer</strong> <strong>badge </strong>when you complete three courses: <br/>
   </p>
<ol>
<li>A Taste of Agile</li>
<li>Agile Operations Fundamentals</li>
<li>Agile Program Fundamentals</li>
</ol>
<p><br/><strong>Audience: </strong>Anyone interested in how agile methods and practices can improve the way they work in teams and projects <br/><strong>Duration:</strong> 7+ hours <br/><strong>Level:</strong> Beginner <br/><strong>Languages</strong>: English, Spanish, Brazilian Portuguese, Hindi, Japanese, French, Traditional Chinese <br/><br/>
  Select <strong>Enroll</strong> to enroll in this learning plan and get started!</p></div>","['Badge Learning', '000 All digital credentials', 'Agile Explorer', 'Learning Domain', 'Workplace skills - Ways of working', 'Learning Domain Primary', 'Professional skills', 'Lightcast Skills Taxonomy', 'Operations Skill', 'Agile Methodology Skill']"
https://skills.yourlearning.ibm.com/activity/ILB-ZKVGNDXXDDGXA5K2,ways_of_working,eLearning,IBM and Design Thinking,15 mins,37616 learners have completed this activity in the past 12 months.,Average rating of 4 stars by 953 learners in the past 12 months.,953,"<h2 class=""FullPageDescription_title__WsNdH""><span dir=""ltr"" lang=""en"" translate=""yes"">About this learning activity</span></h2><div dir=""ltr"" lang=""en"" translate=""yes""><p>Now learn how to apply design thinking! You'll explore concepts like collaboration, brainstorming, and problem solving, and how people use design thinking in the workplace. You'll even have an opportunity to apply its principles to aspects of your own life!</p>
<br/>
<p><strong>Duration:</strong> Complete the activities in this course and earn 15 minutes of learning credit!</p></div>","['Learning Domain', 'Workplace skills - Ways of working', 'Learning Domain Primary', 'Professional skills', 'Lightcast Skills Taxonomy', 'Problem Solving Skill']"
https://skills.yourlearning.ibm.com/activity/ILB-VQNPGXKKRPWVPKJM,ways_of_working,eLearning,How is design thinking used?,1 hr 5 mins,5932 learners have completed this activity in the past 12 months.,Average rating of 4.5 stars by 1449 learners in the past 12 months.,"1,449","<h2 class=""FullPageDescription_title__WsNdH""><span dir=""ltr"" lang=""en"" translate=""yes"">About this learning activity</span></h2><div dir=""ltr"" lang=""en"" translate=""yes""><p>Explore how design thinking works in practice, the activities that make up design thinking workshops, and the types of tools and methods used to support these activities.</p>
<br/>
<p><strong>Duration:</strong> Complete the activities in this course and earn 65 minutes of learning credit!</p></div>","['Learning Domain', 'Workplace skills - Ways of working', 'Learning Domain Primary', 'Professional skills']"
https://skills.yourlearning.ibm.com/credential/CREDLY-fdee9f0a-294c-46f1-b134-3c0bda05eb11,ways_of_working,Digital Credential,Digital Mindset,Hours,327 learners have earned this digital credential.,,,"<h2 class=""FullPageDescription_title__WsNdH""><span dir=""ltr"" lang=""en"" translate=""yes"">About this digital credential</span></h2><div dir=""ltr"" lang=""en"" translate=""yes""><p>This credential earner demonstrates knowledge of the reasoning and factors for developing a digital mindset, and the required attributes and strategies for cultivating one. The individual knows about ways of working and thinking to use digital tools to their advantage. The earner has a conceptual understanding of the importance of having a digital mindset and applies strategies to be a confident and competent digital citizen.</p>
<p> </p>
<p><strong>Complete the learning here:</strong> <a href=""https://skills.yourlearning.ibm.com/activity/PLAN-DA137C13FE80"" rel=""noopener noreferrer nofollow"" target=""_blank"">Digital Mindset</a></p></div>",[]
https://skills.yourlearning.ibm.com/channel/CNL_LCB_1591118582432,ways_of_working,Channel,Innovative Ways of Working,,,,"1,997","<div dir=""ltr"" lang=""en"" translate=""yes""><p>Essential skills represent the industry knowledge and modern ways of working that professionals need to be successful in a digital innovation economy. This collection of learning activities provides you with an opportunity to explore some of the latest, innovative ways of working in today's work environments. How can design thinking benefit a project? What is it like to be a part of an agile team? What are some mindfulness concepts and techniques to help develop focus and self-awareness?</p></div>",[]
https://skills.yourlearning.ibm.com/channel/CNL_LCB_1588796419994,ways_of_working,Channel,Job Readiness: Work from Home,,,,25,"<div dir=""ltr"" lang=""en"" translate=""yes""><p>Being efficient working from home (WFH) can be a challenge. There are tons of distractions, less accountability, and less communication than when you’re working in the office. But that doesn’t mean it’s impossible. To work effectively from home, you'll need to make sure you have the technology you require, a separate workspace, Internet service that meets your need, a workable schedule you can stick to, and ways to connect with others. These learning activities will provide you with tactics and tips to succeed when WFH.</p></div>",[]
