course_url,category,type,title,duration,learners_amount,star_rating,star_num_ratings,description,tags
https://skills.yourlearning.ibm.com/activity/PLAN-8749C02A78EC,web_development,Learning Plan,Web Development Fundamentals (Earn a credential!),About 12 hours,15669 learners have completed this activity in the past 12 months.,Average rating of 4.5 stars by 1271 learners in the past 12 months.,"1,271","<div dir=""ltr"" lang=""en"" translate=""yes""><p>Would you like opportunities to express yourself creatively on the internet? Web development is an exciting, growing field in tech. Learn the basics about the languages, tools, and processes to develop websites. Then, get hands-on practice creating an interactive task list web page in a series of simulations. Finish by gathering tips and resources that can help you launch a great career in web development.  <br/>
   <br/>
 Complete the following required courses to earn an industry-recognized IBM SkillsBuild digital credential called <strong>Web Development Fundamentals</strong>:</p>
<ol>
<li>Web Development Basics </li>
<li>Developing Sites for the Web  </li>
<li>Introduction to HTML and CSS</li>
<li>Bringing Websites to Life with JavaScript</li>
<li>Website Testing and Deployment </li>
<li>Develop an Interactive Task List Web Page </li>
<li>Your Future in Web Development: The Job Landscape  </li>
</ol>
<p>  <br/><strong>What you’ll learn</strong>  <br/>
 After completing <i>Web Development Fundamentals</i>, you should be able to: </p>
<ul>
<li>Identify basic computer functions, types of programming languages, the main steps to develop a website, and fundamentals about front-end and back-end development</li>
<li>Explain the features and functions of HTML, CSS, and JavaScript and how the languages interact</li>
<li>Identify the phases in the software development lifecycle, and the waterfall and agile approaches to web development</li>
<li>Identify common HTML elements, HTML attributes, coding organization techniques, the CSS box model, best practices for writing HTML and CSS, and key features of an integrated development environment (IDE)</li>
<li>Identify the basic structure of JavaScript code, techniques to include JavaScript in HTML, how JavaScript enables dynamic websites, and popular database functions to store and work with website data using MySQL</li>
<li>Identify different types of website testing, the value of automated testing, version control systems, the main steps to publish a website, continuous delivery and continuous deployment, DevOps, responsive design, cloud computing for web development and deployment, and the methods and tools used to test and automate the deployment of websites</li>
<li>Develop an interactive web page using HTML, CSS, and JavaScript, and perform a simple functional test on a web page</li>
<li>Recognize the job market, responsibilities and skill sets of web development professionals, and resources and learning opportunities to explore</li>
</ul>
<p><br/>
   <br/>
 The knowledge and skills in these courses build on each other, so SkillsBuild recommends that you complete the courses in the order in which they are presented.  <br/>
   <br/><strong>Language:</strong> English, Arabic, Brazilian Portuguese, French, Spanish<br/>
   <br/>
 Select <strong>Enroll</strong> to enroll in this learning plan and get started!  </p></div>","['Badge Learning', '000 All digital credentials', 'Web Development Fundamentals', 'Fundamentals', 'All Fundamentals', 'Learning Domain', 'Technical skills - Web Development', 'Lightcast Skills Taxonomy', 'HyperText Markup Language (HTML) Skill', 'Agile Methodology Skill', 'Software Development Life Cycle Skill', 'DevOps Skill', 'JavaScript (Programming Language) Skill', 'Web Development Skill', 'Front End (Software Engineering) Skill', 'Cascading Style Sheets (CSS) Skill']"
https://skills.yourlearning.ibm.com/activity/URL-GEFUOMZRGXO,web_development,Video,Web development for beginners: What does a web developer do? | Ecourse Review,4 mins 58 s,2805 learners have completed this activity in the past 12 months.,Average rating of 4.5 stars by 69 learners in the past 12 months.,69,"<h2 class=""FullPageDescription_title__WsNdH""><span dir=""ltr"" lang=""en"" translate=""yes"">About this learning activity</span></h2><div dir=""ltr"" lang=""en"" translate=""yes"">Learn about entering the field of web development. Web developers are in high demand. This video covers basic web development concepts, various web developer roles, and the activities that a web developer typically performs. 
<br/>
<br/>
This video is presented by Ecourse Review. 
<br/>
<br/>
After you complete this activity, return to this page to select <strong>Mark complete</strong> for completion credit. 
<br/>
<br/><strong>Note</strong>: On the video toolbar, go to <strong>Settings</strong>, <strong> </strong>select <strong>Subtitles</strong>, <strong> </strong>select <strong>English</strong>, and then select <strong>Auto-Translate</strong> to enable subtitles in a language of your choice from the drop-down.</div>","['Learning Domain', 'Technical skills - Web Development', 'Lightcast Skills Taxonomy', 'Web Development Skill']"
https://skills.yourlearning.ibm.com/activity/MDL-261,web_development,eLearning,Web Development Basics,1 hr 40 mins,54650 learners have completed this activity in the past 12 months.,Average rating of 4.5 stars by 2186 learners in the past 12 months.,"2,186","<h2 class=""FullPageDescription_title__WsNdH""><span dir=""ltr"" lang=""en"" translate=""yes"">About this learning activity</span></h2><div dir=""ltr"" lang=""en"" translate=""yes"">In this course, you’ll learn about basic computer functions and programming languages. You’ll get an overview of web development, including the scope of the two sides of web development: front-end and back-end. And you’ll learn about the difference between the internet and the World Wide Web.<br/><br/><strong>What you’ll learn</strong><br/>After completing this course, you should be able to:<ul><li>Describe the basic functions of a computer</li><li>Differentiate between hardware and software</li><li>Describe the types of programming languages</li><li>Explain how a computer reads code</li><li>Differentiate between web design and web development</li><li>Identify website components</li><li>Explain the main steps in the web development process</li><li>Differentiate between client-side and server-side processes</li><li>Identify the focus areas and common languages for front-end development</li><li>Identify the focus areas and common languages for back-end development</li><li>Differentiate between the World Wide Web and the internet</li><li>Explain how the cloud benefits web development</li></ul></div>","['Badge Learning', 'Web Development Fundamentals', 'Learning Domain', 'Technical skills - Web Development', 'Lightcast Skills Taxonomy', 'Front End (Software Engineering) Skill', 'Web Development Skill']"
https://skills.yourlearning.ibm.com/activity/MDL-267,web_development,eLearning,Your Future in Web Development: The Job Landscape,1 hr,23173 learners have completed this activity in the past 12 months.,Average rating of 4.5 stars by 606 learners in the past 12 months.,606,"<h2 class=""FullPageDescription_title__WsNdH""><span dir=""ltr"" lang=""en"" translate=""yes"">About this learning activity</span></h2><div dir=""ltr"" lang=""en"" translate=""yes"">In this course, you’ll learn about the web development job market, the skills web developers need to be successful, and how web developers interact with other job roles on a team. You’ll also find resources and learning opportunities so you can explore more.<br/><br/><strong>What you’ll learn</strong><br/>After completing this course, you should be able to:<ul><li>Identify industries in which web developers work</li><li>Recognize the global demand for web development professionals in the job market</li><li>Recognize the future of the web development field</li><li>Identify common roles and specialties in the web development field</li><li>Explain the primary responsibilities of different web development roles</li><li>Identify the skills that web developers need</li><li>Distinguish between different roles on a web development team</li><li>Identify resources to learn more and stay up to date in the field of web development</li></ul></div>","['Badge Learning', 'Web Development Fundamentals', 'Learning Domain', 'Workplace skills - Workforce readiness', 'Technical skills - Web Development']"
https://skills.yourlearning.ibm.com/activity/SN-COURSE-V1:BEJOB+E9DQWG+V1,web_development,eLearning,Fundamentos de Desarrollo Web,5 hrs,4522 learners have completed this activity in the past 12 months.,,,"<h2 class=""FullPageDescription_title__WsNdH""><span dir=""ltr"" lang=""en"" translate=""yes"">About this learning activity</span></h2><div dir=""ltr"" lang=""en"" translate=""yes""><p>Fundamentos en los que se basa la programación de páginas WEB. Diferencias entre programación front-end, back-end y fullstack.</p></div>","['Learning Domain', 'Technical skills - Web Development']"
https://skills.yourlearning.ibm.com/activity/URL-D50734EA45FE,web_development,eLearning,HTML Iframes,2 hrs 30 mins,26707 learners have completed this activity in the past 12 months.,Average rating of 4 stars by 188 learners in the past 12 months.,188,"<h2 class=""FullPageDescription_title__WsNdH""><span dir=""ltr"" lang=""en"" translate=""yes"">About this learning activity</span></h2><div dir=""ltr"" lang=""en"" translate=""yes""><p>HTML Iframes- An HTML iframe is used to display a web page within a web page, Iframes Syntax, Iframes Set Height and Width, </p></div>","['Learning Domain', 'Technical skills - Web Development', 'Lightcast Skills Taxonomy', 'HyperText Markup Language (HTML) Skill']"
https://skills.yourlearning.ibm.com/activity/ILB-NKQNQEGXDNRDEZJW,web_development,eLearning,Learn by doing: HTML!,50 mins,24658 learners have completed this activity in the past 12 months.,Average rating of 4 stars by 369 learners in the past 12 months.,369,"<h2 class=""FullPageDescription_title__WsNdH""><span dir=""ltr"" lang=""en"" translate=""yes"">About this learning activity</span></h2><div dir=""ltr"" lang=""en"" translate=""yes""><p>Learn HTML autonomously: first take a tutorial then get cracking at these small exploratory exercises, intended to get you up to speed in HTML.</p></div>","['Learning Domain', 'Technical skills - Web Development', 'Lightcast Skills Taxonomy', 'HyperText Markup Language (HTML) Skill']"
https://skills.yourlearning.ibm.com/activity/URL-36FCD9EC0EE1,web_development,eLearning,HTML Forms,2 hrs 30 mins,25892 learners have completed this activity in the past 12 months.,Average rating of 4.5 stars by 165 learners in the past 12 months.,165,"<h2 class=""FullPageDescription_title__WsNdH""><span dir=""ltr"" lang=""en"" translate=""yes"">About this learning activity</span></h2><div dir=""ltr"" lang=""en"" translate=""yes""><p> </p>
<p>HTML Forms, form elements, Input types, <br/> </p></div>","['Learning Domain', 'Technical skills - Web Development', 'Lightcast Skills Taxonomy', 'HyperText Markup Language (HTML) Skill']"
https://skills.yourlearning.ibm.com/activity/SN-COURSE-V1:BEJOB+WFRAXL+V1,web_development,eLearning,Fundamentos de Internet,3 hrs,6750 learners have completed this activity in the past 12 months.,,,"<h2 class=""FullPageDescription_title__WsNdH""><span dir=""ltr"" lang=""en"" translate=""yes"">About this learning activity</span></h2><div dir=""ltr"" lang=""en"" translate=""yes""><p>Principios básicos del funcionamiento de internet y de la WWW. Conceptos como nodo, paquetes, puertos, latencia, etc...</p></div>","['Learning Domain', 'Technical skills - Web Development']"
https://skills.yourlearning.ibm.com/activity/ILB-ZKRYRGZNXDMX6D2K,web_development,eLearning,HTML5 Exercises,30 mins,24823 learners have completed this activity in the past 12 months.,Average rating of 4.5 stars by 39 learners in the past 12 months.,39,"<h2 class=""FullPageDescription_title__WsNdH""><span dir=""ltr"" lang=""en"" translate=""yes"">About this learning activity</span></h2><div dir=""ltr"" lang=""en"" translate=""yes""><a href=""https://bundles.yourlearning.ibm.com/skills/ngo/#/ZKRYRGZNXDMX6D2K"" rel=""noopener noreferrer nofollow"" target=""_blank"">Open <strong>HTML5 Exercises</strong> Activity</a></div>","['Learning Domain', 'Technical skills - Web Development', 'Lightcast Skills Taxonomy', 'HTML5 Skill']"
https://skills.yourlearning.ibm.com/activity/ILB-RKEMERVPMPMY1DGX,web_development,eLearning,Learn by doing: CSS!,3 hrs 45 mins,26395 learners have completed this activity in the past 12 months.,Average rating of 4.5 stars by 252 learners in the past 12 months.,252,"<h2 class=""FullPageDescription_title__WsNdH""><span dir=""ltr"" lang=""en"" translate=""yes"">About this learning activity</span></h2><div dir=""ltr"" lang=""en"" translate=""yes""><p>Series of small coding challenges to muscle your CSS coding skills!</p></div>","['Learning Domain', 'Technical skills - Web Development', 'Lightcast Skills Taxonomy', 'Cascading Style Sheets (CSS) Skill']"
https://skills.yourlearning.ibm.com/activity/URL-32CE0D1286BB,web_development,eLearning,CSS Introduction,1 hr 30 mins,31510 learners have completed this activity in the past 12 months.,Average rating of 4.5 stars by 266 learners in the past 12 months.,266,"<h2 class=""FullPageDescription_title__WsNdH""><span dir=""ltr"" lang=""en"" translate=""yes"">About this learning activity</span></h2><div dir=""ltr"" lang=""en"" translate=""yes""><p> </p>
<p>CSS Introduction<br/> </p></div>","['Learning Domain', 'Technical skills - Web Development', 'Lightcast Skills Taxonomy', 'Cascading Style Sheets (CSS) Skill']"
https://skills.yourlearning.ibm.com/activity/ILB-EKVDPYPKGMKV155G,web_development,eLearning,CSS Exercises,3 hrs,27161 learners have completed this activity in the past 12 months.,Average rating of 4.5 stars by 303 learners in the past 12 months.,303,"<h2 class=""FullPageDescription_title__WsNdH""><span dir=""ltr"" lang=""en"" translate=""yes"">About this learning activity</span></h2><div dir=""ltr"" lang=""en"" translate=""yes""><a href=""https://bundles.yourlearning.ibm.com/skills/ngo/#/EKVDPYPKGMKV155G"" rel=""noopener noreferrer nofollow"" target=""_blank"">Open <strong>CSS Exercises</strong> Activity</a></div>","['Learning Domain', 'Technical skills - Web Development', 'Lightcast Skills Taxonomy', 'Cascading Style Sheets (CSS) Skill']"
https://skills.yourlearning.ibm.com/activity/URL-3DD4B2B3FAFA,web_development,eLearning,Introduction to JavaScript and React 6/6,1 hr 30 mins,183 learners have completed this activity in the past 12 months.,Average rating of 4.5 stars by 14 learners in the past 12 months.,14,"<h2 class=""FullPageDescription_title__WsNdH""><span dir=""ltr"" lang=""en"" translate=""yes"">About this learning activity</span></h2><div dir=""ltr"" lang=""en"" translate=""yes""><p>JavaScript For Loop.<br/>Loops can execute a block of code a number of times.</p></div>","['Learning Domain', 'Technical skills - Web Development', 'Lightcast Skills Taxonomy', 'JavaScript (Programming Language) Skill', 'React.js Skill']"
https://skills.yourlearning.ibm.com/activity/URL-DA9E33D73606,web_development,eLearning,Introduction to JavaScript and React 4/6,2 hrs,81 learners have completed this activity in the past 12 months.,Average rating of 4.5 stars by 11 learners in the past 12 months.,11,"<h2 class=""FullPageDescription_title__WsNdH""><span dir=""ltr"" lang=""en"" translate=""yes"">About this learning activity</span></h2><div dir=""ltr"" lang=""en"" translate=""yes""><p>This course focuses on component state, event handlers<br/> </p></div>","['Learning Domain', 'Technical skills - Web Development', 'Lightcast Skills Taxonomy', 'JavaScript (Programming Language) Skill', 'React.js Skill']"
https://skills.yourlearning.ibm.com/activity/URL-8B98F5FA88F2,web_development,eLearning,Introduction to JavaScript and React 5/6,1 hr,108 learners have completed this activity in the past 12 months.,Average rating of 4.5 stars by 15 learners in the past 12 months.,15,"<h2 class=""FullPageDescription_title__WsNdH""><span dir=""ltr"" lang=""en"" translate=""yes"">About this learning activity</span></h2><div dir=""ltr"" lang=""en"" translate=""yes""><p>JavaScript if else and else if<br/>Conditional statements are used to perform different actions based on different conditions.</p></div>","['Learning Domain', 'Technical skills - Web Development', 'Lightcast Skills Taxonomy', 'JavaScript (Programming Language) Skill', 'React.js Skill']"
https://skills.yourlearning.ibm.com/activity/URL-C7A7D3A202BC,web_development,eLearning,Understanding the Web,4 hrs,28 learners have completed this activity in the past 12 months.,,,"<h2 class=""FullPageDescription_title__WsNdH""><span dir=""ltr"" lang=""en"" translate=""yes"">About this learning activity</span></h2><div dir=""ltr"" lang=""en"" translate=""yes""><p>You'll discover the history of the web, different programming languages and frameworks, and what role developers play in the whole game! You'll be able to better understand the world of web development, and you'll be able to get yourself started on that career path if you like.</p></div>",[]
https://skills.yourlearning.ibm.com/activity/URL-74D4424121E3,web_development,eLearning,Full-stack web developers and back-end developers - Coursera,12 hrs,5050 learners have completed this activity in the past 12 months.,Average rating of 3.5 stars by 23 learners in the past 12 months.,23,"<h2 class=""FullPageDescription_title__WsNdH""><span dir=""ltr"" lang=""en"" translate=""yes"">About this learning activity</span></h2><div dir=""ltr"" lang=""en"" translate=""yes""><p>Learn the basics to be come a full stack developer with CSS and HTML. Sur Coursera pour Social Builder</p></div>","['Learning Domain', 'Technical skills - Web Development', 'Lightcast Skills Taxonomy', 'Cascading Style Sheets (CSS) Skill', 'HyperText Markup Language (HTML) Skill']"
https://skills.yourlearning.ibm.com/activity/URL-37B1AD3F2E31,web_development,eLearning,Introduction to JavaScript and React 2/6,1 hr,6148 learners have completed this activity in the past 12 months.,Average rating of 4.5 stars by 61 learners in the past 12 months.,61,"<h2 class=""FullPageDescription_title__WsNdH""><span dir=""ltr"" lang=""en"" translate=""yes"">About this learning activity</span></h2><div dir=""ltr"" lang=""en"" translate=""yes""><p>A <strong>computer program</strong> is a list of ""instructions"" to be ""executed"" by a computer.<br/>In a programming language, these programming instructions are called <strong>statements</strong>.<br/>A <strong>JavaScript program</strong> is a list of programming <strong>statements</strong>.<br/> </p></div>","['Learning Domain', 'Technical skills - Web Development', 'Lightcast Skills Taxonomy', 'JavaScript (Programming Language) Skill', 'React.js Skill']"
https://skills.yourlearning.ibm.com/activity/URL-B1F678FC85DB,web_development,Webpage,CSS Reference | w3schools,15 mins,3509 learners have completed this activity in the past 12 months.,Average rating of 4.5 stars by 32 learners in the past 12 months.,32,"<h2 class=""FullPageDescription_title__WsNdH""><span dir=""ltr"" lang=""en"" translate=""yes"">About this learning activity</span></h2><div dir=""ltr"" lang=""en"" translate=""yes"">Check out and bookmark this online resource for a complete reference on CSS properties.
<br/>
<br/>
This resource is presented by w3schools. It is offered in many languages by Google.
<br/>
<br/>
After you check out this resource, return to this page to select <strong>Mark complete </strong>for completion credit.</div>","['Learning Domain', 'Technical skills - Web Development', 'Lightcast Skills Taxonomy', 'Cascading Style Sheets (CSS) Skill']"
https://skills.yourlearning.ibm.com/activity/URL-033AA2537AD5,web_development,Webpage,Which programming language should I learn first? | CarlCheo.com,5 mins,2277 learners have completed this activity in the past 12 months.,Average rating of 4.5 stars by 60 learners in the past 12 months.,60,"<h2 class=""FullPageDescription_title__WsNdH""><span dir=""ltr"" lang=""en"" translate=""yes"">About this learning activity</span></h2><div dir=""ltr"" lang=""en"" translate=""yes""><p>This infographic walks you through a series of questions to help you determine which programming language fits your objectives.<br/><br/>
 This article is presented by CarlCheo.com.<br/><br/>
 After you complete this activity, return to this page to select <strong>Mark complete</strong> for completion credit.</p></div>",[]
https://skills.yourlearning.ibm.com/activity/URL-9362FE18CBB1,web_development,Experiential,Code your own Flappy Bird game | code.org,1 hr,2619 learners have completed this activity in the past 12 months.,Average rating of 5 stars by 89 learners in the past 12 months.,89,"<h2 class=""FullPageDescription_title__WsNdH""><span dir=""ltr"" lang=""en"" translate=""yes"">About this learning activity</span></h2><div dir=""ltr"" lang=""en"" translate=""yes""><p>Learn programming concepts while building your own version of the Flappy Bird game.<br/><br/>
 This activity is presented by code.org.<br/><br/>
 After you complete this activity, return to this page to select <strong>Mark complete</strong> for completion credit.</p></div>","['Learning Domain', 'Other - Game Design and Development']"
https://skills.yourlearning.ibm.com/activity/SN-COURSE-V1:BEJOB+XJGYYN+V1,web_development,eLearning,Fundamentos de programación,5 hrs,5613 learners have completed this activity in the past 12 months.,,,"<h2 class=""FullPageDescription_title__WsNdH""><span dir=""ltr"" lang=""en"" translate=""yes"">About this learning activity</span></h2><div dir=""ltr"" lang=""en"" translate=""yes""><p>Aprende los principios en los que se basan los principales lenguajes de programación más usados actualmente, sus diferencias, ventajas e inconvenientes de cada tipo. Sabremos lo que son los lenguajes compilados, los interpretados y el modo en que trabajan.</p></div>","['Learning Domain', 'Technical skills - Web Development']"
https://skills.yourlearning.ibm.com/activity/SN-COURSE-V1:BEJOB+2GJOBR+V1,web_development,eLearning,Fundamentos de GIT y GITHUB,5 hrs,4675 learners have completed this activity in the past 12 months.,,,"<h2 class=""FullPageDescription_title__WsNdH""><span dir=""ltr"" lang=""en"" translate=""yes"">About this learning activity</span></h2><div dir=""ltr"" lang=""en"" translate=""yes""><p>En este curso el estudiante aprenderá la filosofía y el modo de trabajo del repositorio de control de versiones de software más usado en la actualidad, GitHub.</p></div>","['Learning Domain', 'Technical skills - Web Development', 'Lightcast Skills Taxonomy', 'Git (Version Control System) Skill']"
https://skills.yourlearning.ibm.com/activity/URL-23A8A189D7F5,web_development,eLearning,Introduction to JavaScript and React 1/6,3 hrs 30 mins,5399 learners have completed this activity in the past 12 months.,Average rating of 4.5 stars by 121 learners in the past 12 months.,121,"<h2 class=""FullPageDescription_title__WsNdH""><span dir=""ltr"" lang=""en"" translate=""yes"">About this learning activity</span></h2><div dir=""ltr"" lang=""en"" translate=""yes""><p>Familiarize ourselves with the React-library, which we will be using to write the code that runs in the browser. We will also look at some features of JavaScript that are important for understanding React.</p></div>","['Learning Domain', 'Technical skills - Web Development', 'Lightcast Skills Taxonomy', 'React.js Skill', 'JavaScript (Programming Language) Skill']"
https://skills.yourlearning.ibm.com/activity/URL-17524700C6E8,web_development,Webpage,HTML Element Reference | w3schools,10 mins,2669 learners have completed this activity in the past 12 months.,Average rating of 4.5 stars by 28 learners in the past 12 months.,28,"<h2 class=""FullPageDescription_title__WsNdH""><span dir=""ltr"" lang=""en"" translate=""yes"">About this learning activity</span></h2><div dir=""ltr"" lang=""en"" translate=""yes""><p>Check out and bookmark this online resource for a complete reference on HTML elements and tags.<br/><br/>
 This resource is presented by w3schools. It is offered in many languages by Google.<br/><br/>
 After you check out this resource, return to this page to select <strong>Mark complete</strong> for completion credit.</p></div>","['Learning Domain', 'Technical skills - Web Development', 'Lightcast Skills Taxonomy', 'HyperText Markup Language (HTML) Skill']"
https://skills.yourlearning.ibm.com/activity/URL-177B9DBEECCD,web_development,Guidance,IBM SkillsBuild: Main Career Pathways,30 mins,228 learners have completed this activity in the past 12 months.,Average rating of 5 stars by 12 learners in the past 12 months.,12,"<h2 class=""FullPageDescription_title__WsNdH""><span dir=""ltr"" lang=""en"" translate=""yes"">About this learning activity</span></h2><div dir=""ltr"" lang=""en"" translate=""yes""><p>In this replay, Usame Samim, a content manager for IBM SkillsBuild, offers an overview of the cybersecurity, data analysis, and web development learning pathways available to learners.</p></div>","['Learning Domain', 'Technical skills - Cybersecurity', 'Learning Domain Primary', 'Cybersecurity', 'Lightcast Skills Taxonomy', 'Data Analysis Skill', 'Cyber Security Skill']"
https://skills.yourlearning.ibm.com/activity/PLAN-567D1B90B9ED,web_development,Learning Plan,DC - CDA - Parcours d’approfondissement : Sprint 1 : Front End,About 19 hours,170 learners have completed this activity in the past 12 months.,Average rating of 4 stars by 3 learners in the past 12 months.,3,"<div dir=""ltr"" lang=""en"" translate=""yes""><br/>
 Ce que vous decouvrirez : 
<br/>
 Elements de base : 
<br/>
 - Learn About Being a Front End Developer | Indeed Career Guide 
<br/>
 - Web Development Fundamentals (Earn a credential!) 
<br/>
 HTML : 
<br/>
 - Build Your First Web Pages With HTML and CSS | OpenClassrooms 
<br/>
 - HTML Tutorial | w3schools 
<br/>
 CSS : 
<br/>
 - Learn CSS Tutorial | w3schools 
<br/>
<br/>
<br/>
  </div>",[]
https://skills.yourlearning.ibm.com/activity/URL-9CAE8055F517,web_development,eLearning,Programming for Entrepreneurs - JavaScript,2 hrs 43 mins,78 learners have completed this activity in the past 12 months.,Average rating of 5 stars by 7 learners in the past 12 months.,7,"<h2 class=""FullPageDescription_title__WsNdH""><span dir=""ltr"" lang=""en"" translate=""yes"">About this learning activity</span></h2><div dir=""ltr"" lang=""en"" translate=""yes""><p>Learn JavaScript from scratch and get started with that website/app/game project!<br/> </p></div>","['Learning Domain', 'Technical skills - Web Development', 'Other - Game Design and Development', 'Lightcast Skills Taxonomy', 'JavaScript (Programming Language) Skill']"
https://skills.yourlearning.ibm.com/activity/URL-PQN-PNXPAVG,web_development,Video,HTML Full Course - Build a Website Tutorial | freeCodeCamp.org,2 hrs 2 mins 32 s,3044 learners have completed this activity in the past 12 months.,Average rating of 4.5 stars by 50 learners in the past 12 months.,50,"<h2 class=""FullPageDescription_title__WsNdH""><span dir=""ltr"" lang=""en"" translate=""yes"">About this learning activity</span></h2><div dir=""ltr"" lang=""en"" translate=""yes""><p>Learn the basics of HTML5 and web development in this awesome and engaging videofor beginners.<br/><br/>
 This video is presented by freeCodeCamp.org.<br/><br/>
 After you complete this activity, return to this page to select <strong>Mark complete </strong>for completion credit.<br/><br/><strong>Note</strong>: On the video toolbar, go to <strong>Settings</strong>, select <strong>Subtitles</strong>, select <strong>English</strong>, and then select <strong>Auto-Translate </strong>to enable subtitles in a language of your choice from the drop-down.</p></div>","['Learning Domain', 'Technical skills - Web Development', 'Lightcast Skills Taxonomy', 'HyperText Markup Language (HTML) Skill', 'HTML5 Skill']"
https://skills.yourlearning.ibm.com/activity/URL-718973C05E69,web_development,eLearning,Learn CSS Tutorial | w3schools,9 hrs,22292 learners have completed this activity in the past 12 months.,Average rating of 4.5 stars by 119 learners in the past 12 months.,119,"<h2 class=""FullPageDescription_title__WsNdH""><span dir=""ltr"" lang=""en"" translate=""yes"">About this learning activity</span></h2><div dir=""ltr"" lang=""en"" translate=""yes"">Learn the basics of Cascading Style Sheets (CSS) with these hands-on tutorials. It offers hundreds of well-organized CSS examples. With the online editor, you can edit the CSS and select a button to view the result! Try it out as you learn and also access valuable resources.
<br/>
<br/>
This course is presented by w3schools. It is offered in many languages by Google. You will need to register for a free account.
<br/>
<br/>
After you complete this activity, return to this page to select <strong>Mark complete </strong>for completion credit.</div>","['Learning Domain', 'Technical skills - Web Development', 'Lightcast Skills Taxonomy', 'Cascading Style Sheets (CSS) Skill']"
https://skills.yourlearning.ibm.com/activity/URL-FCFCC25FD8A9,web_development,Webpage,Learn About Being a Web Developer | Indeed Career Guide,10 mins,11008 learners have completed this activity in the past 12 months.,Average rating of 4 stars by 328 learners in the past 12 months.,328,"<h2 class=""FullPageDescription_title__WsNdH""><span dir=""ltr"" lang=""en"" translate=""yes"">About this learning activity</span></h2><div dir=""ltr"" lang=""en"" translate=""yes""><p>Web developers are responsible for writing code to create a website, both at the front end and the back end. The front end includes the website users see and the back end is the side that delivers information to the front end. In this article, learn about the typical role, salary, requirements, and skills needed for web developers as well as the work environment and more.<br/><br/>
 This article is presented by Indeed Career Guide.<br/><br/>
 After you complete this activity, return to this page to select <strong>Mark complete</strong> for completion credit.</p></div>","['Learning Domain', 'Technical skills - Web Development']"
https://skills.yourlearning.ibm.com/activity/URL-6ACAF737B683,web_development,eLearning,A Beginner’s Guide to Using WordPress | Envato Tuts+,2 hrs 30 mins,2242 learners have completed this activity in the past 12 months.,Average rating of 4.5 stars by 14 learners in the past 12 months.,14,"<h2 class=""FullPageDescription_title__WsNdH""><span dir=""ltr"" lang=""en"" translate=""yes"">About this learning activity</span></h2><div dir=""ltr"" lang=""en"" translate=""yes""><p>WordPress is one of the most powerful content management systems (CMS) available. It’s versatile, constantly updated, and totally free. You can use it to create simple blogs, large complex websites, and anything in between.<br/><br/>
 Learn how to use WordPress from start to finish in this course. It's the only WordPress beginner's guide you'll ever need.<br/><br/>
 This course is presented by Envato Tuts+.<br/><br/>
 After you complete this activity, return to this page to select <strong>Mark complete</strong> for completion credit.</p></div>","['Learning Domain', 'Technical skills - Web Development']"
https://skills.yourlearning.ibm.com/activity/URL-BAB732AD196E,web_development,eLearning,HTML Tutorial | w3schools,8 hrs,3216 learners have completed this activity in the past 12 months.,Average rating of 5 stars by 16 learners in the past 12 months.,16,"<h2 class=""FullPageDescription_title__WsNdH""><span dir=""ltr"" lang=""en"" translate=""yes"">About this learning activity</span></h2><div dir=""ltr"" lang=""en"" translate=""yes""><p>Learn the basics of HTML with these hands-on tutorials. It offers hundreds of well-organized HTML examples. With the online editor, you can edit the HTML and select a button to view the result! Try it out as you learn and also access valuable resources.<br/><br/>
 This course is presented by w3schools. It is offered in many languages by Google. You will need to register for a free account.<br/><br/>
 After you complete this activity, return to this page to select<strong> Mark complete</strong> for completion credit.</p></div>","['Learning Domain', 'Technical skills - Web Development', 'Lightcast Skills Taxonomy', 'HyperText Markup Language (HTML) Skill']"
https://skills.yourlearning.ibm.com/activity/URL-88PXJAA6SZS,web_development,Video,HTML Tutorial For Beginners | Learn HTML In 30 Minutes | Edureka,29 mins,24166 learners have completed this activity in the past 12 months.,Average rating of 4 stars by 192 learners in the past 12 months.,192,"<h2 class=""FullPageDescription_title__WsNdH""><span dir=""ltr"" lang=""en"" translate=""yes"">About this learning activity</span></h2><div dir=""ltr"" lang=""en"" translate=""yes""><p>This tutorial video will introduce you to HTML and tags so you know how to create your first web page.<br/><br/>
 It is presented by Edureka.<br/><br/>
 After you complete this activity, return to this page to select <strong>Mark complete</strong> for completion credit.<br/><br/><strong>Note</strong>: On the video toolbar, go to <strong>Settings</strong>, select <strong>Subtitles</strong>, select <strong>English</strong>, and then select <strong>Auto-Translate</strong> to enable subtitles in a language of your choice from the drop-down.</p></div>","['Learning Domain', 'Technical skills - Web Development', 'Lightcast Skills Taxonomy', 'HyperText Markup Language (HTML) Skill']"
https://skills.yourlearning.ibm.com/activity/URL-MDLN5-ZSQQI,web_development,Video,HTML In 10 Minutes | HTML Tutorial For Beginners | Simplilearn,9 mins 14 s,6997 learners have completed this activity in the past 12 months.,Average rating of 4.5 stars by 154 learners in the past 12 months.,154,"<h2 class=""FullPageDescription_title__WsNdH""><span dir=""ltr"" lang=""en"" translate=""yes"">About this learning activity</span></h2><div dir=""ltr"" lang=""en"" translate=""yes""><p>In this video, you will learn the basic concepts of HTML and its various tags. You will see how to code a simple web page using HTML and CSS, so you get a practical perspective on developing a webpage.<br/><br/>
 This video is presented by Simplilearn. It is available in English.<br/><br/>
 After you complete this activity, return to this page to select <strong>Mark complete</strong> for completion credit.<br/>
  </p></div>","['Learning Domain', 'Technical skills - Web Development', 'Lightcast Skills Taxonomy', 'Cascading Style Sheets (CSS) Skill', 'HyperText Markup Language (HTML) Skill']"
https://skills.yourlearning.ibm.com/activity/URL-1RS2ND1RYYC,web_development,Video,CSS Tutorial - Zero to Hero (Complete Course) | freeCodeCamp.org,6 hrs 18 mins,25025 learners have completed this activity in the past 12 months.,Average rating of 4.5 stars by 111 learners in the past 12 months.,111,"<h2 class=""FullPageDescription_title__WsNdH""><span dir=""ltr"" lang=""en"" translate=""yes"">About this learning activity</span></h2><div dir=""ltr"" lang=""en"" translate=""yes""><p>Learn CSS from the ""ground up"" in this video-based course for beginners. You can pace your learning to review sections and return to pick up where you left off.<br/><br/>
 This video is presented by freeCodeCamp.org. It is offered in English.<br/><br/>
 After you complete this activity, return to this page to select<strong> Mark complete</strong> for completion credit.</p></div>","['Learning Domain', 'Technical skills - Web Development', 'Lightcast Skills Taxonomy', 'Cascading Style Sheets (CSS) Skill']"
https://skills.yourlearning.ibm.com/activity/URL-094C6CC797E5,web_development,eLearning,JavaScript Tutorial | w3schools,11 hrs,6851 learners have completed this activity in the past 12 months.,Average rating of 4.5 stars by 74 learners in the past 12 months.,74,"<h2 class=""FullPageDescription_title__WsNdH""><span dir=""ltr"" lang=""en"" translate=""yes"">About this learning activity</span></h2><div dir=""ltr"" lang=""en"" translate=""yes""><p>Learn the basics of JavaScript with these hands-on tutorials. It offers hundreds of well-organized JavaScript examples. Test yourself with exercises to try it out as you learn and also access valuable resources.<br/><br/>
 This course is presented by w3schools. It is offered in many languages by Google. You will need to register for a free account.<br/><br/>
 After you complete this activity, return to this page to select<strong> Mark complete</strong> for completion credit.</p></div>","['Learning Domain', 'Technical skills - Web Development', 'Lightcast Skills Taxonomy', 'JavaScript (Programming Language) Skill']"
https://skills.yourlearning.ibm.com/activity/URL-FCMXA3M_IMC,web_development,Video,What is Programming? | Khan Academy,2 mins 1 s,3260 learners have completed this activity in the past 12 months.,Average rating of 4.5 stars by 99 learners in the past 12 months.,99,"<h2 class=""FullPageDescription_title__WsNdH""><span dir=""ltr"" lang=""en"" translate=""yes"">About this learning activity</span></h2><div dir=""ltr"" lang=""en"" translate=""yes""><p>This short video discusses the very basics of programming, including how it makes you command your computer.<br/><br/>
 This video is presented by Khan Academy.<br/><br/>
 After you complete this activity, return to this page to select<strong> Mark complete</strong> for completion credit.<br/><br/><strong>Note</strong>: On the video toolbar, go to <strong>Settings</strong>, select <strong>Subtitles</strong>, select <strong>English</strong>, and then select <strong>Auto-Translate</strong> to enable subtitles in a language of your choice from the drop-down.</p></div>",[]
https://skills.yourlearning.ibm.com/activity/URL-LJNVQ0A_7WQ,web_development,Video,Introduction to Programming | Eli the Computer Guy,32 mins,2492 learners have completed this activity in the past 12 months.,Average rating of 5 stars by 86 learners in the past 12 months.,86,"<h2 class=""FullPageDescription_title__WsNdH""><span dir=""ltr"" lang=""en"" translate=""yes"">About this learning activity</span></h2><div dir=""ltr"" lang=""en"" translate=""yes"">This video introduces programming languages, types of programmers, terminology, and more.
<br/>
<br/>
This video is presented by Eli the Computer Guy.
<br/>
<br/>
After you complete this activity, return to this page to select <strong>Mark complete</strong> for completion credit.
<br/>
<br/><strong>Note</strong>: On the video toolbar, go to <strong>Settings</strong>, select <strong>Subtitles</strong>, select <strong>English</strong>, and then select <strong>Auto-Translate </strong>to enable subtitles in a language of your choice from the drop-down.</div>",[]
https://skills.yourlearning.ibm.com/activity/URL-990D797ED876,web_development,eLearning,Get to know HTML Learn HTML Basics,30 mins,283 learners have completed this activity in the past 12 months.,Average rating of 4.5 stars by 9 learners in the past 12 months.,9,"<h2 class=""FullPageDescription_title__WsNdH""><span dir=""ltr"" lang=""en"" translate=""yes"">About this learning activity</span></h2><div dir=""ltr"" lang=""en"" translate=""yes""><p>Create HTML pages<br/>HTML structures to build web pages<br/>Understand how to create tags within HTML<br/>Use HTML elements select them and style them<br/> </p></div>","['Learning Domain', 'Web Development', 'Lightcast Skills Taxonomy', 'HyperText Markup Language (HTML) Skill']"
https://skills.yourlearning.ibm.com/activity/SN-COURSE-V1:IBMSKILLSNETWORK+GPXX01V6EN+V1,web_development,eLearning,How do people feel about a product? Use AI to get the answer,1 hr,,,,"<h2 class=""FullPageDescription_title__WsNdH""><span dir=""ltr"" lang=""en"" translate=""yes"">About this learning activity</span></h2><div dir=""ltr"" lang=""en"" translate=""yes""><p>Natural language processing (NLP) is an exciting machine learning application; IBM's Watson NLP library can greatly ease the development and deployment of NLP as part of your application. Amazon's 5-star rating system lacks feedback for both users and buyers. What about using NLP for helpful information? In this project, we will develop an application to classify Amazon users' emotions using Watson NLP. After conducting this project, developers will know how to build a web scraping, emotion classification embedded application.</p></div>","['Learning Domain', 'Technical skills - Artificial Intelligence']"
https://skills.yourlearning.ibm.com/activity/URL-EB67BD5D33E6,web_development,eLearning,Learn CSS | Codecademy,20 hrs,2650 learners have completed this activity in the past 12 months.,Average rating of 4.5 stars by 27 learners in the past 12 months.,27,"<h2 class=""FullPageDescription_title__WsNdH""><span dir=""ltr"" lang=""en"" translate=""yes"">About this learning activity</span></h2><div dir=""ltr"" lang=""en"" translate=""yes""><p>In this course, you will learn the many aspects of styling web pages! You’ll be able to set up the correct file structure, edit text and colors, and create attractive layouts. With these skills, you’ll be able to customize the appearance of your web pages to suit your every need. Learn how to style and visually organize HTML with CSS. This course covers version 3 of CSS.<br/><br/>
 This course is presented by Codecademy. You will need to register for a free account.<br/><br/><strong>Language</strong>: English<br/><strong>Prerequisite</strong>: A basic knowledge of HTML<br/><strong>Level</strong>: Intermediate<br/><br/>
 After you complete this activity, return to this page to select <strong>Mark complete </strong>for completion credit.</p></div>","['Learning Domain', 'Technical skills - Web Development', 'Lightcast Skills Taxonomy', 'HyperText Markup Language (HTML) Skill', 'Cascading Style Sheets (CSS) Skill']"
https://skills.yourlearning.ibm.com/activity/URL-EAA89F6480FA,web_development,Webpage,Learn About Being a Front End Developer | Indeed Career Guide,5 mins,3740 learners have completed this activity in the past 12 months.,Average rating of 3.5 stars by 319 learners in the past 12 months.,319,"<h2 class=""FullPageDescription_title__WsNdH""><span dir=""ltr"" lang=""en"" translate=""yes"">About this learning activity</span></h2><div dir=""ltr"" lang=""en"" translate=""yes"">Front-end developers use coding languages like HTML, CSS and JavaScript to implement visual elements into web applications that users see and interact with. In this article, learn about the typical role, salary, requirements, skills, and steps to become a front end web developer.
<br/>
<br/>
This article is presented by Indeed Career Guide.
<br/>
<br/>
After you complete this activity, return to this page to select <strong>Mark complete</strong> for completion credit.</div>","['Learning Domain', 'Technical skills - Web Development', 'Lightcast Skills Taxonomy', 'JavaScript (Programming Language) Skill', 'Cascading Style Sheets (CSS) Skill', 'Front End (Software Engineering) Skill', 'HyperText Markup Language (HTML) Skill']"
https://skills.yourlearning.ibm.com/activity/URL-51AF1482839B,web_development,Experiential,Basic HTML and HTML5 | freeCodeCamp,3 hrs,26554 learners have completed this activity in the past 12 months.,Average rating of 4.5 stars by 122 learners in the past 12 months.,122,"<h2 class=""FullPageDescription_title__WsNdH""><span dir=""ltr"" lang=""en"" translate=""yes"">About this learning activity</span></h2><div dir=""ltr"" lang=""en"" translate=""yes""><p>Try out freeCodeCamp's HTML coding challenges! They will walk you through web development step-by-step.<br/><br/>
 In this course, you'll build a cat photo app to learn some of the most common HTML elements — the building blocks of any web page.<br/><br/>
 This hands-on programming course is presented by freeCodeCamp. You can sign-up for a free account to track your progress.<br/><br/>
 It is available in English and Spanish.<br/><br/>
 After you complete this activity, return to this page to select<strong> Mark complete</strong> for completion credit.</p></div>","['Learning Domain', 'Technical skills - Web Development', 'Lightcast Skills Taxonomy', 'HTML5 Skill', 'HyperText Markup Language (HTML) Skill']"
https://skills.yourlearning.ibm.com/activity/URL-EEUNAIZOWRU,web_development,Video,Git Tutorial For Beginners 2022 | Learn Git in 2 hrs | Simplilearn,2 hrs 30 mins,14736 learners have completed this activity in the past 12 months.,Average rating of 4.5 stars by 221 learners in the past 12 months.,221,"<h2 class=""FullPageDescription_title__WsNdH""><span dir=""ltr"" lang=""en"" translate=""yes"">About this learning activity</span></h2><div dir=""ltr"" lang=""en"" translate=""yes"">This beginner video will help you learn about one of the most popular version control systems. You will understand the basics of Git, followed by installing Git on Windows. You will learn about GitHub and look at the difference between Git and GitHub. You will look at some of the essential Git commands. Then, you will learn about Git merge conflict and how to resolve it. 
<br/>
<br/>
 This video is presented by Simplilearn. 
<br/>
<br/>
 After you complete this activity, return to this page to select <strong>Mark complete</strong> for completion credit. 
<br/>
<br/><strong>Note</strong>: On the video toolbar, go to <strong>Settings</strong>, select <strong>Subtitles</strong>, select <strong>English</strong>, and then select <strong>Auto-Translate</strong> to enable subtitles in a language of your choice from the drop-down.</div>","['Areas of Interest', 'Career paths > Web developer', 'Learning Domain', 'Technical skills - Web Development']"
https://skills.yourlearning.ibm.com/activity/URL-IA0FSOGTRAW,web_development,Video,What is JavaScript? | JavaScript Tutorial for Beginners | Edureka,17 mins,14223 learners have completed this activity in the past 12 months.,Average rating of 4.5 stars by 209 learners in the past 12 months.,209,"<h2 class=""FullPageDescription_title__WsNdH""><span dir=""ltr"" lang=""en"" translate=""yes"">About this learning activity</span></h2><div dir=""ltr"" lang=""en"" translate=""yes""><p>This tutorial video will introduce you to the origin of JavaScript, what it is, its benefits, and what it can do. You will see examples so you can learn the fundamentals of JavaScript.<br/><br/>
 It is presented by Edureka.<br/><br/>
 After you complete this activity, return to this page to select <strong>Mark complete</strong> for completion credit.<br/><br/><strong>Note</strong>: On the video toolbar, go to <strong>Settings</strong>, select <strong>Subtitles</strong>, select <strong>English</strong>, and then select <strong>Auto-Translate</strong> to enable subtitles in a language of your choice from the drop-down.</p></div>","['Learning Domain', 'Technical skills - Web Development', 'Lightcast Skills Taxonomy', 'JavaScript (Programming Language) Skill']"
https://skills.yourlearning.ibm.com/activity/URL-4708F413F5B7,web_development,eLearning,Learn HTML | Codecademy,9 hrs,3642 learners have completed this activity in the past 12 months.,Average rating of 4.5 stars by 35 learners in the past 12 months.,35,"<h2 class=""FullPageDescription_title__WsNdH""><span dir=""ltr"" lang=""en"" translate=""yes"">About this learning activity</span></h2><div dir=""ltr"" lang=""en"" translate=""yes""><p>In this course, you will learn the basics of HTML5 so you can start building and editing web pages. You will learn all the common HTML tags used to structure HTML pages, the skeleton of all websites. You will also be able to create HTML tables to present tabular data efficiently.<br/><br/>
 This course is presented by Codecademy. You will need to register for a free account.<br/><br/><strong>Language</strong>: English<br/><strong>Prerequisite</strong>: None<br/><strong>Level</strong>: Beginner<br/><br/>
 After you complete this activity, return to this page to select <strong>Mark complete</strong> for completion credit.</p></div>","['Learning Domain', 'Technical skills - Web Development', 'Lightcast Skills Taxonomy', 'HTML5 Skill', 'HyperText Markup Language (HTML) Skill']"
https://skills.yourlearning.ibm.com/activity/URL-4FF4AA6A2C77,web_development,eLearning,Learn JavaScript | Codecademy,30 hrs,14799 learners have completed this activity in the past 12 months.,Average rating of 4 stars by 152 learners in the past 12 months.,152,"<h2 class=""FullPageDescription_title__WsNdH""><span dir=""ltr"" lang=""en"" translate=""yes"">About this learning activity</span></h2><div dir=""ltr"" lang=""en"" translate=""yes"">In this course, you will learn the you will learn programming fundamentals and basic object-oriented concepts using the latest JavaScript syntax. The concepts covered in these lessons lay the foundation for using JavaScript in any environment. You interact with JavaScript code all the time — you just might not realize it. It powers dynamic behavior on websites (like this one) and plays an important role in many fields, like front- and back-end engineering, game and mobile development, virtual reality, and more. In this course, you’ll learn JavaScript fundamentals that will be helpful as you dive deeper into more advanced topics.
<br/>
<br/>
This course is presented by Codecademy. You will need to register for a free account
<br/>
<br/><strong>Language</strong>: English
<br/><strong>Prerequisite</strong>: None
<br/><strong>Level</strong>: Beginner
<br/>
<br/>
After you complete this activity, return to this page to select <strong>Mark complete</strong> for completion credit.</div>","['Learning Domain', 'Technical skills - Web Development', 'Lightcast Skills Taxonomy', 'JavaScript (Programming Language) Skill']"
https://skills.yourlearning.ibm.com/activity/URL-PKZNO7MFNFG,web_development,Video,Learn JavaScript - Full Course for Beginners | freeCodeCamp.org,3 hrs 26 mins,8978 learners have completed this activity in the past 12 months.,Average rating of 4.5 stars by 135 learners in the past 12 months.,135,"<h2 class=""FullPageDescription_title__WsNdH""><span dir=""ltr"" lang=""en"" translate=""yes"">About this learning activity</span></h2><div dir=""ltr"" lang=""en"" translate=""yes""><p>Learn JavaScript from the ""ground up"" in this video-based course for beginners. You can pace your learning to review sections and return to pick up where you left off.<br/><br/>
 This video is presented by freeCodeCamp.org.<br/><br/>
 After you complete this activity, return to this page to select <strong>Mark complete</strong> for completion credit.<br/><br/><strong>Note</strong>: On the video toolbar, go to <strong>Settings</strong>, select <strong>Subtitles</strong>, select <strong>English</strong>, and then select <strong>Auto-Translate</strong> to enable subtitles in a language of your choice from the drop-down.</p></div>","['Learning Domain', 'Technical skills - Web Development', 'Lightcast Skills Taxonomy', 'JavaScript (Programming Language) Skill']"
https://skills.yourlearning.ibm.com/activity/URL-NKIU9YEN5NC,web_development,Video,Why you should learn to code | Code.org,5 mins 44 s,3978 learners have completed this activity in the past 12 months.,Average rating of 4.5 stars by 245 learners in the past 12 months.,245,"<h2 class=""FullPageDescription_title__WsNdH""><span dir=""ltr"" lang=""en"" translate=""yes"">About this learning activity</span></h2><div dir=""ltr"" lang=""en"" translate=""yes"">This video titled “What most schools don’t teach” features Bill Gates, Mark Zuckerberg, Jack (Twitter), Elena (Clothia.com), and many other celebrated coding pioneers who talk about the importance of programming, the benefits, and how learning to program has shaped the journey of their lives.
<br/>
<br/>
This video is presented by Code.org.
<br/>
<br/>
After you complete this activity, return to this page to select <strong>Mark complete</strong> for completion credit.
<br/>
<br/><strong>Note</strong>: On the video toolbar, go to <strong>Settings</strong>, select <strong>Subtitles</strong>, select <strong>English</strong>, and then select <strong>Auto-Translate</strong> to enable subtitles in a language of your choice from the drop-down.</div>",[]
https://skills.yourlearning.ibm.com/activity/URL-CB42CBF66331,web_development,Webpage,"Glosario de comandos para HTML, CSS y JavaScript",30 mins,37 learners have completed this activity in the past 12 months.,Average rating of 5 stars by 2 learners in the past 12 months.,2,"<h2 class=""FullPageDescription_title__WsNdH""><span dir=""ltr"" lang=""en"" translate=""yes"">About this learning activity</span></h2><div dir=""ltr"" lang=""en"" translate=""yes""><p>Lorem ipsum dolor sit amet, consectetur adipiscing elit, sed do eiusmod tempor incididunt ut labore et dolore magna aliqua. Ut enim ad minim veniam, quis nostrud exercitation ullamco laboris nisi ut aliquip ex ea commodo consequat. </p></div>","['Learning Domain', 'Technical skills - Web Development', 'Lightcast Skills Taxonomy', 'Cascading Style Sheets (CSS) Skill', 'JavaScript (Programming Language) Skill', 'HyperText Markup Language (HTML) Skill']"
https://skills.yourlearning.ibm.com/activity/URL-0B9DF12E2F9D,web_development,Experiential,CSS: make an horizontal menu on codepen.io,30 mins,181 learners have completed this activity in the past 12 months.,Average rating of 4.5 stars by 13 learners in the past 12 months.,13,"<h2 class=""FullPageDescription_title__WsNdH""><span dir=""ltr"" lang=""en"" translate=""yes"">About this learning activity</span></h2><div dir=""ltr"" lang=""en"" translate=""yes"">This exercise starts with all the html you need to create a navigation menu : an unordered list with a few links. You have to style it so that it looks exactly like the provided image.
<br/>
<br/>
<strong>How to proceed</strong>
<ol>
<li>Create an account for yourself on codepen.io (it's free and useful for your future career!)</li>
<li>Then, fork the exercise (<a href=""http://recordit.co/14UclCF0E4"" rel=""noopener noreferrer nofollow"" target=""_blank"">see this video</a> if you need help )</li>
<li>you are tasked to go to the exercise and style this list so that it looks exactly like the provided image, showing a navigation menu that is horizontal, using only CSS.</li>
<li>Done? Don't forget to hit the ""Save"" button on top so you can communicate it or show off to your friends and family :-)</li>
</ol></div>","['Learning Domain', 'Technical skills - Web Development', 'Lightcast Skills Taxonomy', 'Cascading Style Sheets (CSS) Skill', 'HyperText Markup Language (HTML) Skill']"
https://skills.yourlearning.ibm.com/activity/URL-1B6F1D0D592B,web_development,Video,Developing a RESTful Web application for Liberty in CICS | IBM Redbooks,1 hr,66 learners have completed this activity in the past 12 months.,Average rating of 5 stars by 2 learners in the past 12 months.,2,"<h2 class=""FullPageDescription_title__WsNdH""><span dir=""ltr"" lang=""en"" translate=""yes"">About this learning activity</span></h2><div dir=""ltr"" lang=""en"" translate=""yes""><p>This video-based course provides a step-by-step guide for creating a simple RESTful Java application, then deploying it into WebSphere Liberty running in IBM CICS Transaction Server.<br/><br/>
 Topics covered include:</p>
<ul>
<li>Concepts and terms used in Java and RESTful applications</li>
<li>Creating an environment suitable for developing Java applications for deployment into CICS</li>
<li>Configuring CICS to run Java applications in a Liberty JVM server</li>
<li>Developing the application, using supplied sample course materials</li>
<li>Deploying and testing the application in CICS</li>
<li>Extending the sample application in order to access other CICS applications</li>
</ul>The content is offered in English.
<br/>
<br/>
This learning activity is presented by IBM Redbooks® and authored by by Ian Burnett and Phil Wakelin.
<br/>
<br/>
After you complete this activity, return to this page to select <strong>Mark complete</strong> for completion credit.</div>","['Learning Domain', 'Technical skills - Web Development', 'Lightcast Skills Taxonomy', 'Java (Programming Language) Skill', 'Customer Information Control System (CICS) Skill']"
https://skills.yourlearning.ibm.com/activity/URL-55C0364AB015,web_development,Video,IBM SkillsBuild Presents: How to Become a Web Developer,57 mins,2896 learners have completed this activity in the past 12 months.,Average rating of 4 stars by 81 learners in the past 12 months.,81,"<h2 class=""FullPageDescription_title__WsNdH""><span dir=""ltr"" lang=""en"" translate=""yes"">About this learning activity</span></h2><div dir=""ltr"" lang=""en"" translate=""yes""><strong>About this event: </strong>The skills of web developers are in high demand in many countries around the world and are considered to be the entry point to software development. Many examples show that this profession is well suited for a career change. But who is suitable for it and where is the best place to start?
<br/>
<br/>
 In this recorded webinar, you will: 
<ul>
<li>Learn from the personal stories of a career changer into web development and a founder of a non-profit coding school</li>
<li>Explore the typical working day of a web developer</li>
<li>Understand the skills needed to become a web developer</li>
<li>Get insights into learning how to code</li>
<li>Find out what makes the difference when employers are looking for web developers</li>
</ul>
<br/><strong>Language</strong>: English
<br/>
<br/>
 After you complete this activity, return to this page to select <strong>Mark complete</strong> for completion credit.</div>","['Learning Domain', 'Technical skills - Web Development', 'Lightcast Skills Taxonomy', 'Web Development Skill', 'Software Development Skill']"
https://skills.yourlearning.ibm.com/activity/URL-66191B6A0B78,web_development,eLearning,Learn Programming with JavaScript | OpenClassrooms,15 hrs,6732 learners have completed this activity in the past 12 months.,Average rating of 4.5 stars by 81 learners in the past 12 months.,81,"<h2 class=""FullPageDescription_title__WsNdH""><span dir=""ltr"" lang=""en"" translate=""yes"">About this learning activity</span></h2><div dir=""ltr"" lang=""en"" translate=""yes"">This course is designed to teach you the fundamentals of the <strong>JavaScript programming language</strong> and to give you lots of practice along the way!
<br/>
<br/>
We'll look at:
<ul>
<li>How to <strong>structure and group information</strong> in your app with data types.</li>
<li>How to <strong>use programming logic</strong> so your app does what you want it to.</li>
<li>How to <strong>manage errors</strong> and make your app <strong>communicate.</strong></li>
<li>How to write readable code so you can more easily <strong>modify, maintain, and share your apps. </strong></li>
</ul>
<br/><strong>Language</strong>: English, and some components are offered in French
<br/><strong>Prerequisites</strong>: A general knowledge of object-oriented programming terminology (classes, objects, functions, methods, etc.), which you can acquire by completing the <a href=""https://skills.yourlearning.ibm.com/activity/URL-02F93BB6ABC1"" rel=""noopener noreferrer nofollow"" target=""_blank"">Think like a computer: the logic of programming course</a>.
<br/><strong>Learning outcomes:</strong>
<ul>
<li>Use data and data types in JavaScript.</li>
<li>Manage program logic in JavaScript (conditions, loops, and errors).</li>
<li>Write clean and maintainable code using methods in JavaScript.</li>
</ul>
<br/>
After you complete this activity, return to this page to select <strong>Mark complete </strong>for completion credit.</div>","['Learning Domain', 'Technical skills - Web Development', 'Lightcast Skills Taxonomy', 'JavaScript (Programming Language) Skill']"
https://skills.yourlearning.ibm.com/activity/URL-818573EBC4CD,web_development,eLearning,HTML Essential Training,2 hrs 45 mins,21593 learners have completed this activity in the past 12 months.,Average rating of 4.5 stars by 167 learners in the past 12 months.,167,"<h2 class=""FullPageDescription_title__WsNdH""><span dir=""ltr"" lang=""en"" translate=""yes"">About this learning activity</span></h2><div dir=""ltr"" lang=""en"" translate=""yes""><p>Hypertext Markup Language (HTML) is the foundation of website and web application development. It allows you to ensure that your content is understood by both segments of your audience: the people who watch, read, or listen to your content, and the computers that display it. In this course, learn how to craft excellent HTML with the pieces that HTML itself has to offer. Instructor Jen Simmons highlights all of the fundamental concepts you need to use HTML thoughtfully. She focuses on semantic markup: tagging content as what it is, and not just for formatting, convention, or convenience. This has far-reaching impact for those who consume the web differently; it ensures that when a screen reader or a system (like a search engine) consumes a page, it knows exactly what it contains and how to categorize that information.<br/>Learning Objectives:</p><ul><li>The basic syntax of HTML elements</li><li>Formatting content</li><li>Displaying images</li><li>Creating links</li><li>Global HTML attributes</li><li>Building navigation</li><li>Structuring content</li><li>Building forms</li><li>Creating tables</li></ul></div>","['Learning Domain', 'Technical skills - Web Development', 'Lightcast Skills Taxonomy', 'HyperText Markup Language (HTML) Skill']"
https://skills.yourlearning.ibm.com/activity/URL-32AC396A3CDF,web_development,eLearning,Create web page layouts with CSS | OpenClassrooms,10 hrs,20138 learners have completed this activity in the past 12 months.,Average rating of 4.5 stars by 81 learners in the past 12 months.,81,"<h2 class=""FullPageDescription_title__WsNdH""><span dir=""ltr"" lang=""en"" translate=""yes"">About this learning activity</span></h2><div dir=""ltr"" lang=""en"" translate=""yes"">In this course on layouts, we'll explore <strong>basic properties</strong> that can really make your elements pop, like <strong>spacing, borders, and custom styles</strong> for mobile and tablet screens. You'll also discover <strong>CSS Grid</strong> and <strong>Flexbox</strong>, two powerful CSS systems for arranging elements in rows, columns, or both! Lastly, you'll cover some <strong>legacy layout techniques</strong> you might see in older codebases so that you feel prepared for all possible styling situations.  
<br/>
<br/>
This course is presented by OpenClassrooms. You will need to register for a free account.
<br/>
<br/><strong>Language</strong>: English, and some components are offered in French
<br/><strong>Prerequisite</strong>: A basic knowledge of HTML
<br/><strong>Learning outcomes</strong>: 
<ul>
<li>Define the components of the box model and how they are used in layouts</li>
<li>Adjust element properties to achieve a desired appearance</li>
<li>Explain how to create layouts with CSS Grid (using CSS Grid properties) </li>
<li>Recognize how to incorporate CSS Grid browser compatibility into your page design </li>
<li>Identify how to use Flexbox properties</li>
<li>Create a simple layout using Flexbox </li>
</ul>
<br/>
<br/>
After you complete this activity, return to this page to select <strong>Mark complete </strong>for completion credit.</div>","['Learning Domain', 'Technical skills - Web Development', 'Lightcast Skills Taxonomy', 'HyperText Markup Language (HTML) Skill', 'Cascading Style Sheets (CSS) Skill']"
https://skills.yourlearning.ibm.com/activity/URL-3F0A22F8C6D4,web_development,eLearning,Learn the Command Line in Terminal | OpenClassrooms,4 hrs,2195 learners have completed this activity in the past 12 months.,Average rating of 4.5 stars by 18 learners in the past 12 months.,18,"<h2 class=""FullPageDescription_title__WsNdH""><span dir=""ltr"" lang=""en"" translate=""yes"">About this learning activity</span></h2><div dir=""ltr"" lang=""en"" translate=""yes""><strong>Terminal </strong>is one of the most important applications on your computer. If you ever want to be a coder or work in a tech team as a designer, product manager, or other tech role, you'll have a big advantage if you're already comfortable with basic commands. But anyone who uses a computer will benefit from becoming comfortable with this essential tool!
<br/>
<br/>
In this course, you'll explore <strong>simple but crucial commands </strong>to navigate your computer's files and folders, search for content, and even create brand-new files from Terminal. 
<br/>
<br/>
This eLearning course is created by OpenClassrooms. You will need to register for a free account.
<br/>
<br/><strong>Language</strong>: English, and some components are offered in French
<br/><strong>Prerequisites</strong>: None
<br/><strong>Learning outcomes</strong>:
<ul>
<li>Understand the role of the command line</li>
<li>Use basic commands and search for system content in Terminal</li>
<li>Create a website structure from the command line</li>
<li>Create a non-website structure on the command line</li>
<li>Perform a series of commands in Terminal</li>
</ul>
<br/>
After you complete this activity, return to this page to select <strong>Mark complete </strong>for completion credit.</div>","['Learning Domain', 'Technical skills - Information Technology']"
https://skills.yourlearning.ibm.com/activity/URL-02F93BB6ABC1,web_development,eLearning,Think like a computer: the logic of programming | OpenClassrooms,4 hrs,2253 learners have completed this activity in the past 12 months.,Average rating of 4.5 stars by 28 learners in the past 12 months.,28,"<h2 class=""FullPageDescription_title__WsNdH""><span dir=""ltr"" lang=""en"" translate=""yes"">About this learning activity</span></h2><div dir=""ltr"" lang=""en"" translate=""yes"">This course is designed to <strong>demystify the logic used in computer programming</strong> and give you the <strong>confidence</strong> you need to take your first steps towards a career in development. By using concrete, everyday examples, you'll be able to focus on learning <strong>the most frequently used concepts</strong> without getting lost in a sea of jargon. You'll discover that coding isn't as complex as people make it out to be, and that anyone can learn it - including you! 
<br/>
<br/>
This course is presented by OpenClassrooms. You will need to register for a free account.
<br/>
<br/><strong>Language</strong>: English, and some components are offered in French
<br/><strong>Prerequisite</strong>: None
<br/><strong>Learning outcomes</strong>:
<ul>
<li>Identify how computers use objects in programming.</li>
<li>Understand how computers use logic to make decisions and run programs.</li>
<li>Explain how functions work in programming.</li>
<li>Recognize how data is stored in computer programming.</li>
</ul>
<br/>
After you complete this activity, return to this page to select <strong>Mark complete</strong> for completion credit.</div>",[]
https://skills.yourlearning.ibm.com/activity/URL-47147837FCA9,web_development,eLearning,HTML: Tables,1 hr 25 mins,196 learners have completed this activity in the past 12 months.,Average rating of 4.5 stars by 8 learners in the past 12 months.,8,"<h2 class=""FullPageDescription_title__WsNdH""><span dir=""ltr"" lang=""en"" translate=""yes"">About this learning activity</span></h2><div dir=""ltr"" lang=""en"" translate=""yes""><p>Sometimes you need to share data, and not just visualizations, directly with other people. HTML tables make this easy. While they have a complex history of use and misuse, HTML tables are great at their key purpose: presenting data. In this course, learn how to create table structures that fit your data precisely, are easy to style, and work well for sharing. Instructor Jen Kramer covers the essential skills you need to learn to display and format tabular data on the web. Watch and learn how to build tables with HTML, style tables with CSS, and make your tables accessible to users with disabilities on all types of devices.<br/>Learning Objectives:</p><ul><li>Adding content to tables</li><li>Defining table headers</li><li>Styling borders</li><li>Alternating table row colors</li><li>Grouping columns</li><li>Styling table borders, headers, and footers</li><li>Making tables responsive</li></ul><p>Instructor<br/><a href=""https://www.linkedin.com/learning/instructors/jen-kramer"" rel=""noopener noreferrer nofollow"" target=""_blank"">Jen Kramer </a><br/><a href=""https://www.linkedin.com/learning/instructors/jen-kramer"" rel=""noopener noreferrer nofollow"" target=""_blank"">Teaches web design and development </a></p></div>","['Learning Domain', 'Technical skills - Web Development', 'Lightcast Skills Taxonomy', 'Cascading Style Sheets (CSS) Skill', 'HyperText Markup Language (HTML) Skill']"
https://skills.yourlearning.ibm.com/activity/URL-E67ADF066822,web_development,eLearning,An introduction to e-commerce and distributed applications | The Open University,8 hrs,84 learners have completed this activity in the past 12 months.,Average rating of 5 stars by 1 learner in the past 12 months.,1,"<h2 class=""FullPageDescription_title__WsNdH""><span dir=""ltr"" lang=""en"" translate=""yes"">About this learning activity</span></h2><div dir=""ltr"" lang=""en"" translate=""yes"">This is an advanced, free course offered by <a href=""https://www.open.edu/openlearn/"" rel=""noopener noreferrer nofollow"" target=""_blank""><strong>OpenLearn</strong></a>. What is e-commerce? This course will look at typical application areas including the internet, supply chain management and online auctions. It will also help you to understand the underlying technologies used to implement e-commerce applications before looking at some of the problems that can be encountered when developing distributed e-commerce systems. 
<br/>
<br/><strong>Duration</strong>: 8 hours 
<br/><strong>Registering</strong>: You must create an account to sign in. 
<br/><strong>Completion</strong>: Upon completion, you will earn a Statement of Participation. 
<br/><strong>Language</strong>: This course is available only in English. 
<br/><strong>Download</strong>: You can take the course online or there are options to download the course for use offline or for other devices 
<br/><strong>Learning outcomes you can expect</strong>: 
<ul>
<li>Detail what is meant by the term ‘e-commerce’.</li>
<li>Examine some typical distributed applications.</li>
<li>Detail some of the problems that are encountered when developing distributed applications.</li>
<li>Describe briefly some of the technologies that are used to support distributed applications.</li>
<li>Show how some of the technologies detailed in the course are used in concert to realise a typical commercial system.</li>
</ul> After you complete this activity, return to this page to select <strong>Mark complete</strong> for completion credit.</div>","['Learning Domain', 'Technical skills - Web Development']"
https://skills.yourlearning.ibm.com/activity/URL-31E4F139550E,web_development,eLearning,The Internet | Khan Academy,1 hr 30 mins,91 learners have completed this activity in the past 12 months.,Average rating of 5 stars by 7 learners in the past 12 months.,7,"<h2 class=""FullPageDescription_title__WsNdH""><span dir=""ltr"" lang=""en"" translate=""yes"">About this learning activity</span></h2><div dir=""ltr"" lang=""en"" translate=""yes""><p>This is <strong>The Internet</strong> unit from an online, self-paced review course for Computer Science Principles. This unit covers how the Internet works. Learn about the physical layer (Ethernet, Fiber, WiFi), the protocols (IP, TCP, UDP, DNS, HTTP), the World Wide Web, and the digital divide.  <br/><br/>
 You will find short instructional content offerings, videos, and sample quiz questions to practice what you've learned and ""level up"" on your skills.<br/><br/><strong>Note</strong>: It is designed to prepare for a U.S. college examination, however the computer science content is valuable more broadly.<br/><br/>
 The topics include:</p>
<ul>
<li>Introducing the Internet</li>
<li>Connecting networks</li>
<li>Addressing the Internet</li>
<li>Routing with redundancy</li>
<li>Transporting packets</li>
<li>Web protocols</li>
<li>Scalable systems</li>
<li>The Internet protocol suite</li>
<li>Open protocol development</li>
<li>The digital divide</li>
</ul>
<p><br/>
 The content is offered in English.<br/><br/>
 This learning activity is presented by Khan Academy.<br/><br/>
 After you complete this activity, return to this page to select <strong>Mark complete </strong>for completion credit.</p></div>","['Learning Domain', 'Technical skills - Information Technology', 'Lightcast Skills Taxonomy', 'Computer Science Skill']"
https://skills.yourlearning.ibm.com/activity/URL-27B34B630A56,web_development,Video,Extending a CICS web application using JCICS | IBM Redbooks,30 mins,52 learners have completed this activity in the past 12 months.,Average rating of 5 stars by 2 learners in the past 12 months.,2,"<h2 class=""FullPageDescription_title__WsNdH""><span dir=""ltr"" lang=""en"" translate=""yes"">About this learning activity</span></h2><div dir=""ltr"" lang=""en"" translate=""yes""><p>This course provides Java application developers with a step-by-step guide to CICS Java development, demonstrating how to access common CICS resources using the JCICS API. Topics covered include:</p>
<ul>
<li>Fundamentals of using the JCICS API</li>
<li>Using JZOS to map native record-based language structures to Java data types</li>
<li>Communicating with other CICS programs using a COMMAREA</li>
<li>LINKing to a Java application deployed in Liberty</li>
<li>Accessing CICS resources, including VSAM and temporary storage queues</li>
<li>Managing the CICS unit of work scope in Java</li>
<li>Handling errors in Java</li>
</ul>
<p>You should be familiar with the concepts and techniques discussed in <a href=""https://skills.yourlearning.ibm.com/activity/URL-1B6F1D0D592B"" rel=""noopener noreferrer nofollow"" target=""_blank"">Developing a RESTful Web application for Liberty in CICS</a> before taking this course.<br/><br/>
 The content is offered in English.<br/><br/>
 This learning activity is presented by IBM Redbooks® and authored by Ian Burnett and Phil Wakelin.<br/><br/>
 After you complete this activity, return to this page to select <strong>Mark complete</strong> for completion credit.</p></div>","['Learning Domain', 'Technical skills - Web Development', 'Lightcast Skills Taxonomy', 'Application Programming Interface (API) Skill', 'Customer Information Control System (CICS) Skill', 'Communications Skill', 'Java (Programming Language) Skill']"
https://skills.yourlearning.ibm.com/activity/URL-557440416DCA,web_development,eLearning,RESTful Web Services with Spring Framework - A quick start,3 hrs,40 learners have completed this activity in the past 12 months.,Average rating of 4.5 stars by 5 learners in the past 12 months.,5,"<h2 class=""FullPageDescription_title__WsNdH""><span dir=""ltr"" lang=""en"" translate=""yes"">About this learning activity</span></h2><div dir=""ltr"" lang=""en"" translate=""yes""><p>What you will learn:<br/>Be able to create a RESTful Web Service with Spring Framework<br/>Be able to use Postman HTTP client to send HTTP requests and receive HTTP responses in JSON or XML format<br/>Create Web Service endpoints to handle HTTP Requests: POST, GET, PUT, DELETE<br/>Read and Validate URL Query String Request Parameters<br/>Read and Validate HTTP Request Body<br/>Handle Java Exceptions and return back a proper HTTP Response<br/>Build and Run RESTful Web Service Application as a Standalone app<br/> </p></div>","['Learning Domain', 'Technical skills - Web Development', 'Lightcast Skills Taxonomy', 'Extensible Markup Language (XML) Skill', 'Java (Programming Language) Skill']"
https://skills.yourlearning.ibm.com/activity/URL-08D6D135B771,web_development,eLearning,Fundamentals of Web apps,3 hrs,23347 learners have completed this activity in the past 12 months.,Average rating of 4.5 stars by 110 learners in the past 12 months.,110,"<h2 class=""FullPageDescription_title__WsNdH""><span dir=""ltr"" lang=""en"" translate=""yes"">About this learning activity</span></h2><div dir=""ltr"" lang=""en"" translate=""yes""><ul>
<li><a href=""https://fullstackopen.com/en/part0/fundamentals_of_web_apps#http-get"" rel=""noopener noreferrer nofollow"" target=""_blank"">HTTP GET</a></li>
<li><a href=""https://fullstackopen.com/en/part0/fundamentals_of_web_apps#traditional-web-applications"" rel=""noopener noreferrer nofollow"" target=""_blank"">Traditional web applications</a></li>
<li><a href=""https://fullstackopen.com/en/part0/fundamentals_of_web_apps#running-application-logic-on-the-browser"" rel=""noopener noreferrer nofollow"" target=""_blank"">Running application logic on the browser</a></li>
<li><a href=""https://fullstackopen.com/en/part0/fundamentals_of_web_apps#event-handlers-and-callback-functions"" rel=""noopener noreferrer nofollow"" target=""_blank"">Event handlers and Callback functions</a></li>
<li><a href=""https://fullstackopen.com/en/part0/fundamentals_of_web_apps#document-object-model-or-dom"" rel=""noopener noreferrer nofollow"" target=""_blank"">Document Object Model or DOM</a></li>
<li><a href=""https://fullstackopen.com/en/part0/fundamentals_of_web_apps#manipulating-the-document-object-from-console"" rel=""noopener noreferrer nofollow"" target=""_blank"">Manipulating the document-object from console</a></li>
<li><a href=""https://fullstackopen.com/en/part0/fundamentals_of_web_apps#css"" rel=""noopener noreferrer nofollow"" target=""_blank"">CSS</a></li>
<li><a href=""https://fullstackopen.com/en/part0/fundamentals_of_web_apps#loading-a-page-containing-java-script-revised"" rel=""noopener noreferrer nofollow"" target=""_blank"">Loading a page containing JavaScript - revised</a></li>
<li><a href=""https://fullstackopen.com/en/part0/fundamentals_of_web_apps#forms-and-http-post"" rel=""noopener noreferrer nofollow"" target=""_blank"">Forms and HTTP POST</a></li>
<li><a href=""https://fullstackopen.com/en/part0/fundamentals_of_web_apps#ajax"" rel=""noopener noreferrer nofollow"" target=""_blank"">AJAX</a></li>
<li><a href=""https://fullstackopen.com/en/part0/fundamentals_of_web_apps#single-page-app"" rel=""noopener noreferrer nofollow"" target=""_blank"">Single page app</a></li>
<li><a href=""https://fullstackopen.com/en/part0/fundamentals_of_web_apps#javascript-libraries"" rel=""noopener noreferrer nofollow"" target=""_blank"">Javascript-libraries</a></li>
<li><a href=""https://fullstackopen.com/en/part0/fundamentals_of_web_apps#full-stack-web-development"" rel=""noopener noreferrer nofollow"" target=""_blank"">Full stack -web development</a></li>
<li><a href=""https://fullstackopen.com/en/part0/fundamentals_of_web_apps#javascript-fatigue"" rel=""noopener noreferrer nofollow"" target=""_blank"">Javascript fatigue</a></li>
</ul></div>","['Learning Domain', 'Technical skills - Web Development', 'Lightcast Skills Taxonomy', 'Cascading Style Sheets (CSS) Skill', 'Web Development Skill', 'JavaScript (Programming Language) Skill']"
https://skills.yourlearning.ibm.com/activity/URL-EB0350DFBA28,web_development,eLearning,Build Your First Web Pages With HTML and CSS | OpenClassrooms,10 hrs,2933 learners have completed this activity in the past 12 months.,Average rating of 4.5 stars by 32 learners in the past 12 months.,32,"<h2 class=""FullPageDescription_title__WsNdH""><span dir=""ltr"" lang=""en"" translate=""yes"">About this learning activity</span></h2><div dir=""ltr"" lang=""en"" translate=""yes""><p>Are you interested in making web pages? Look no further! In this course, you will learn how to use <strong>HTML5 </strong>and <strong>CSS3</strong>, the two types of code upon which all websites are based.<br/><br/>
 You don't need to have any programming skills yet in order to take this course! HTML and CSS are great entry points to the world of code and are necessary languages for any developer or web designer to know. Create your page's content with HTML, and make it look great with CSS. You'll learn all about these two languages and how they work together to render all your favorite websites.<br/><br/>
 This course is presented by OpenClassrooms. You will need to register for a free account.<br/><br/><strong>Language</strong>: English, and some components are offered in French<br/><strong>Prerequisite</strong>: None<br/><strong>Learning outcomes</strong>:</p>
<ul>
<li>Build a first web page with HTML and CSS</li>
<li>Distinguish between HTML and CSS and identify their separate uses</li>
<li>Identify and apply correct syntax for common HTML elements</li>
<li>Explain how semantic HTML tags are used to structure a web page</li>
<li>Use tags and attributes to identify key information within a page</li>
<li>Identify and use correct CSS syntax</li>
<li>Apply CSS to HTML elements</li>
</ul>
<p><br/>
 After you complete this activity, return to this page to select <strong>Mark complete</strong> for completion credit.</p></div>","['Learning Domain', 'Workplace skills - Ways of working', 'Technical skills - Web Development', 'Learning Domain Primary', 'Professional skills', 'Lightcast Skills Taxonomy', 'Cascading Style Sheets (CSS) Skill', 'HTML5 Skill', 'HyperText Markup Language (HTML) Skill']"
https://skills.yourlearning.ibm.com/activity/URL-97241E9ADCC8,web_development,eLearning,Building Great Forms with HTML and CSS,6 hrs 59 mins,132 learners have completed this activity in the past 12 months.,Average rating of 4.5 stars by 4 learners in the past 12 months.,4,"<h2 class=""FullPageDescription_title__WsNdH""><span dir=""ltr"" lang=""en"" translate=""yes"">About this learning activity</span></h2><div dir=""ltr"" lang=""en"" translate=""yes""><p>While creating forms with HTML and CSS is a core web development skill, making great forms requires a lot more than the basics. Emily Kay brings her years of experience working with customers and developers to explain how to create forms people will find useful and even enjoyable. Learn how to set up a basic form and add buttons, toggle switches, date pickers, and more. Become well-versed in form-specific CSS techniques and tricks, and add JavaScript to catapult your forms to the next level. Emily takes you through four start-to-finish projects featuring the most popular types of web forms: login, booking, payment, and search forms. Plus, learn how to incorporate accessibility and form validation and build a post-submission success page to let users know their entries have been accepted.<br/><br/>Note: Usability and layout considerations differ based on device and platform. All of the forms built in this course work equally well on mobile devices and desktops as well as all of the modern browsers.<br/>Learning Objectives:</p><ul><li>Setting up a basic HTML form</li><li>GET and POST methods</li><li>Working with labels</li><li>Using the new input types and attributes</li><li>Creating buttons</li><li>Styling labels and inputs with CSS</li><li>Floating labels</li><li>Creating a login or registration form</li><li>Creating a booking form</li><li>Creating a payment form</li><li>Creating search forms</li><li>Creating cross-device and platform-friendly forms</li><li>Making sure forms are accessible</li><li>Validating form data</li><li>Creating a success page for form submission</li></ul><p>Instructor<br/><a href=""https://www.linkedin.com/learning/instructors/emily-kay"" rel=""noopener noreferrer nofollow"" target=""_blank"">Emily Kay </a><br/><a href=""https://www.linkedin.com/learning/instructors/emily-kay"" rel=""noopener noreferrer nofollow"" target=""_blank"">Web Developer and Graphic Designer </a></p></div>","['Learning Domain', 'Technical skills - Web Development', 'Lightcast Skills Taxonomy', 'JavaScript (Programming Language) Skill', 'HyperText Markup Language (HTML) Skill', 'Cascading Style Sheets (CSS) Skill', 'Usability Skill', 'Web Development Skill']"
https://skills.yourlearning.ibm.com/activity/URL-83CAB61424AC,web_development,eLearning,HTML: Images and Figures,1 hr 2 mins,130 learners have completed this activity in the past 12 months.,Average rating of 5 stars by 6 learners in the past 12 months.,6,"<h2 class=""FullPageDescription_title__WsNdH""><span dir=""ltr"" lang=""en"" translate=""yes"">About this learning activity</span></h2><div dir=""ltr"" lang=""en"" translate=""yes""><p>The web offers more and more ways to make your graphics accessible, reliably placed, and a smooth fit for a variety of different screens. It's not just IMG anymore. In this course, join J. David Eisenberg as he provides a comprehensive exploration of the many ways to present graphics on web pages. Learn about different image formats—including GIF, PNG, and JPEG—and discover how to adjust and style images using CSS. Plus, learn about the principles of responsive design, how to use the figure and figcaption elements to caption images, and more.<br/>Learning Objectives:</p><ul><li>Using the img element</li><li>Resizing images</li><li>Obtaining images for your website</li><li>Image formats and when to use them</li><li>Styling images with CSS</li><li>Adjusting borders, margins, and padding</li><li>Adding background images</li><li>Testing screen resolutions</li><li>Autonumbering figures with CSS</li></ul></div>","['Learning Domain', 'Technical skills - Web Development', 'Lightcast Skills Taxonomy', 'Cascading Style Sheets (CSS) Skill', 'HyperText Markup Language (HTML) Skill']"
https://skills.yourlearning.ibm.com/activity/URL-89AB147EE110,web_development,eLearning,Crafting Meaningful HTML,2 hrs 22 mins,69 learners have completed this activity in the past 12 months.,,,"<h2 class=""FullPageDescription_title__WsNdH""><span dir=""ltr"" lang=""en"" translate=""yes"">About this learning activity</span></h2><div dir=""ltr"" lang=""en"" translate=""yes"">HTML is a powerful tool kit that gives your code superpowers, if you choose to use them. Thanks to the built-in behaviors in HTML, you can reduce the amount of explicit code you need. Structure your documents so that they work well as well as look good, and you can make your content available to more people and more programs. In this course, Jen Kramer shows you how to craft semantic, meaningful HTML, demystifying essential HTML tags and attributes along the way. She helps you make sure your pages (including elements like navigation) are properly structured and sectioned, and shows how to use the language's unique features for representing quotes, figures, dates, and times.<br/>Learning Objectives:<ul><li>Structuring documents</li><li>Identifying headings and paragraphs</li><li>Adding semantic navigation</li><li>Working with ordered, unordered, and definition lists</li><li>Adding links and emphasized text</li><li>Adding images, quotes, and line breaks</li><li>Identifying semantic problems</li></ul>Instructor<br/>Jen Kramer<br/>Teaches web design and development</div>","['Learning Domain', 'Technical skills - Web Development', 'Lightcast Skills Taxonomy', 'HyperText Markup Language (HTML) Skill']"
https://skills.yourlearning.ibm.com/activity/URL-7802629F785A,web_development,eLearning,"HTML5: Structure, Syntax, and Semantics",3 hrs 34 mins,70 learners have completed this activity in the past 12 months.,Average rating of 4.5 stars by 11 learners in the past 12 months.,11,"<h2 class=""FullPageDescription_title__WsNdH""><span dir=""ltr"" lang=""en"" translate=""yes"">About this learning activity</span></h2><div dir=""ltr"" lang=""en"" translate=""yes""><p>Gain a deeper understanding of HTML5, and learn how to create richer, more meaningful webpages with HTML5 structural tags and enhanced semantic markup. In this course, senior author James Williamson presents an overview of HTML5, demystifies the language's new tags and attributes, and discusses how browsers parse and display HTML5 content. He'll help you make sure your pages (including elements like navigation) are properly structured and sectioned, and show how to use HTML5's unique features for representing quotes, figures, and dates and times. You'll also discover how to extend meaning and make content more accessible with comments, meta- and microdata, and ARIA roles—elements which lead to better experiences for website visitors and development colleagues alike.<br/>Learning Objectives:</p><ul><li>What are web semantics?</li><li>Understanding HTML5 content models</li><li>Supporting older browsers</li><li>Structuring and defining HTML5 documents</li><li>Using headings</li><li>Building navigation</li><li>Nesting and grouping content</li><li>Working with HTML5 lists</li><li>Defining link relationships</li><li>Writing comments</li><li>Working with meta tags</li><li>Using microdata</li></ul>Instructor<br/><a href=""https://www.linkedin.com/learning/instructors/james-williamson"" rel=""noopener noreferrer nofollow"" target=""_blank"">James Williamson </a><br/><a href=""https://www.linkedin.com/learning/instructors/james-williamson"" rel=""noopener noreferrer nofollow"" target=""_blank"">Adobe Certified Instructor </a></div>","['Learning Domain', 'Technical skills - Web Development', 'Lightcast Skills Taxonomy', 'HTML5 Skill']"
https://skills.yourlearning.ibm.com/activity/URL-CF870460EAE5,web_development,eLearning,Learning Web Audio and Video with HTML and CSS,1 hr 29 mins,117 learners have completed this activity in the past 12 months.,Average rating of 5 stars by 3 learners in the past 12 months.,3,"<h2 class=""FullPageDescription_title__WsNdH""><span dir=""ltr"" lang=""en"" translate=""yes"">About this learning activity</span></h2><div dir=""ltr"" lang=""en"" translate=""yes""><p>Need to share video or audio on your sites, but dropping it on YouTube or a podcasting engine isn't an option? Native web technologies—HTML, CSS, and JavaScript—provide direct support for audio and video, letting you incorporate media and fully customize the playback experience. This introductory course with instructor Joseph Labrecque helps you build interactive audio and video into your websites and applications. First review the basics of HTML5 media elements and their attributes. Then discover how to embed media, support fallbacks, and adjust size, volume, and other important settings. Next, learn how to customize interfaces to standardize the look and functionality of your player across different browsers. Plus, find out how to make the user experience fully interactive with the HTML5 Media API.<br/>Learning Objectives:</p><ul><li>Linking to media</li><li>Embedding media</li><li>Modifying your document for audio and video</li><li>Specifying audio sources</li><li>Specifying video height and width</li><li>Ensuring accessibility</li><li>Creating playback controls</li><li>Styling playback controls</li><li>Working with the HTML5 Media API</li></ul><p>Instructor<br/><a href=""https://www.linkedin.com/learning/instructors/joseph-labrecque"" rel=""noopener noreferrer nofollow"" target=""_blank"">Joseph Labrecque </a><br/><a href=""https://www.linkedin.com/learning/instructors/joseph-labrecque"" rel=""noopener noreferrer nofollow"" target=""_blank"">Senior Interactive Software Engineer, Adobe Educator, Studio Head </a></p></div>","['Learning Domain', 'Technical skills - Web Development', 'Lightcast Skills Taxonomy', 'Cascading Style Sheets (CSS) Skill', 'HTML5 Skill', 'Application Programming Interface (API) Skill', 'Software Engineering Skill', 'HyperText Markup Language (HTML) Skill']"
https://skills.yourlearning.ibm.com/activity/URL-9B69362DAD33,web_development,eLearning,HTML and CSS,4 hrs 28 mins,415 learners have completed this activity in the past 12 months.,Average rating of 4 stars by 60 learners in the past 12 months.,60,"<h2 class=""FullPageDescription_title__WsNdH""><span dir=""ltr"" lang=""en"" translate=""yes"">About this learning activity</span></h2><div dir=""ltr"" lang=""en"" translate=""yes""><p>Cascading Style Sheets (CSS) is a stylesheet language that allows you to control the appearance of your webpages. In this hands-on course, Christina Truong demonstrates the concepts that form the foundation of CSS, explaining what you need to know to tweak existing CSS and write your own. Christina explains how to add colors and other design elements to take your webpages beyond just black text on a white background. She shows how to use selectors, how the box model defines the spacing and sizing of page elements, and how to style text and manage basic layouts with Flexbox and Grid. She also covers working with advanced selectors, creating fluid layouts, and determining when to use the float and position properties. Plus, at the end of the course, you'll walk away with an actual project—an online résumé page.<br/>Learning Objectives:</p><ul><li>Writing basic selectors</li><li>Setting properties</li><li>Cascade and inheritance</li><li>Setting a font family, font size, text color, and more</li><li>Working with the box model</li><li>Leveraging Grid and Flexbox</li><li>Using the float and position properties</li><li>Working with advanced selectors</li><li>Creating fluid layouts</li></ul><p>Instructor<br/><a href=""https://www.linkedin.com/learning/instructors/christina-truong"" rel=""noopener noreferrer nofollow"" target=""_blank"">Christina Truong </a><br/><a href=""https://www.linkedin.com/learning/instructors/christina-truong"" rel=""noopener noreferrer nofollow"" target=""_blank"">Educator, Front-End Developer </a></p></div>","['Learning Domain', 'Technical skills - Web Development', 'Lightcast Skills Taxonomy', 'Front End (Software Engineering) Skill', 'Cascading Style Sheets (CSS) Skill', 'HyperText Markup Language (HTML) Skill']"
https://skills.yourlearning.ibm.com/activity/URL-E50C4767C428,web_development,eLearning,HTML: Structured Semantic Data,1 hr 34 mins,89 learners have completed this activity in the past 12 months.,Average rating of 4.5 stars by 4 learners in the past 12 months.,4,"<h2 class=""FullPageDescription_title__WsNdH""><span dir=""ltr"" lang=""en"" translate=""yes"">About this learning activity</span></h2><div dir=""ltr"" lang=""en"" translate=""yes""><p>Web development focuses on creating highly visual content, but many crawlers ignore the layouts and imagery that give human readers context. To aid Google Search and other bots, you can use structured semantic data. This invisible but critical metadata determines how your sites appear online and can help boost your search rankings. In this course, Jen Kramer shows how to add data structured for machine readers to pages also intended for humans. Learn how to describe content in schemas, use meta tags, and leverage tools like the Structured Data Markup Helper and Structured Data Testing Tool—both from Google—to add microdata and JSON-LD code to your pages. In chapter three, Jen provides several structured data examples as well as a challenge to test your ability to provide rich search results.<br/>Learning Objectives:</p><ul><li>Describing elements with schemas</li><li>Embedding schemas in schemas</li><li>Using the Structured Data Markup Helper</li><li>Making up a document with microdata</li><li>Making up a document with JSON-LD</li><li>Testing your structured markup</li></ul><p>Instructor<br/><a href=""https://www.linkedin.com/learning/instructors/jen-kramer"" rel=""noopener noreferrer nofollow"" target=""_blank"">Jen Kramer </a><br/><a href=""https://www.linkedin.com/learning/instructors/jen-kramer"" rel=""noopener noreferrer nofollow"" target=""_blank"">Teaches web design and development </a></p></div>","['Learning Domain', 'Technical skills - Web Development', 'Technical skills - Data', 'Lightcast Skills Taxonomy', 'HyperText Markup Language (HTML) Skill', 'Web Development Skill']"
https://skills.yourlearning.ibm.com/activity/URL-5688B3E29193,web_development,eLearning,HTML & CSS: Creating Forms,2 hrs 30 mins,120 learners have completed this activity in the past 12 months.,Average rating of 4.5 stars by 6 learners in the past 12 months.,6,"<h2 class=""FullPageDescription_title__WsNdH""><span dir=""ltr"" lang=""en"" translate=""yes"">About this learning activity</span></h2><div dir=""ltr"" lang=""en"" translate=""yes""><p>Forms are a major component of modern websites, used to collect user data, conduct polls, and more. While you can use a form builder, they're relatively simple to build from scratch with basic web technologies: HTML and CSS. In this course, Clarissa Peterson demonstrates best practices for creating and styling web forms that are easy to complete and accessible to all users and devices. Learn proper use of form fields, including the new HTML5 input types, and discover how to add interactivity such as form validation, style forms with CSS, create responsive layouts, add interactivity such as form validation, and design forms for usability <em>and</em> accessibility.<br/>Learning Objectives:</p><ul><li>How users interact with forms</li><li>Designing forms that are easy to use</li><li>Following data privacy laws when collecting information</li><li>Choosing which HTML input types to use</li><li>Adding buttons</li><li>Adding interactive validation</li><li>Styling form fields with CSS</li><li>Using positioning and flexbox to create responsive form layouts</li></ul><p>Instructor<br/><a href=""https://www.linkedin.com/learning/instructors/clarissa-peterson-2"" rel=""noopener noreferrer nofollow"" target=""_blank"">Clarissa Peterson </a><br/><a href=""https://www.linkedin.com/learning/instructors/clarissa-peterson-2"" rel=""noopener noreferrer nofollow"" target=""_blank"">Developer, Author, and Speaker, specializing in UX and design strategy </a></p></div>","['Learning Domain', 'Technical skills - Web Development', 'Lightcast Skills Taxonomy', 'HyperText Markup Language (HTML) Skill', 'Cascading Style Sheets (CSS) Skill', 'HTML5 Skill', 'Usability Skill', 'User Experience (UX) Skill']"
https://skills.yourlearning.ibm.com/activity/MDL-265,web_development,eLearning,Website Testing and Deployment,2 hrs 10 mins,39114 learners have completed this activity in the past 12 months.,Average rating of 4.5 stars by 650 learners in the past 12 months.,650,"<h2 class=""FullPageDescription_title__WsNdH""><span dir=""ltr"" lang=""en"" translate=""yes"">About this learning activity</span></h2><div dir=""ltr"" lang=""en"" translate=""yes"">In this course, you will explore how developers thoroughly test website code before enabling public access to their sites. You’ll discover how teams use version control systems to speed up the delivery of new features and functionality to their users. And you’ll learn about the tools and processes developers use to streamline and simplify the deployment of their websites to their servers or the cloud.<br/><br/><strong>What you’ll learn</strong><br/>After completing this course, you should be able to:<ul><li>Identify different types of website testing and the areas to test</li><li>Describe the advantages of automated testing</li><li>Explain version control systems for web development</li><li>Identify the steps to publish a website</li><li>Differentiate between continuous delivery and continuous deployment</li><li>Describe the purpose, benefits, and workflow process in the DevOps lifecycle</li><li>Describe responsive design and its importance</li><li>Explain delivering web content as a website and delivering web content in a web application</li><li>Differentiate between containers and virtual machines</li><li>Identify methods and common tools to test and automate the deployment of websites</li><li>Explain cloud computing for web development and deployment</li><li>Explain containerization for website development and deployment</li></ul></div>","['Badge Learning', 'Web Development Fundamentals', 'Learning Domain', 'Technical skills - Web Development', 'Lightcast Skills Taxonomy', 'DevOps Skill', 'Web Development Skill', 'Workflow Management Skill']"
https://skills.yourlearning.ibm.com/activity/MDL-266,web_development,eLearning,Develop an Interactive Task List Web Page,1 hr 50 mins,21916 learners have completed this activity in the past 12 months.,Average rating of 4.5 stars by 424 learners in the past 12 months.,424,"<h2 class=""FullPageDescription_title__WsNdH""><span dir=""ltr"" lang=""en"" translate=""yes"">About this learning activity</span></h2><div dir=""ltr"" lang=""en"" translate=""yes"">In this course, you’ll practice building an interactive task list web page in a series of simulations. You’ll develop code files that lay out the structure of a web page with HTML, add styles with CSS, develop interactions with JavaScript, and then test that your web page functions as expected.<br/><br/><strong>What you’ll learn</strong><br/>After completing this course, you should be able to:<ul><li>Identify the tools and skills to develop a web page</li><li>Review requirements and a wireframe diagram to help inform web development</li><li>Use Visual Studio Code (VS Code) as an integrated development environment (IDE) tool to set up project files and develop a web page</li><li>Create a basic HTML structure to lay out a web page</li><li>Use CSS to add styles to a web page</li><li>Use JavaScript to create interactive elements on a web page   </li><li>Perform a simple functional test on a web page</li></ul></div>","['Badge Learning', 'Web Development Fundamentals', 'Learning Domain', 'Technical skills - Web Development', 'Lightcast Skills Taxonomy', 'Cascading Style Sheets (CSS) Skill', 'HyperText Markup Language (HTML) Skill', 'JavaScript (Programming Language) Skill', 'Wireframing Skill']"
https://skills.yourlearning.ibm.com/activity/MDL-262,web_development,eLearning,Developing Sites for the Web,1 hr 40 mins,45766 learners have completed this activity in the past 12 months.,Average rating of 4.5 stars by 969 learners in the past 12 months.,969,"<h2 class=""FullPageDescription_title__WsNdH""><span dir=""ltr"" lang=""en"" translate=""yes"">About this learning activity</span></h2><div dir=""ltr"" lang=""en"" translate=""yes"">In this course, you’ll learn how web developers create websites. You will learn about common web development languages including HTML, CSS, and JavaScript, and how they have evolved. You will also learn about the software development lifecycle and ways that an agile approach improves web development.<br/><br/><strong>What you’ll learn</strong><br/>After completing this course, you should be able to:<ul><li>Identify the purpose of web browsers</li><li>Describe markup languages and the challenges they can overcome</li><li>Explain the structure, functions, and evolution of HTML</li><li>Identify improvements that HTML5 introduced</li><li>Explain the features and functions of CSS</li><li>Explain the features and functions of JavaScript</li><li>Identify the ways JavaScript interacts with CSS and HTML</li><li>Identify phases in the software development lifecycle (SDLC)</li><li>Differentiate between waterfall and agile approaches to development</li><li>Highlight the scrum framework</li></ul></div>","['Badge Learning', 'Web Development Fundamentals', 'Learning Domain', 'Technical skills - Web Development', 'Lightcast Skills Taxonomy', 'Cascading Style Sheets (CSS) Skill', 'HyperText Markup Language (HTML) Skill', 'Scrum (Software Development) Skill', 'Software Development Life Cycle Skill', 'JavaScript (Programming Language) Skill', 'Systems Development Life Cycle Skill', 'Agile Methodology Skill', 'HTML5 Skill']"
https://skills.yourlearning.ibm.com/activity/MDL-263,web_development,eLearning,Introduction to HTML and CSS,2 hrs,42690 learners have completed this activity in the past 12 months.,Average rating of 4.5 stars by 808 learners in the past 12 months.,808,"<h2 class=""FullPageDescription_title__WsNdH""><span dir=""ltr"" lang=""en"" translate=""yes"">About this learning activity</span></h2><div dir=""ltr"" lang=""en"" translate=""yes"">In this course, you will learn about the basic structure of an HTML document and common elements to build a web page. You’ll explore HTML attributes and understand the importance of organizing information. In addition, you will gain insight into CSS and explore the CSS box model. Finally, you will learn about the best practices web developers use for writing HTML and CSS.<br/><br/><strong>What you’ll learn</strong><br/>After completing this course, you should be able to:<ul><li>Describe how web developers use HTML elements to build a web page</li><li>Identify and explain common HTML elements</li><li>Define HTML attributes and uses</li><li>Identify and explain common attributes</li><li>Identify coding organization techniques that benefit web developers and users</li><li>Describe methods and techniques to apply CSS to HTML</li><li>Describe the CSS box model and the components of CSS boxes</li><li>Describe best practices for writing HTML and CSS</li><li>Describe key features of an integrated development environment (IDE) that help improve workflow for web developers</li></ul></div>","['Badge Learning', 'Web Development Fundamentals', 'Learning Domain', 'Technical skills - Web Development', 'Lightcast Skills Taxonomy', 'Cascading Style Sheets (CSS) Skill', 'HyperText Markup Language (HTML) Skill', 'Workflow Management Skill']"
https://skills.yourlearning.ibm.com/activity/URL-A61FF30025B4,web_development,Document,Equal Access Toolkit by IBM,30 mins,263 learners have completed this activity in the past 12 months.,,,"<h2 class=""FullPageDescription_title__WsNdH""><span dir=""ltr"" lang=""en"" translate=""yes"">About this learning activity</span></h2><div dir=""ltr"" lang=""en"" translate=""yes""><strong>Design, build, and test like an accessibility expert.</strong> This Toolkit is designed to inspire and guide you as you imagine and build delightful and inclusive experiences.<br/><br/>Although nearly <a href=""https://www.cdc.gov/ncbddd/disabilityandhealth/infographic-disability-impacts-all.html"" rel=""noopener noreferrer nofollow"" target=""_blank"">1 in 4 adults</a> in the U.S. face some type of disability, an industry sample has found that in 2020 <a href=""https://webaim.org/projects/million/#facts"" rel=""noopener noreferrer nofollow"" target=""_blank"">over 98 percent of home pages</a> had a detectable accessibility error. Accessibility can be forgotten or left until too late in the process when it is difficult to retrofit the site or application. Knowledge, discipline, and tools are all essential to building in accessibility throughout a development process.<br/>That's why IBM created an open source offering and design toolkit that give designers and developers the tools they need to make their websites and applications accessible.<br/><a href=""https://www.ibm.com/able/"" rel=""noopener noreferrer nofollow"" target=""_blank"">The Equal Access Toolkit and Checker</a> are tools for developers and testers to use to embed accessibility directly into their workflow.<ul><li>The <a href=""https://www.ibm.com/able/toolkit/"" rel=""noopener noreferrer nofollow"" target=""_blank"">IBM Equal Access Toolkit</a> is a public set of guidelines that deliver phase-based guidance about accessibility to all members of a team creating an enterprise offering.</li><li>The <a href=""https://www.ibm.com/able/toolkit/tools/"" rel=""noopener noreferrer nofollow"" target=""_blank"">Accessibility Checker</a> is part of an open suite of automation tools. It is a browser extension that allows developers or auditors to evaluate a web-based component or solution for accessibility issues.</li></ul>Specifically the project offers:<ul><li>Clear guidance on what’s needed at each stage of development, from initial research through planning, design, development, verification and launch.</li><li>A prioritized breakdown of accessibility requirements at each stage</li><li>Test automation</li><li>Browser-based accessibility checking with powerful navigation and built-in help that supports learning exactly the right information, at exactly the right time</li></ul>Ensuring all team members are responsible for accessibility<br/>All of the tools are built on the same rules engine that is kept up to date to meet the latest accessibility standards and share guidance elements so that all team members can be responsible for accessibility. Each guideline comes in bite-sized snippets to highlight where team members should focus their attention and get the most value at the most efficient pace.<br/>The toolkit enables product teams to create accessible tools along the way without the need for an accessibility expert or formal education. At the same time, designers and developers can fill in gaps as they go without a loss of continuity.</div>","['Learning Domain', 'Technical skills - IT Project Management', 'Lightcast Skills Taxonomy', 'Workflow Management Skill', 'Automation Skill', 'Planning Skill', 'Auditing Skill', 'Research Skill']"
https://skills.yourlearning.ibm.com/activity/MDL-264,web_development,eLearning,Bringing Websites to Life with JavaScript,2 hrs,40882 learners have completed this activity in the past 12 months.,Average rating of 4.5 stars by 611 learners in the past 12 months.,611,"<h2 class=""FullPageDescription_title__WsNdH""><span dir=""ltr"" lang=""en"" translate=""yes"">About this learning activity</span></h2><div dir=""ltr"" lang=""en"" translate=""yes"">In this course, you’ll learn how web developers use JavaScript with HTML to create dynamic websites. You’ll examine JavaScript syntax and how variables, functions, expressions, and events operate in JavaScript code. You’ll explore how web developers use data in websites and MySQL code to work with the data. You’ll also learn about Node.js and the advantages of using frameworks and libraries.<br/><br/><strong>What you’ll learn</strong><br/>After completing this course, you should be able to:<ul><li>Explain JavaScript syntax</li><li>Identify techniques web developers use to include JavaScript in HTML</li><li>Compare and contrast different programming models</li><li>Explain how to use code objects</li><li>Explain how variables, functions, expressions, operators, and events operate in JavaScript code for dynamic websites</li><li>Define common types of data</li><li>Identify the four primary database functions</li><li>Recognize simple MySQL syntax to create a database and work with data</li><li>Explain the purpose and function of Node.js</li></ul><br/><strong>Prerequisites</strong><br/>Before starting this course, you will need knowledge of:<ul><li>The basic functions of a computer and the layers of computer architecture</li><li>The structure of HTML, CSS, and JavaScript</li></ul><br/>You can gain this knowledge by completing the <em>Web Development Basics</em> and <em>Developing Sites for the Web</em> courses in the <strong>Web Development Fundamentals</strong> learning plan.</div>","['Badge Learning', 'Web Development Fundamentals', 'Learning Domain', 'Technical skills - Web Development', 'Lightcast Skills Taxonomy', 'Cascading Style Sheets (CSS) Skill', 'HyperText Markup Language (HTML) Skill', 'JavaScript (Programming Language) Skill', 'Web Development Skill']"
https://skills.yourlearning.ibm.com/activity/MDL-375,web_development,eLearning,Working Collaboratively with Teams on UX Design Projects,1 hr 30 mins,4119 learners have completed this activity in the past 12 months.,Average rating of 4 stars by 56 learners in the past 12 months.,56,"<h2 class=""FullPageDescription_title__WsNdH""><span dir=""ltr"" lang=""en"" translate=""yes"">About this learning activity</span></h2><div dir=""ltr"" lang=""en"" translate=""yes""><p>Effective collaboration with teams and stakeholders is key to successful UX design projects. In this course, you’ll learn about cross-functional teams and their benefits. You’ll discover the different roles on a UX design project team and the best practices to effectively collaborate with them. You’ll identify the project team’s role in making the user experience (UX) design adaptable to coding, including handing off design artifacts for development. Furthermore, you’ll learn how UX designers review a developed product. Finally, you’ll review an example case study that shows the project team members, their methods to collaborate, the design artifacts to be handed off, and the final review’s feedback for the UX design project of a plant-selling e-commerce website.<br/><br/> </p><p><strong>What you’ll learn</strong><br/>After completing this course, you should be able to:<br/> </p><ul><li>Describe a cross-functional team and its benefits</li><li>Differentiate between the roles on a UX design project team</li><li>Explain the best practices to communicate and collaborate effectively as a UX design project team</li><li>Explain a developer’s role through the overall stages of a UX design project</li><li>Recognize the significance of communication between the design and development teams</li><li>Describe the design artifacts to hand off for development</li><li>Explain the importance and criteria for reviewing and testing a developed digital product</li><li>Explain the project standards and guidelines to document for a UX design project</li><li>Describe the important considerations to properly manage files and versions</li><li>Review an example UX design case study to make conclusions about listing the project team members for the project, identifying the ways to collaborate and the design artifacts to hand off to the development team, and reviewing the final digital product</li></ul></div>","['Badge Learning', 'User Experience Design Fundamentals', 'Learning Domain', 'Technical skills - User experience design (UX Design)', 'Learning Domain Primary', 'UX design']"
https://skills.yourlearning.ibm.com/activity/PLAN-3749C72117E2,web_development,Learning Plan,User Experience Design Fundamentals (Earn a credential!),About 12 hours,2294 learners have completed this activity in the past 12 months.,Average rating of 4.5 stars by 234 learners in the past 12 months.,234,"<div dir=""ltr"" lang=""en"" translate=""yes""><p>Are you passionate about creating exceptional user experiences? UX design is a dynamic and in-demand field that focuses on crafting digital products that are intuitive, user-friendly, and visually appealing. Learn about design concepts and the UX design process, from conducting research to creating wireframes and prototypes to conducting usability tests and implementing feedback. Through an example UX design case study, apply your learning of UX design principles and practices. Finish by gathering tips and resources that can help you launch a great career in UX Design. <br/><br/>
 Complete the following required courses to earn an industry-recognized IBM SkillsBuild digital credential called <strong>User Experience Design Fundamentals</strong>:<strong> </strong></p>
<ol>
<li>Introduction to UX Design</li>
<li>Conducting UX Research</li>
<li>Building a Story-based Design</li>
<li>Wireframing and Prototyping</li>
<li>Conducting Usability Tests and Gathering Feedback</li>
<li>Working Collaboratively with Teams on UX Design Projects</li>
<li>Your Future in UX Design: The Job Landscape </li>
</ol>
<p><br/><strong>What you’ll learn</strong> <br/>
 After completing <i>User Experience Design Fundamentals</i>, you should be able to:</p>
<ul>
<li>Explain user experience (UX) design and the qualities required to be a great UX designer</li>
<li>Identify the methods and techniques to conduct UX research and create user personas</li>
<li>Explain the value and process to create user stories, user journeys, and user flows, and solution sketches</li>
<li>Differentiate between information architecture (IA) and a site map</li>
<li>Explain the purpose and application of the different fidelities of wireframes</li>
<li>Explain the value and techniques of prototyping</li>
<li>Explain the goals, essential elements, and process to conduct usability tests and incorporate feedback to improve and finalize UX designs</li>
<li>Identify the roles on a UX design project team and explain the benefits of working on a cross-functional team</li>
<li>Identify the design artifacts to hand off for development</li>
<li>Review an example UX design case study for a website redesign project to make conclusions about applying UX design principles and techniques</li>
<li>Recognize the job market, responsibilities, and skill sets of roles in the UX design field, and resources and learning opportunities to explore</li>
</ul>
<p>  <br/>
 The knowledge and skills in these courses build on each other, so SkillsBuild recommends that you complete the courses in the order in which they are presented. <br/><br/><strong>Language:</strong> English, Brazilian Portuguese, French, Spanish<br/>
   <br/>
 Select <strong>Enroll </strong>to enroll in this learning plan and get started!</p></div>","['Badge Learning', '000 All digital credentials', 'User Experience Design Fundamentals', 'Learning Domain', 'Technical skills - User experience design (UX Design)', 'Learning Domain Primary', 'UX design']"
https://skills.yourlearning.ibm.com/credential/CREDLY-ce744ad1-ca21-498e-a9ea-8c01f792977d,web_development,Digital Credential,Web Development Fundamentals,Hours,44569 learners have earned this digital credential.,,,"<h2 class=""FullPageDescription_title__WsNdH""><span dir=""ltr"" lang=""en"" translate=""yes"">About this digital credential</span></h2><div dir=""ltr"" lang=""en"" translate=""yes""><p>This credential earner demonstrates knowledge of web development concepts, processes to develop, deploy, and test websites, and the tools and programming languages that web developers use. The individual has a conceptual understanding of how to develop an interactive website using HTML, CSS, and JavaScript in a simulated integrated development environment (IDE). The earner is aware of the job outlook in web development and is familiar with the skills required for success in various roles.</p>
<p> </p>
<p><strong>Complete the learning here:</strong> <a href=""https://skills.yourlearning.ibm.com/activity/PLAN-8749C02A78EC"" rel=""noopener noreferrer nofollow"" target=""_blank"">Web Development Fundamentals</a></p>
<p> </p>
<p><strong>Languages:</strong> English, Arabic, Brazilian Portuguese, French, Spanish</p></div>","['Fundamentals', 'All Fundamentals']"
https://skills.yourlearning.ibm.com/credential/CREDLY-7a6704ec-591e-4b92-8be7-0cb7ad97bae0,web_development,Digital Credential,IBM SkillsBuild Software Engineering for Web Developers Certificate,Months,,,,"<h2 class=""FullPageDescription_title__WsNdH""><span dir=""ltr"" lang=""en"" translate=""yes"">About this digital credential</span></h2><div dir=""ltr"" lang=""en"" translate=""yes""><p>This credential earner has advanced web development skills and is proficient in HTML, CSS, JavaScript, Node.js, React.js, and MVC. The individual can build interactive web pages, integrate with MySQL and MongoDB, implement testing, and use cloud technologies for development and deployment. Through this curriculum, assessments, and experiential learning, the earner has developed workplace and career management skills and industry knowledge, preparing for a web developer career across industries.</p></div>",[]
https://skills.yourlearning.ibm.com/channel/CNL_LCB_1616447372894,web_development,Channel,Web Development: Introduction to Programming,,,,"1,250","<div dir=""ltr"" lang=""en"" translate=""yes"">Web development is the practice of developing websites and web apps that live on the internet. It is a growing field with great career trajectory. Explore these learning activities to learn the basics about programming, understand its applications, try your hand at it, and perhaps consider a career in web development.
<br/>
<br/>
You have the option to complete the <strong>Web Development Fundamentals</strong> courses to earn an IBM-recognized digital credential!</div>",[]
https://skills.yourlearning.ibm.com/channel/CNL_LCB_1616526732054,web_development,Channel,Web Development: Learn HTML,,,,"1,250","<div dir=""ltr"" lang=""en"" translate=""yes"">Every web developer must have an understanding of HTML, CSS, and JavaScript. Let's focus on <strong>HTML</strong>. HTML stands for Hypertext Markup Language. It is the standard markup language for creating web pages. HTML is the beginning of everything you need to know to create engaging web pages!
<br/>
<br/>
Explore these learning activities to learn the basics of HTML and get some practice so you can become skilled in HTML programming.
<br/>
<br/>
You have the option to complete the <strong>Web Development Fundamentals</strong> courses to earn an IBM-recognized digital credential!</div>",[]
https://skills.yourlearning.ibm.com/channel/CNL_LCB_1616451613577,web_development,Channel,Web Development: Learn Cascading Style Sheets (CSS),,,,"1,250","<div dir=""ltr"" lang=""en"" translate=""yes"">Every web developer must have an understanding of HTML, CSS, and JavaScript. Let's focus on <strong>CSS</strong>. CSS stands for Cascading Style Sheets. It is a programming language used to style a web page. CSS describes how the HTML elements should display on screen, paper, or in other media. CSS saves a lot of work because it can control the layout of multiple web pages, all at once.
<br/>
<br/>
Explore these learning activities to learn the basics of CSS and get some practice so you can become skilled in using CSS to style web pages.
<br/>
<br/>
You have the option to complete the <strong>Web Development Fundamentals</strong> courses to earn an IBM-recognized digital credential!</div>",[]
https://skills.yourlearning.ibm.com/channel/CNL_LCB_1616532512410,web_development,Channel,Web Development: Learn JavaScript,,,,"1,250","<div dir=""ltr"" lang=""en"" translate=""yes"">Every web developer must have an understanding of HTML, CSS, and JavaScript. Let's focus on <strong>JavaScript</strong>. JavaScript is the world's most popular programming language. It is among the most powerful and flexible programming languages of the web. It powers the dynamic behavior on most websites.
<br/>
<br/>
Explore these learning activities to learn the basics of JavaScript and get some practice so you can become skilled in JavaScript programming.
<br/>
<br/>
You have the option to complete the <strong>Web Development Fundamentals</strong> courses to earn an IBM-recognized digital credential!</div>",[]
https://skills.yourlearning.ibm.com/channel/CNL_LCB_1616516409884,web_development,Channel,Web Development: Learn GitHub,,,,"1,250","<div dir=""ltr"" lang=""en"" translate=""yes"">GitHub is where millions of developers shape the future of software, together. It offers a cloud-based Git repository hosting service as well as version control. Explore these learning activities to get started with GitHub, understand its value to programmers, and build your skills as a GitHub user. 
<br/>
<br/>
 You have the option to complete the <strong>Web Development Fundamentals</strong> courses to earn an IBM-recognized digital credential!</div>",[]
https://skills.yourlearning.ibm.com/channel/CNL_REC_TOPIC-WEB_DEVELOPMENT,web_development,Channel,Essential skills: Web development recommendations,,,,"2,171","<div dir=""ltr"" lang=""en"" translate=""yes""><p>These recommendations are generated with Watson for the Essential skills: Web development interest area. People with a similar learning history or demographic profile tended to take these activities from this interest area.</p></div>",[]
https://skills.yourlearning.ibm.com/channel/CNL_LCB_1589555668999,web_development,Channel,PURPL UNICORN - Introduction to Secure Coding,,,,,"<div dir=""ltr"" lang=""en"" translate=""yes""><p>This is an introduction to Software Development, complete these activities to build your skills and understand what’s required to be a web developer. Get a start in Secure coding practice.</p></div>",[]
https://skills.yourlearning.ibm.com/channel/CNL_LCB_1591373775528,web_development,Channel,Career Exploration Ideas,,,,24,"<div dir=""ltr"" lang=""en"" translate=""yes""><p>This collection of learning activities is designed to help if you are thinking about your future and want to explore ideas about different careers that are in demand, such as those related to web development, data analysis, artificial intelligence (AI), blockchain, cybersecurity, and more. They provide high level information about various roles, skills needed, how to start in the field, and people's experiences in the work environment.</p></div>",[]
